ISO-10303-21;
HEADER;
FILE_DESCRIPTION (( 'STEP AP214' ),
    '1' );
FILE_NAME ('baseplate.STEP',
    '2026-09-03T01:19:19',
    ( '' ),
    ( '' ),
    'SwSTEP 2.0',
    'SolidWorks 2025',
    '' );
FILE_SCHEMA (( 'AUTOMOTIVE_DESIGN' ));
ENDSEC;

DATA;
#1 = CARTESIAN_POINT ( 'NONE',  ( 280.1999999999999886, -5.400000000000014566, 0.000000000000000000 ) ) ;
#2 = CARTESIAN_POINT ( 'NONE',  ( 313.3000000000000682, -45.39999999999999147, 6.349999999999999645 ) ) ;
#3 = ORIENTED_EDGE ( 'NONE', *, *, #6536, .F. ) ;
#4 = VERTEX_POINT ( 'NONE', #6886 ) ;
#5 = CARTESIAN_POINT ( 'NONE',  ( 270.1999999999999886, 5.399999999999998579, 6.349999999999999645 ) ) ;
#6 = ORIENTED_EDGE ( 'NONE', *, *, #8854, .T. ) ;
#7 = CARTESIAN_POINT ( 'NONE',  ( 61.75000000000000000, -20.00000000000003197, 0.000000000000000000 ) ) ;
#8 = CARTESIAN_POINT ( 'NONE',  ( 240.2000000000001023, -45.40000000000003411, 6.349999999999999645 ) ) ;
#9 = DIRECTION ( 'NONE',  ( 6.938893903907227392E-16, -1.000000000000000000, 0.000000000000000000 ) ) ;
#10 = FACE_OUTER_BOUND ( 'NONE', #3828, .T. ) ;
#11 = VERTEX_POINT ( 'NONE', #1849 ) ;
#12 = FACE_OUTER_BOUND ( 'NONE', #3067, .T. ) ;
#13 = VERTEX_POINT ( 'NONE', #9373 ) ;
#14 = EDGE_CURVE ( 'NONE', #8521, #2840, #8540, .T. ) ;
#15 = ORIENTED_EDGE ( 'NONE', *, *, #8611, .T. ) ;
#16 = DIRECTION ( 'NONE',  ( -0.000000000000000000, -0.000000000000000000, -1.000000000000000000 ) ) ;
#17 = ORIENTED_EDGE ( 'NONE', *, *, #2011, .T. ) ;
#18 = DIRECTION ( 'NONE',  ( 0.000000000000000000, 0.000000000000000000, 1.000000000000000000 ) ) ;
#19 = DIRECTION ( 'NONE',  ( -1.000000000000000000, 0.000000000000000000, 0.000000000000000000 ) ) ;
#20 = CARTESIAN_POINT ( 'NONE',  ( 213.3000000000000966, -32.05000000000007532, 6.349999999999999645 ) ) ;
#21 = DIRECTION ( 'NONE',  ( 0.000000000000000000, 0.000000000000000000, 1.000000000000000000 ) ) ;
#22 = ORIENTED_EDGE ( 'NONE', *, *, #8202, .T. ) ;
#23 = EDGE_CURVE ( 'NONE', #8956, #6444, #5290, .T. ) ;
#24 = DIRECTION ( 'NONE',  ( 1.000000000000000000, 0.000000000000000000, 0.000000000000000000 ) ) ;
#25 = ORIENTED_EDGE ( 'NONE', *, *, #6165, .F. ) ;
#26 = LINE ( 'NONE', #3531, #6311 ) ;
#27 = CARTESIAN_POINT ( 'NONE',  ( 90.20000000000008811, 32.05000000000005400, 0.000000000000000000 ) ) ;
#28 = DIRECTION ( 'NONE',  ( -1.000000000000000000, 0.000000000000000000, 0.000000000000000000 ) ) ;
#29 = ORIENTED_EDGE ( 'NONE', *, *, #8791, .F. ) ;
#30 = CARTESIAN_POINT ( 'NONE',  ( 250.2000000000001023, -5.400000000000034994, 6.349999999999999645 ) ) ;
#31 = VECTOR ( 'NONE', #6082, 1000.000000000000000 ) ;
#32 = CARTESIAN_POINT ( 'NONE',  ( 71.75000000000008527, 32.05000000000005400, 6.349999999999999645 ) ) ;
#33 = CARTESIAN_POINT ( 'NONE',  ( 161.7499999999999716, 20.00000000000000355, 6.349999999999999645 ) ) ;
#34 = ORIENTED_EDGE ( 'NONE', *, *, #246, .T. ) ;
#35 = EDGE_CURVE ( 'NONE', #7654, #6009, #5289, .T. ) ;
#36 = DIRECTION ( 'NONE',  ( 0.000000000000000000, 0.000000000000000000, 1.000000000000000000 ) ) ;
#37 = ORIENTED_EDGE ( 'NONE', *, *, #4385, .F. ) ;
#38 = ORIENTED_EDGE ( 'NONE', *, *, #10124, .T. ) ;
#39 = CARTESIAN_POINT ( 'NONE',  ( 230.2000000000000739, -5.400000000000050981, 6.349999999999999645 ) ) ;
#40 = AXIS2_PLACEMENT_3D ( 'NONE', #6531, #9956, #2280 ) ;
#41 = EDGE_CURVE ( 'NONE', #4100, #13, #8490, .T. ) ;
#42 = LINE ( 'NONE', #3430, #6819 ) ;
#43 = ORIENTED_EDGE ( 'NONE', *, *, #5996, .T. ) ;
#44 = DIRECTION ( 'NONE',  ( 1.000000000000000000, 0.000000000000000000, 0.000000000000000000 ) ) ;
#45 = LINE ( 'NONE', #3491, #391 ) ;
#46 = ORIENTED_EDGE ( 'NONE', *, *, #1470, .T. ) ;
#47 = LINE ( 'NONE', #4273, #2515 ) ;
#48 = ORIENTED_EDGE ( 'NONE', *, *, #10178, .F. ) ;
#49 = AXIS2_PLACEMENT_3D ( 'NONE', #72, #4295, #9425 ) ;
#50 = VECTOR ( 'NONE', #10639, 1000.000000000000000 ) ;
#51 = CYLINDRICAL_SURFACE ( 'NONE', #3508, 1.549999999999995826 ) ;
#52 = LINE ( 'NONE', #2, #7522 ) ;
#53 = ORIENTED_EDGE ( 'NONE', *, *, #4089, .F. ) ;
#54 = ORIENTED_EDGE ( 'NONE', *, *, #4937, .T. ) ;
#55 = ADVANCED_FACE ( 'NONE', ( #5224 ), #184, .T. ) ;
#56 = DIRECTION ( 'NONE',  ( -0.000000000000000000, -0.000000000000000000, -1.000000000000000000 ) ) ;
#57 = EDGE_CURVE ( 'NONE', #1583, #9570, #6931, .T. ) ;
#58 = EDGE_CURVE ( 'NONE', #10775, #5382, #8598, .T. ) ;
#59 = ORIENTED_EDGE ( 'NONE', *, *, #1696, .F. ) ;
#60 = CARTESIAN_POINT ( 'NONE',  ( 111.7500000000000000, -20.00000000000003197, 0.000000000000000000 ) ) ;
#61 = LINE ( 'NONE', #5756, #6451 ) ;
#62 = DIRECTION ( 'NONE',  ( -0.000000000000000000, -0.000000000000000000, -1.000000000000000000 ) ) ;
#63 = CARTESIAN_POINT ( 'NONE',  ( 53.29999999999999716, 20.00000000000000355, 0.000000000000000000 ) ) ;
#64 = FACE_OUTER_BOUND ( 'NONE', #10015, .T. ) ;
#65 = VERTEX_POINT ( 'NONE', #1679 ) ;
#66 = CARTESIAN_POINT ( 'NONE',  ( 250.2000000000000455, 45.39999999999999858, 6.349999999999999645 ) ) ;
#67 = ADVANCED_FACE ( 'NONE', ( #856 ), #4247, .T. ) ;
#68 = ORIENTED_EDGE ( 'NONE', *, *, #718, .T. ) ;
#69 = DIRECTION ( 'NONE',  ( -3.469446951953620598E-16, 1.000000000000000000, 0.000000000000000000 ) ) ;
#70 = ORIENTED_EDGE ( 'NONE', *, *, #2157, .T. ) ;
#71 = CARTESIAN_POINT ( 'NONE',  ( 183.3000000000000966, -32.05000000000007532, -0.000000000000000000 ) ) ;
#72 = CARTESIAN_POINT ( 'NONE',  ( 191.7499999999999716, -20.00000000000003197, 6.349999999999999645 ) ) ;
#73 = ORIENTED_EDGE ( 'NONE', *, *, #7572, .F. ) ;
#74 = CARTESIAN_POINT ( 'NONE',  ( 61.75000000000012079, -32.05000000000007532, 0.000000000000000000 ) ) ;
#75 = ORIENTED_EDGE ( 'NONE', *, *, #7876, .T. ) ;
#76 = DIRECTION ( 'NONE',  ( -0.000000000000000000, -0.000000000000000000, -1.000000000000000000 ) ) ;
#77 = VERTEX_POINT ( 'NONE', #5121 ) ;
#78 = DIRECTION ( 'NONE',  ( 0.000000000000000000, 0.000000000000000000, 1.000000000000000000 ) ) ;
#79 = CARTESIAN_POINT ( 'NONE',  ( 61.75000000000000000, -20.00000000000003197, 6.349999999999999645 ) ) ;
#80 = DIRECTION ( 'NONE',  ( 0.000000000000000000, 0.000000000000000000, 1.000000000000000000 ) ) ;
#81 = ORIENTED_EDGE ( 'NONE', *, *, #9176, .F. ) ;
#82 = CIRCLE ( 'NONE', #7863, 1.549999999999995826 ) ;
#83 = AXIS2_PLACEMENT_3D ( 'NONE', #1499, #3066, #3954 ) ;
#84 = EDGE_CURVE ( 'NONE', #9059, #939, #2674, .T. ) ;
#85 = CARTESIAN_POINT ( 'NONE',  ( 261.7500000000001705, -45.40000000000002700, 6.349999999999999645 ) ) ;
#87 = CARTESIAN_POINT ( 'NONE',  ( 81.75000000000000000, -20.00000000000003197, 6.349999999999999645 ) ) ;
#86 = CIRCLE ( 'NONE', #8931, 1.549999999999968070 ) ;
#88 = ORIENTED_EDGE ( 'NONE', *, *, #4210, .F. ) ;
#89 = VECTOR ( 'NONE', #9850, 1000.000000000000000 ) ;
#90 = DIRECTION ( 'NONE',  ( -0.000000000000000000, -0.000000000000000000, -1.000000000000000000 ) ) ;
#91 = ORIENTED_EDGE ( 'NONE', *, *, #8022, .T. ) ;
#92 = ORIENTED_EDGE ( 'NONE', *, *, #6932, .F. ) ;
#93 = CYLINDRICAL_SURFACE ( 'NONE', #5286, 1.549999999999988942 ) ;
#94 = LINE ( 'NONE', #7582, #5751 ) ;
#95 = VERTEX_POINT ( 'NONE', #2068 ) ;
#96 = DIRECTION ( 'NONE',  ( 0.000000000000000000, 0.000000000000000000, 1.000000000000000000 ) ) ;
#97 = FACE_OUTER_BOUND ( 'NONE', #6203, .T. ) ;
#98 = ORIENTED_EDGE ( 'NONE', *, *, #720, .T. ) ;
#99 = CARTESIAN_POINT ( 'NONE',  ( 91.75000000000000000, 20.00000000000000355, 6.349999999999999645 ) ) ;
#100 = VECTOR ( 'NONE', #9796, 1000.000000000000000 ) ;
#101 = VECTOR ( 'NONE', #8400, 1000.000000000000000 ) ;
#102 = ORIENTED_EDGE ( 'NONE', *, *, #3860, .F. ) ;
#103 = AXIS2_PLACEMENT_3D ( 'NONE', #6851, #6021, #2824 ) ;
#104 = ADVANCED_FACE ( 'NONE', ( #3789 ), #1177, .T. ) ;
#105 = EDGE_CURVE ( 'NONE', #6089, #2382, #6326, .T. ) ;
#106 = DIRECTION ( 'NONE',  ( -6.938893903907241197E-16, 1.000000000000000000, 0.000000000000000000 ) ) ;
#107 = AXIS2_PLACEMENT_3D ( 'NONE', #10253, #9419, #9312 ) ;
#108 = CARTESIAN_POINT ( 'NONE',  ( 101.7500000000000853, 32.05000000000005400, 6.349999999999999645 ) ) ;
#109 = VERTEX_POINT ( 'NONE', #4720 ) ;
#110 = ORIENTED_EDGE ( 'NONE', *, *, #3900, .T. ) ;
#111 = FACE_OUTER_BOUND ( 'NONE', #8782, .T. ) ;
#112 = AXIS2_PLACEMENT_3D ( 'NONE', #85, #3537, #4368 ) ;
#113 = ORIENTED_EDGE ( 'NONE', *, *, #7410, .T. ) ;
#114 = CARTESIAN_POINT ( 'NONE',  ( 43.30000000000008242, -19.99999999999992184, 6.349999999999999645 ) ) ;
#115 = AXIS2_PLACEMENT_3D ( 'NONE', #6858, #96, #10170 ) ;
#116 = CYLINDRICAL_SURFACE ( 'NONE', #8757, 1.549999999999995826 ) ;
#117 = DIRECTION ( 'NONE',  ( -6.938893903907227392E-16, 1.000000000000000000, 0.000000000000000000 ) ) ;
#118 = AXIS2_PLACEMENT_3D ( 'NONE', #8600, #10427, #398 ) ;
#119 = EDGE_CURVE ( 'NONE', #1568, #1834, #1125, .T. ) ;
#120 = ADVANCED_FACE ( 'NONE', ( #5333 ), #5491, .T. ) ;
#121 = AXIS2_PLACEMENT_3D ( 'NONE', #143, #6273, #242 ) ;
#122 = DIRECTION ( 'NONE',  ( -1.387778780781445478E-15, 1.000000000000000000, -0.000000000000000000 ) ) ;
#123 = CIRCLE ( 'NONE', #7191, 1.549999999999995826 ) ;
#124 = FACE_OUTER_BOUND ( 'NONE', #10406, .T. ) ;
#125 = EDGE_LOOP ( 'NONE', ( #8413, #3414, #8229, #2313 ) ) ;
#126 = CARTESIAN_POINT ( 'NONE',  ( 241.7500000000000284, 5.399999999999998579, 6.349999999999999645 ) ) ;
#127 = AXIS2_PLACEMENT_3D ( 'NONE', #9532, #4560, #281 ) ;
#128 = EDGE_LOOP ( 'NONE', ( #6044, #4342, #2855, #2065 ) ) ;
#129 = ORIENTED_EDGE ( 'NONE', *, *, #1796, .T. ) ;
#130 = CARTESIAN_POINT ( 'NONE',  ( 281.7500000000000000, 5.399999999999998579, 0.000000000000000000 ) ) ;
#131 = LINE ( 'NONE', #957, #6232 ) ;
#132 = DIRECTION ( 'NONE',  ( -0.000000000000000000, -0.000000000000000000, -1.000000000000000000 ) ) ;
#133 = VECTOR ( 'NONE', #6656, 1000.000000000000000 ) ;
#134 = VECTOR ( 'NONE', #6277, 1000.000000000000227 ) ;
#135 = EDGE_CURVE ( 'NONE', #4680, #8134, #6520, .T. ) ;
#136 = EDGE_CURVE ( 'NONE', #9969, #6279, #1941, .T. ) ;
#137 = VECTOR ( 'NONE', #9355, 1000.000000000000000 ) ;
#138 = LINE ( 'NONE', #4250, #5067 ) ;
#139 = VECTOR ( 'NONE', #5040, 1000.000000000000000 ) ;
#140 = VERTEX_POINT ( 'NONE', #2016 ) ;
#141 = DIRECTION ( 'NONE',  ( 1.000000000000000000, 1.040834085586084059E-15, -0.000000000000000000 ) ) ;
#142 = ORIENTED_EDGE ( 'NONE', *, *, #5431, .F. ) ;
#143 = CARTESIAN_POINT ( 'NONE',  ( 161.7500000000001421, -72.05000000000008242, 6.349999999999999645 ) ) ;
#144 = DIRECTION ( 'NONE',  ( 0.000000000000000000, 0.000000000000000000, 1.000000000000000000 ) ) ;
#145 = FACE_OUTER_BOUND ( 'NONE', #633, .T. ) ;
#146 = VERTEX_POINT ( 'NONE', #10584 ) ;
#147 = DIRECTION ( 'NONE',  ( -0.000000000000000000, -0.000000000000000000, -1.000000000000000000 ) ) ;
#148 = DIRECTION ( 'NONE',  ( -1.387778780781445478E-15, 1.000000000000000000, -0.000000000000000000 ) ) ;
#149 = ORIENTED_EDGE ( 'NONE', *, *, #2952, .T. ) ;
#150 = CARTESIAN_POINT ( 'NONE',  ( 40.20000000000008100, 72.05000000000005400, 6.349999999999999645 ) ) ;
#151 = ORIENTED_EDGE ( 'NONE', *, *, #10250, .F. ) ;
#152 = ORIENTED_EDGE ( 'NONE', *, *, #4115, .T. ) ;
#153 = DIRECTION ( 'NONE',  ( 3.469446951953613696E-16, -1.000000000000000000, -0.000000000000000000 ) ) ;
#154 = ADVANCED_FACE ( 'NONE', ( #291 ), #3688, .T. ) ;
#155 = PLANE ( 'NONE',  #8416 ) ;
#156 = ORIENTED_EDGE ( 'NONE', *, *, #10174, .T. ) ;
#157 = DIRECTION ( 'NONE',  ( -0.000000000000000000, -0.000000000000000000, -1.000000000000000000 ) ) ;
#158 = DIRECTION ( 'NONE',  ( 0.000000000000000000, 0.000000000000000000, 1.000000000000000000 ) ) ;
#159 = EDGE_LOOP ( 'NONE', ( #10679, #2269, #739, #2373 ) ) ;
#160 = CARTESIAN_POINT ( 'NONE',  ( 110.2000000000001023, -19.99999999999992184, 0.000000000000000000 ) ) ;
#161 = LINE ( 'NONE', #10404, #6488 ) ;
#162 = DIRECTION ( 'NONE',  ( -1.000000000000000000, 0.000000000000000000, 0.000000000000000000 ) ) ;
#163 = VERTEX_POINT ( 'NONE', #9697 ) ;
#164 = ORIENTED_EDGE ( 'NONE', *, *, #1749, .T. ) ;
#165 = DIRECTION ( 'NONE',  ( -0.000000000000000000, -0.000000000000000000, -1.000000000000000000 ) ) ;
#166 = EDGE_CURVE ( 'NONE', #6167, #6350, #2906, .T. ) ;
#167 = FACE_BOUND ( 'NONE', #3628, .T. ) ;
#168 = VERTEX_POINT ( 'NONE', #5443 ) ;
#169 = EDGE_CURVE ( 'NONE', #1108, #6302, #5814, .T. ) ;
#170 = DIRECTION ( 'NONE',  ( 1.000000000000000000, 0.000000000000000000, 0.000000000000000000 ) ) ;
#171 = FACE_OUTER_BOUND ( 'NONE', #3542, .T. ) ;
#172 = DIRECTION ( 'NONE',  ( 0.000000000000000000, 0.000000000000000000, 1.000000000000000000 ) ) ;
#173 = EDGE_CURVE ( 'NONE', #1122, #6757, #1232, .T. ) ;
#174 = DIRECTION ( 'NONE',  ( -1.000000000000000000, 0.000000000000000000, 0.000000000000000000 ) ) ;
#175 = CARTESIAN_POINT ( 'NONE',  ( 193.3000000000000966, -32.05000000000007532, -0.000000000000000000 ) ) ;
#176 = VERTEX_POINT ( 'NONE', #395 ) ;
#177 = CYLINDRICAL_SURFACE ( 'NONE', #2420, 1.549999999999995826 ) ;
#178 = ORIENTED_EDGE ( 'NONE', *, *, #8100, .F. ) ;
#179 = ORIENTED_EDGE ( 'NONE', *, *, #3925, .F. ) ;
#180 = EDGE_CURVE ( 'NONE', #9478, #8890, #1334, .T. ) ;
#181 = EDGE_CURVE ( 'NONE', #4516, #1292, #231, .T. ) ;
#182 = DIRECTION ( 'NONE',  ( 0.000000000000000000, 0.000000000000000000, 1.000000000000000000 ) ) ;
#183 = LINE ( 'NONE', #6107, #3238 ) ;
#184 = PLANE ( 'NONE',  #7422 ) ;
#185 = FACE_OUTER_BOUND ( 'NONE', #1135, .T. ) ;
#186 = ORIENTED_EDGE ( 'NONE', *, *, #3683, .T. ) ;
#187 = FACE_OUTER_BOUND ( 'NONE', #1646, .T. ) ;
#188 = EDGE_LOOP ( 'NONE', ( #6981, #380, #10040, #8260 ) ) ;
#189 = DIRECTION ( 'NONE',  ( 1.000000000000000000, 0.000000000000000000, 0.000000000000000000 ) ) ;
#190 = EDGE_CURVE ( 'NONE', #208, #10107, #3739, .T. ) ;
#191 = EDGE_CURVE ( 'NONE', #5125, #3870, #6775, .T. ) ;
#192 = EDGE_CURVE ( 'NONE', #4093, #3994, #8170, .T. ) ;
#193 = CARTESIAN_POINT ( 'NONE',  ( 171.7500000000001421, -72.05000000000008242, 6.349999999999999645 ) ) ;
#194 = LINE ( 'NONE', #4363, #3946 ) ;
#195 = ORIENTED_EDGE ( 'NONE', *, *, #6602, .T. ) ;
#196 = DIRECTION ( 'NONE',  ( 3.469446951953613696E-16, -1.000000000000000000, -0.000000000000000000 ) ) ;
#197 = CARTESIAN_POINT ( 'NONE',  ( 50.20000000000012363, -32.05000000000007532, 6.349999999999999645 ) ) ;
#198 = EDGE_LOOP ( 'NONE', ( #4604, #9000, #1515, #8417 ) ) ;
#199 = LINE ( 'NONE', #2870, #6974 ) ;
#200 = VERTEX_POINT ( 'NONE', #6266 ) ;
#201 = ORIENTED_EDGE ( 'NONE', *, *, #1785, .F. ) ;
#202 = DIRECTION ( 'NONE',  ( -0.000000000000000000, -0.000000000000000000, -1.000000000000000000 ) ) ;
#203 = EDGE_CURVE ( 'NONE', #9556, #4697, #10369, .T. ) ;
#204 = FACE_OUTER_BOUND ( 'NONE', #8556, .T. ) ;
#205 = EDGE_LOOP ( 'NONE', ( #3412, #22, #10843, #3867 ) ) ;
#206 = CYLINDRICAL_SURFACE ( 'NONE', #4370, 1.549999999999995826 ) ;
#207 = DIRECTION ( 'NONE',  ( -1.000000000000000000, 0.000000000000000000, 0.000000000000000000 ) ) ;
#208 = VERTEX_POINT ( 'NONE', #6170 ) ;
#209 = CARTESIAN_POINT ( 'NONE',  ( 181.7500000000001421, -32.05000000000007532, 0.000000000000000000 ) ) ;
#210 = AXIS2_PLACEMENT_3D ( 'NONE', #9449, #158, #10333 ) ;
#211 = MECHANICAL_DESIGN_GEOMETRIC_PRESENTATION_REPRESENTATION (  '', ( #1096 ), #7637 ) ;
#212 = CARTESIAN_POINT ( 'NONE',  ( 291.7500000000000568, -45.40000000000001279, 0.000000000000000000 ) ) ;
#213 = CARTESIAN_POINT ( 'NONE',  ( 153.3000000000000966, -19.99999999999992184, 6.349999999999999645 ) ) ;
#214 = ORIENTED_EDGE ( 'NONE', *, *, #733, .F. ) ;
#215 = ORIENTED_EDGE ( 'NONE', *, *, #4526, .F. ) ;
#216 = CARTESIAN_POINT ( 'NONE',  ( 40.20000000000008811, 32.05000000000005400, 0.000000000000000000 ) ) ;
#217 = FACE_BOUND ( 'NONE', #700, .T. ) ;
#218 = VERTEX_POINT ( 'NONE', #9541 ) ;
#219 = VERTEX_POINT ( 'NONE', #3275 ) ;
#220 = FACE_OUTER_BOUND ( 'NONE', #10186, .T. ) ;
#221 = DIRECTION ( 'NONE',  ( -0.000000000000000000, -0.000000000000000000, -1.000000000000000000 ) ) ;
#223 = DIRECTION ( 'NONE',  ( 1.734723475976807094E-16, -1.000000000000000000, 0.000000000000000000 ) ) ;
#222 = CIRCLE ( 'NONE', #49, 1.549999999999995826 ) ;
#224 = VECTOR ( 'NONE', #5675, 1000.000000000000000 ) ;
#225 = EDGE_CURVE ( 'NONE', #5918, #5382, #9857, .T. ) ;
#226 = CARTESIAN_POINT ( 'NONE',  ( 8.709999999999995524, 20.00000000000000000, 6.349999999999999645 ) ) ;
#227 = AXIS2_PLACEMENT_3D ( 'NONE', #2740, #6829, #1623 ) ;
#228 = PLANE ( 'NONE',  #10513 ) ;
#229 = VERTEX_POINT ( 'NONE', #1495 ) ;
#231 = CIRCLE ( 'NONE', #7111, 1.549999999999982059 ) ;
#230 = DIRECTION ( 'NONE',  ( 5.204170427930431144E-16, -1.000000000000000000, -0.000000000000000000 ) ) ;
#232 = EDGE_LOOP ( 'NONE', ( #1600, #6532, #10709, #1148 ) ) ;
#233 = DIRECTION ( 'NONE',  ( -0.000000000000000000, -0.000000000000000000, -1.000000000000000000 ) ) ;
#234 = DIRECTION ( 'NONE',  ( 1.387778780781446070E-15, -1.000000000000000000, 0.000000000000000000 ) ) ;
#235 = ORIENTED_EDGE ( 'NONE', *, *, #8101, .F. ) ;
#236 = AXIS2_PLACEMENT_3D ( 'NONE', #8235, #5686, #4220 ) ;
#237 = EDGE_CURVE ( 'NONE', #9210, #2116, #3221, .T. ) ;
#238 = CARTESIAN_POINT ( 'NONE',  ( 233.3000000000000114, 45.40000000000000568, 6.349999999999999645 ) ) ;
#239 = ORIENTED_EDGE ( 'NONE', *, *, #2677, .T. ) ;
#240 = DIRECTION ( 'NONE',  ( 0.000000000000000000, 0.000000000000000000, 1.000000000000000000 ) ) ;
#241 = ORIENTED_EDGE ( 'NONE', *, *, #1680, .F. ) ;
#242 = DIRECTION ( 'NONE',  ( -1.000000000000000000, 0.000000000000000000, 0.000000000000000000 ) ) ;
#243 = FACE_OUTER_BOUND ( 'NONE', #10302, .T. ) ;
#244 = CARTESIAN_POINT ( 'NONE',  ( 263.2999999999999545, 5.399999999999999467, 6.349999999999999645 ) ) ;
#245 = ORIENTED_EDGE ( 'NONE', *, *, #4503, .F. ) ;
#246 = EDGE_CURVE ( 'NONE', #3945, #4983, #7305, .T. ) ;
#247 = ADVANCED_FACE ( 'NONE', ( #3118 ), #10746, .F. ) ;
#248 = DIRECTION ( 'NONE',  ( 1.000000000000000000, 1.040834085586084059E-15, -0.000000000000000000 ) ) ;
#249 = DIRECTION ( 'NONE',  ( -1.000000000000000000, 0.000000000000000000, 0.000000000000000000 ) ) ;
#250 = VERTEX_POINT ( 'NONE', #5700 ) ;
#251 = DIRECTION ( 'NONE',  ( -0.000000000000000000, -1.000000000000000000, -0.000000000000000000 ) ) ;
#252 = ORIENTED_EDGE ( 'NONE', *, *, #9574, .T. ) ;
#253 = ORIENTED_EDGE ( 'NONE', *, *, #3779, .T. ) ;
#254 = DIRECTION ( 'NONE',  ( -0.000000000000000000, -0.000000000000000000, -1.000000000000000000 ) ) ;
#255 = VECTOR ( 'NONE', #9763, 1000.000000000000000 ) ;
#256 = DIRECTION ( 'NONE',  ( 0.000000000000000000, 0.000000000000000000, -1.000000000000000000 ) ) ;
#257 = CARTESIAN_POINT ( 'NONE',  ( 113.2999999999999829, 20.00000000000000355, 6.349999999999999645 ) ) ;
#258 = CARTESIAN_POINT ( 'NONE',  ( 40.20000000000016627, -72.05000000000008242, 6.349999999999999645 ) ) ;
#259 = ORIENTED_EDGE ( 'NONE', *, *, #4903, .F. ) ;
#260 = CARTESIAN_POINT ( 'NONE',  ( 51.75000000000015632, -72.05000000000008242, 6.349999999999999645 ) ) ;
#261 = AXIS2_PLACEMENT_3D ( 'NONE', #5176, #240, #4418 ) ;
#262 = ADVANCED_FACE ( 'NONE', ( #671 ), #8138, .T. ) ;
#263 = ADVANCED_FACE ( 'NONE', ( #6534 ), #10630, .T. ) ;
#264 = AXIS2_PLACEMENT_3D ( 'NONE', #10082, #6877, #10251 ) ;
#265 = DIRECTION ( 'NONE',  ( -1.000000000000000000, 0.000000000000000000, 0.000000000000000000 ) ) ;
#266 = CYLINDRICAL_SURFACE ( 'NONE', #1331, 1.549999999999968070 ) ;
#267 = ORIENTED_EDGE ( 'NONE', *, *, #3411, .F. ) ;
#268 = VERTEX_POINT ( 'NONE', #3063 ) ;
#269 = DIRECTION ( 'NONE',  ( -0.000000000000000000, -0.000000000000000000, -1.000000000000000000 ) ) ;
#270 = FACE_BOUND ( 'NONE', #10076, .T. ) ;
#271 = ORIENTED_EDGE ( 'NONE', *, *, #584, .F. ) ;
#272 = VERTEX_POINT ( 'NONE', #4064 ) ;
#273 = LINE ( 'NONE', #6204, #4190 ) ;
#274 = CARTESIAN_POINT ( 'NONE',  ( 170.2000000000001307, -32.05000000000007532, 6.349999999999999645 ) ) ;
#275 = CIRCLE ( 'NONE', #2054, 1.549999999999995826 ) ;
#276 = VECTOR ( 'NONE', #6528, 1000.000000000000000 ) ;
#277 = DIRECTION ( 'NONE',  ( -1.000000000000000000, 0.000000000000000000, 0.000000000000000000 ) ) ;
#278 = AXIS2_PLACEMENT_3D ( 'NONE', #4449, #9411, #1223 ) ;
#279 = PRODUCT_CONTEXT ( 'NONE', #2223, 'mechanical' ) ;
#280 = VECTOR ( 'NONE', #1037, 1000.000000000000000 ) ;
#281 = DIRECTION ( 'NONE',  ( 1.000000000000000000, 0.000000000000000000, 0.000000000000000000 ) ) ;
#282 = DIRECTION ( 'NONE',  ( -0.000000000000000000, -0.000000000000000000, -1.000000000000000000 ) ) ;
#283 = ORIENTED_EDGE ( 'NONE', *, *, #7083, .T. ) ;
#284 = DIRECTION ( 'NONE',  ( -0.000000000000000000, -0.000000000000000000, -1.000000000000000000 ) ) ;
#285 = AXIS2_PLACEMENT_3D ( 'NONE', #10005, #3160, #652 ) ;
#286 = VERTEX_POINT ( 'NONE', #10794 ) ;
#287 = ADVANCED_FACE ( 'NONE', ( #6586 ), #9959, .T. ) ;
#288 = CIRCLE ( 'NONE', #5586, 1.549999999999982059 ) ;
#289 = DIRECTION ( 'NONE',  ( -1.734723475976806848E-16, 1.000000000000000000, 0.000000000000000000 ) ) ;
#290 = CARTESIAN_POINT ( 'NONE',  ( 70.20000000000011653, -32.05000000000007532, 6.349999999999999645 ) ) ;
#291 = FACE_OUTER_BOUND ( 'NONE', #9512, .T. ) ;
#292 = VECTOR ( 'NONE', #10055, 1000.000000000000000 ) ;
#293 = CIRCLE ( 'NONE', #7004, 1.549999999999995826 ) ;
#294 = DIRECTION ( 'NONE',  ( -1.000000000000000000, 0.000000000000000000, 0.000000000000000000 ) ) ;
#295 = AXIS2_PLACEMENT_3D ( 'NONE', #8762, #2743, #1916 ) ;
#296 = ORIENTED_EDGE ( 'NONE', *, *, #1667, .F. ) ;
#297 = CARTESIAN_POINT ( 'NONE',  ( 103.2999999999999972, 20.00000000000000355, 6.349999999999999645 ) ) ;
#298 = ORIENTED_EDGE ( 'NONE', *, *, #1575, .T. ) ;
#300 = AXIS2_PLACEMENT_3D ( 'NONE', #3415, #78, #6840 ) ;
#299 = PLANE ( 'NONE',  #10379 ) ;
#301 = AXIS2_PLACEMENT_3D ( 'NONE', #5003, #9205, #7550 ) ;
#302 = EDGE_CURVE ( 'NONE', #1375, #10599, #2386, .T. ) ;
#303 = ADVANCED_FACE ( 'NONE', ( #6428 ), #5757, .T. ) ;
#304 = CARTESIAN_POINT ( 'NONE',  ( 200.2000000000001023, 32.05000000000005400, 6.349999999999999645 ) ) ;
#305 = DIRECTION ( 'NONE',  ( -0.000000000000000000, -1.000000000000000000, -0.000000000000000000 ) ) ;
#306 = ORIENTED_EDGE ( 'NONE', *, *, #10312, .T. ) ;
#307 = AXIS2_PLACEMENT_3D ( 'NONE', #10286, #3550, #265 ) ;
#308 = EDGE_CURVE ( 'NONE', #3945, #1041, #6584, .T. ) ;
#309 = CIRCLE ( 'NONE', #481, 1.549999999999995826 ) ;
#310 = DIRECTION ( 'NONE',  ( 0.000000000000000000, 0.000000000000000000, 1.000000000000000000 ) ) ;
#311 = PLANE ( 'NONE',  #4580 ) ;
#312 = ORIENTED_EDGE ( 'NONE', *, *, #2561, .F. ) ;
#313 = VECTOR ( 'NONE', #3881, 1000.000000000000000 ) ;
#314 = DIRECTION ( 'NONE',  ( -0.000000000000000000, -0.000000000000000000, -1.000000000000000000 ) ) ;
#315 = VERTEX_POINT ( 'NONE', #10847 ) ;
#316 = ORIENTED_EDGE ( 'NONE', *, *, #2860, .T. ) ;
#317 = FACE_OUTER_BOUND ( 'NONE', #6438, .T. ) ;
#318 = DIRECTION ( 'NONE',  ( 0.000000000000000000, 0.000000000000000000, 1.000000000000000000 ) ) ;
#319 = FACE_BOUND ( 'NONE', #4441, .T. ) ;
#320 = ORIENTED_EDGE ( 'NONE', *, *, #1073, .F. ) ;
#321 = EDGE_CURVE ( 'NONE', #10715, #4145, #2718, .T. ) ;
#322 = VECTOR ( 'NONE', #1768, 1000.000000000000000 ) ;
#323 = EDGE_CURVE ( 'NONE', #5496, #7005, #10023, .T. ) ;
#324 = DIRECTION ( 'NONE',  ( -1.000000000000000000, 0.000000000000000000, 0.000000000000000000 ) ) ;
#325 = AXIS2_PLACEMENT_3D ( 'NONE', #919, #4425, #2703 ) ;
#326 = CARTESIAN_POINT ( 'NONE',  ( 220.2000000000001307, -19.99999999999992184, 0.000000000000000000 ) ) ;
#327 = CARTESIAN_POINT ( 'NONE',  ( 53.30000000000006821, 32.05000000000005400, 6.349999999999999645 ) ) ;
#328 = ORIENTED_EDGE ( 'NONE', *, *, #10238, .T. ) ;
#329 = EDGE_LOOP ( 'NONE', ( #3534, #1026, #9289, #2871 ) ) ;
#330 = CARTESIAN_POINT ( 'NONE',  ( 141.7500000000000000, -20.00000000000003197, 6.349999999999999645 ) ) ;
#331 = FACE_BOUND ( 'NONE', #8053, .T. ) ;
#332 = ORIENTED_EDGE ( 'NONE', *, *, #4414, .F. ) ;
#333 = ORIENTED_EDGE ( 'NONE', *, *, #8646, .T. ) ;
#334 = CARTESIAN_POINT ( 'NONE',  ( 183.3000000000000682, 32.05000000000005400, 0.000000000000000000 ) ) ;
#335 = DIRECTION ( 'NONE',  ( -1.040834085586084059E-15, 1.000000000000000000, -0.000000000000000000 ) ) ;
#336 = ADVANCED_FACE ( 'NONE', ( #2451 ), #5823, .F. ) ;
#337 = EDGE_CURVE ( 'NONE', #2151, #7623, #1610, .T. ) ;
#338 = PLANE ( 'NONE',  #4366 ) ;
#339 = DIRECTION ( 'NONE',  ( -6.938893903907227392E-16, 1.000000000000000000, 0.000000000000000000 ) ) ;
#340 = PLANE ( 'NONE',  #7871 ) ;
#341 = EDGE_LOOP ( 'NONE', ( #10118, #8039, #9459, #1842 ) ) ;
#342 = DIRECTION ( 'NONE',  ( -6.938893903907227392E-16, 1.000000000000000000, 0.000000000000000000 ) ) ;
#343 = VERTEX_POINT ( 'NONE', #553 ) ;
#344 = CARTESIAN_POINT ( 'NONE',  ( 283.3000000000000114, -5.400000000000013678, 0.000000000000000000 ) ) ;
#345 = CARTESIAN_POINT ( 'NONE',  ( 40.20000000000010232, -19.99999999999992184, 6.349999999999999645 ) ) ;
#346 = DIRECTION ( 'NONE',  ( 1.000000000000000000, 0.000000000000000000, 0.000000000000000000 ) ) ;
#347 = CYLINDRICAL_SURFACE ( 'NONE', #7352, 1.549999999999995826 ) ;
#348 = EDGE_CURVE ( 'NONE', #3619, #7921, #3950, .T. ) ;
#349 = ORIENTED_EDGE ( 'NONE', *, *, #5179, .T. ) ;
#350 = DIRECTION ( 'NONE',  ( -0.000000000000000000, -0.000000000000000000, -1.000000000000000000 ) ) ;
#351 = ORIENTED_EDGE ( 'NONE', *, *, #1655, .F. ) ;
#352 = DIRECTION ( 'NONE',  ( 0.000000000000000000, 0.000000000000000000, 1.000000000000000000 ) ) ;
#353 = DIRECTION ( 'NONE',  ( -0.000000000000000000, -0.000000000000000000, -1.000000000000000000 ) ) ;
#354 = CARTESIAN_POINT ( 'NONE',  ( 50.20000000000010232, -19.99999999999992184, 0.000000000000000000 ) ) ;
#355 = ORIENTED_EDGE ( 'NONE', *, *, #1050, .T. ) ;
#356 = LINE ( 'NONE', #7997, #10185 ) ;
#357 = EDGE_CURVE ( 'NONE', #8871, #3887, #9306, .T. ) ;
#358 = ORIENTED_EDGE ( 'NONE', *, *, #9916, .F. ) ;
#359 = CARTESIAN_POINT ( 'NONE',  ( 200.2000000000000739, 72.05000000000005400, 6.349999999999999645 ) ) ;
#360 = VERTEX_POINT ( 'NONE', #5110 ) ;
#361 = EDGE_LOOP ( 'NONE', ( #548, #3904, #9348, #3668 ) ) ;
#362 = FACE_OUTER_BOUND ( 'NONE', #4633, .T. ) ;
#363 = CARTESIAN_POINT ( 'NONE',  ( 90.20000000000013074, -32.05000000000007532, 0.000000000000000000 ) ) ;
#364 = FACE_BOUND ( 'NONE', #7324, .T. ) ;
#365 = VERTEX_POINT ( 'NONE', #8583 ) ;
#366 = CARTESIAN_POINT ( 'NONE',  ( 241.7500000000000284, 45.39999999999999858, 0.000000000000000000 ) ) ;
#367 = DIRECTION ( 'NONE',  ( 1.734723475976807094E-16, -1.000000000000000000, -0.000000000000000000 ) ) ;
#368 = EDGE_CURVE ( 'NONE', #9765, #6167, #4338, .T. ) ;
#369 = DIRECTION ( 'NONE',  ( -1.734723475976806848E-16, 1.000000000000000000, 0.000000000000000000 ) ) ;
#370 = EDGE_CURVE ( 'NONE', #6287, #5663, #7703, .T. ) ;
#371 = DIRECTION ( 'NONE',  ( -0.000000000000000000, -0.000000000000000000, -1.000000000000000000 ) ) ;
#372 = ORIENTED_EDGE ( 'NONE', *, *, #10913, .T. ) ;
#373 = ORIENTED_EDGE ( 'NONE', *, *, #3114, .F. ) ;
#374 = CARTESIAN_POINT ( 'NONE',  ( 190.2000000000001023, 32.05000000000005400, 6.349999999999999645 ) ) ;
#375 = FACE_BOUND ( 'NONE', #7105, .T. ) ;
#376 = ORIENTED_EDGE ( 'NONE', *, *, #10958, .F. ) ;
#377 = ORIENTED_EDGE ( 'NONE', *, *, #6019, .T. ) ;
#378 = FACE_OUTER_BOUND ( 'NONE', #4479, .T. ) ;
#379 = CARTESIAN_POINT ( 'NONE',  ( 41.75000000000016342, -72.05000000000008242, 0.000000000000000000 ) ) ;
#380 = ORIENTED_EDGE ( 'NONE', *, *, #734, .F. ) ;
#381 = DIRECTION ( 'NONE',  ( 1.000000000000000000, 0.000000000000000000, 0.000000000000000000 ) ) ;
#382 = CIRCLE ( 'NONE', #6048, 1.549999999999968070 ) ;
#383 = EDGE_CURVE ( 'NONE', #1564, #7108, #1899, .T. ) ;
#384 = CARTESIAN_POINT ( 'NONE',  ( 71.75000000000015632, -72.05000000000008242, 6.349999999999999645 ) ) ;
#385 = ADVANCED_FACE ( 'NONE', ( #1730 ), #10912, .F. ) ;
#386 = EDGE_CURVE ( 'NONE', #7114, #1429, #7472, .T. ) ;
#387 = DIRECTION ( 'NONE',  ( 0.000000000000000000, 0.000000000000000000, 1.000000000000000000 ) ) ;
#388 = EDGE_LOOP ( 'NONE', ( #88, #8739, #3648, #8636 ) ) ;
#389 = DIRECTION ( 'NONE',  ( -0.000000000000000000, -1.000000000000000000, -0.000000000000000000 ) ) ;
#390 = VERTEX_POINT ( 'NONE', #4235 ) ;
#391 = VECTOR ( 'NONE', #8563, 1000.000000000000000 ) ;
#392 = VECTOR ( 'NONE', #8912, 1000.000000000000000 ) ;
#393 = CARTESIAN_POINT ( 'NONE',  ( 253.3000000000000114, 45.40000000000000568, 0.000000000000000000 ) ) ;
#394 = CARTESIAN_POINT ( 'NONE',  ( 173.3000000000000966, -19.99999999999992184, 6.349999999999999645 ) ) ;
#395 = CARTESIAN_POINT ( 'NONE',  ( 310.2000000000000455, 5.399999999999998579, 6.349999999999999645 ) ) ;
#396 = VECTOR ( 'NONE', #1291, 1000.000000000000000 ) ;
#397 = CIRCLE ( 'NONE', #2537, 1.549999999999995826 ) ;
#398 = DIRECTION ( 'NONE',  ( -1.000000000000000000, 0.000000000000000000, 0.000000000000000000 ) ) ;
#399 = ADVANCED_FACE ( 'NONE', ( #7534 ), #4399, .T. ) ;
#400 = EDGE_CURVE ( 'NONE', #8815, #8104, #6707, .T. ) ;
#401 = EDGE_LOOP ( 'NONE', ( #5092, #9242, #807, #4608 ) ) ;
#402 = LINE ( 'NONE', #9701, #972 ) ;
#403 = VERTEX_POINT ( 'NONE', #7649 ) ;
#404 = CARTESIAN_POINT ( 'NONE',  ( 81.75000000000015632, -72.05000000000008242, 6.349999999999999645 ) ) ;
#405 = CARTESIAN_POINT ( 'NONE',  ( 173.3000000000000966, -32.05000000000007532, 6.349999999999999645 ) ) ;
#406 = CARTESIAN_POINT ( 'NONE',  ( 240.2000000000000171, 5.399999999999998579, 6.349999999999999645 ) ) ;
#407 = EDGE_LOOP ( 'NONE', ( #4967, #9426, #9634, #10288 ) ) ;
#408 = VECTOR ( 'NONE', #5271, 1000.000000000000000 ) ;
#409 = EDGE_CURVE ( 'NONE', #10959, #360, #10134, .T. ) ;
#410 = DIRECTION ( 'NONE',  ( -0.000000000000000000, -0.000000000000000000, -1.000000000000000000 ) ) ;
#411 = CARTESIAN_POINT ( 'NONE',  ( 281.7500000000000000, 45.39999999999999858, 6.349999999999999645 ) ) ;
#412 = ORIENTED_EDGE ( 'NONE', *, *, #2084, .T. ) ;
#413 = CARTESIAN_POINT ( 'NONE',  ( 80.20000000000010232, -19.99999999999992184, 6.349999999999999645 ) ) ;
#414 = ORIENTED_EDGE ( 'NONE', *, *, #7927, .T. ) ;
#415 = VERTEX_POINT ( 'NONE', #10080 ) ;
#416 = DIRECTION ( 'NONE',  ( -6.938893903907227392E-16, 1.000000000000000000, 0.000000000000000000 ) ) ;
#417 = LINE ( 'NONE', #1093, #3659 ) ;
#418 = FACE_BOUND ( 'NONE', #7900, .T. ) ;
#419 = ORIENTED_EDGE ( 'NONE', *, *, #4659, .T. ) ;
#420 = DIRECTION ( 'NONE',  ( -1.000000000000000000, -3.469446951953613696E-16, 0.000000000000000000 ) ) ;
#421 = EDGE_CURVE ( 'NONE', #7029, #7238, #8360, .T. ) ;
#422 = DIRECTION ( 'NONE',  ( 0.000000000000000000, 0.000000000000000000, 1.000000000000000000 ) ) ;
#424 = CARTESIAN_POINT ( 'NONE',  ( 191.7499999999999716, -20.00000000000003197, 0.000000000000000000 ) ) ;
#423 = VECTOR ( 'NONE', #5631, 1000.000000000000000 ) ;
#425 = DIRECTION ( 'NONE',  ( -0.000000000000000000, -0.000000000000000000, -1.000000000000000000 ) ) ;
#426 = ORIENTED_EDGE ( 'NONE', *, *, #4669, .F. ) ;
#427 = ORIENTED_EDGE ( 'NONE', *, *, #8655, .T. ) ;
#428 = CARTESIAN_POINT ( 'NONE',  ( 160.2000000000001023, -19.99999999999992184, 6.349999999999999645 ) ) ;
#429 = FACE_BOUND ( 'NONE', #3374, .T. ) ;
#430 = VERTEX_POINT ( 'NONE', #9248 ) ;
#431 = CARTESIAN_POINT ( 'NONE',  ( 63.30000000000013216, -72.05000000000008242, 6.349999999999999645 ) ) ;
#432 = CARTESIAN_POINT ( 'NONE',  ( 160.2000000000001023, 32.05000000000005400, 6.349999999999999645 ) ) ;
#433 = ORIENTED_EDGE ( 'NONE', *, *, #6803, .F. ) ;
#434 = ADVANCED_FACE ( 'NONE', ( #8420 ), #10247, .T. ) ;
#435 = EDGE_CURVE ( 'NONE', #4130, #6339, #5159, .T. ) ;
#436 = FACE_OUTER_BOUND ( 'NONE', #3094, .T. ) ;
#437 = VECTOR ( 'NONE', #575, 1000.000000000000000 ) ;
#438 = CIRCLE ( 'NONE', #264, 1.549999999999995826 ) ;
#439 = DIRECTION ( 'NONE',  ( -1.000000000000000000, 0.000000000000000000, 0.000000000000000000 ) ) ;
#440 = LINE ( 'NONE', #8184, #5569 ) ;
#441 = ORIENTED_EDGE ( 'NONE', *, *, #5482, .F. ) ;
#442 = DIRECTION ( 'NONE',  ( -0.000000000000000000, -0.000000000000000000, -1.000000000000000000 ) ) ;
#443 = CIRCLE ( 'NONE', #801, 1.549999999999988942 ) ;
#444 = VERTEX_POINT ( 'NONE', #9412 ) ;
#445 = LINE ( 'NONE', #3117, #5746 ) ;
#446 = FACE_OUTER_BOUND ( 'NONE', #9104, .T. ) ;
#447 = CARTESIAN_POINT ( 'NONE',  ( 81.75000000000012790, -32.05000000000007532, 6.349999999999999645 ) ) ;
#448 = EDGE_CURVE ( 'NONE', #5580, #6686, #10653, .T. ) ;
#449 = ADVANCED_FACE ( 'NONE', ( #5993 ), #6760, .F. ) ;
#450 = VECTOR ( 'NONE', #6624, 1000.000000000000000 ) ;
#451 = AXIS2_PLACEMENT_3D ( 'NONE', #3882, #6404, #8951 ) ;
#452 = DIRECTION ( 'NONE',  ( 0.000000000000000000, 0.000000000000000000, 1.000000000000000000 ) ) ;
#453 = AXIS2_PLACEMENT_3D ( 'NONE', #1596, #1480, #8344 ) ;
#454 = ORIENTED_EDGE ( 'NONE', *, *, #6834, .T. ) ;
#455 = VECTOR ( 'NONE', #4763, 1000.000000000000000 ) ;
#456 = CARTESIAN_POINT ( 'NONE',  ( 41.75000000000012079, -32.05000000000007532, 6.349999999999999645 ) ) ;
#457 = ORIENTED_EDGE ( 'NONE', *, *, #6910, .F. ) ;
#458 = DIRECTION ( 'NONE',  ( -0.000000000000000000, -0.000000000000000000, -1.000000000000000000 ) ) ;
#459 = AXIS2_PLACEMENT_3D ( 'NONE', #5501, #2184, #1407 ) ;
#460 = DIRECTION ( 'NONE',  ( 6.938893903907227392E-16, -1.000000000000000000, -0.000000000000000000 ) ) ;
#461 = LINE ( 'NONE', #10433, #396 ) ;
#462 = EDGE_LOOP ( 'NONE', ( #10494, #770, #8460, #10789 ) ) ;
#463 = EDGE_CURVE ( 'NONE', #1845, #5687, #3777, .T. ) ;
#464 = VECTOR ( 'NONE', #4747, 1000.000000000000000 ) ;
#465 = ADVANCED_FACE ( 'NONE', ( #10296 ), #2732, .T. ) ;
#466 = AXIS2_PLACEMENT_3D ( 'NONE', #1843, #2632, #5219 ) ;
#467 = AXIS2_PLACEMENT_3D ( 'NONE', #3189, #10933, #4136 ) ;
#468 = CARTESIAN_POINT ( 'NONE',  ( 253.3000000000000114, 45.40000000000000568, 6.349999999999999645 ) ) ;
#469 = VECTOR ( 'NONE', #9703, 1000.000000000000000 ) ;
#470 = AXIS2_PLACEMENT_3D ( 'NONE', #1290, #7432, #1404 ) ;
#471 = EDGE_LOOP ( 'NONE', ( #6081, #9018, #1077, #4107 ) ) ;
#472 = DIRECTION ( 'NONE',  ( 0.000000000000000000, 0.000000000000000000, 1.000000000000000000 ) ) ;
#473 = ORIENTED_EDGE ( 'NONE', *, *, #3039, .F. ) ;
#474 = ORIENTED_EDGE ( 'NONE', *, *, #1364, .F. ) ;
#475 = CARTESIAN_POINT ( 'NONE',  ( 243.3000000000000966, -45.40000000000004121, 6.349999999999999645 ) ) ;
#476 = CIRCLE ( 'NONE', #6480, 1.549999999999995826 ) ;
#477 = CARTESIAN_POINT ( 'NONE',  ( 43.29999999999999005, 20.00000000000000355, 0.000000000000000000 ) ) ;
#478 = FACE_BOUND ( 'NONE', #2164, .T. ) ;
#479 = ORIENTED_EDGE ( 'NONE', *, *, #2907, .T. ) ;
#480 = DIRECTION ( 'NONE',  ( -0.000000000000000000, -1.000000000000000000, -0.000000000000000000 ) ) ;
#481 = AXIS2_PLACEMENT_3D ( 'NONE', #9617, #1314, #1259 ) ;
#482 = CARTESIAN_POINT ( 'NONE',  ( 200.2000000000001023, -19.99999999999992184, 6.349999999999999645 ) ) ;
#483 = CIRCLE ( 'NONE', #1193, 1.549999999999995826 ) ;
#484 = CARTESIAN_POINT ( 'NONE',  ( 90.20000000000013074, -32.05000000000007532, 6.349999999999999645 ) ) ;
#485 = ADVANCED_FACE ( 'NONE', ( #2792 ), #10355, .F. ) ;
#486 = CARTESIAN_POINT ( 'NONE',  ( 301.7500000000000568, -45.39999999999999858, 0.000000000000000000 ) ) ;
#487 = ORIENTED_EDGE ( 'NONE', *, *, #10704, .F. ) ;
#488 = ORIENTED_EDGE ( 'NONE', *, *, #4365, .T. ) ;
#489 = CARTESIAN_POINT ( 'NONE',  ( 250.2000000000000455, 5.399999999999998579, 6.349999999999999645 ) ) ;
#490 = CIRCLE ( 'NONE', #7211, 1.549999999999995826 ) ;
#491 = CARTESIAN_POINT ( 'NONE',  ( 73.30000000000013927, -72.05000000000008242, 6.349999999999999645 ) ) ;
#492 = ORIENTED_EDGE ( 'NONE', *, *, #2719, .T. ) ;
#493 = CARTESIAN_POINT ( 'NONE',  ( 120.7857146142317646, -30.31245604999991983, 6.349999999999999645 ) ) ;
#494 = DIRECTION ( 'NONE',  ( -0.000000000000000000, -0.000000000000000000, -1.000000000000000000 ) ) ;
#495 = VERTEX_POINT ( 'NONE', #5274 ) ;
#496 = CIRCLE ( 'NONE', #1031, 1.549999999999995826 ) ;
#497 = CARTESIAN_POINT ( 'NONE',  ( 180.2000000000001023, 20.00000000000000355, 0.000000000000000000 ) ) ;
#498 = VECTOR ( 'NONE', #4032, 1000.000000000000000 ) ;
#499 = DIRECTION ( 'NONE',  ( -1.000000000000000000, 0.000000000000000000, 0.000000000000000000 ) ) ;
#500 = EDGE_CURVE ( 'NONE', #4094, #5665, #1062, .T. ) ;
#501 = CARTESIAN_POINT ( 'NONE',  ( 193.3000000000001251, -72.05000000000008242, 0.000000000000000000 ) ) ;
#502 = VERTEX_POINT ( 'NONE', #7811 ) ;
#503 = CARTESIAN_POINT ( 'NONE',  ( 240.2000000000000171, 5.399999999999998579, 0.000000000000000000 ) ) ;
#504 = ORIENTED_EDGE ( 'NONE', *, *, #8500, .T. ) ;
#505 = LINE ( 'NONE', #10582, #2941 ) ;
#506 = EDGE_CURVE ( 'NONE', #4097, #5971, #5658, .T. ) ;
#507 = CARTESIAN_POINT ( 'NONE',  ( 50.20000000000008811, 20.00000000000000355, 6.349999999999999645 ) ) ;
#508 = CARTESIAN_POINT ( 'NONE',  ( 240.2000000000000171, 45.39999999999999858, 6.349999999999999645 ) ) ;
#509 = DIRECTION ( 'NONE',  ( 0.000000000000000000, 0.000000000000000000, 1.000000000000000000 ) ) ;
#510 = EDGE_CURVE ( 'NONE', #6020, #9688, #7314, .T. ) ;
#511 = EDGE_CURVE ( 'NONE', #7241, #3093, #397, .T. ) ;
#512 = ORIENTED_EDGE ( 'NONE', *, *, #6041, .F. ) ;
#513 = DIRECTION ( 'NONE',  ( -1.000000000000000000, 0.000000000000000000, 0.000000000000000000 ) ) ;
#514 = ORIENTED_EDGE ( 'NONE', *, *, #6804, .T. ) ;
#515 = CARTESIAN_POINT ( 'NONE',  ( 140.2000000000001023, 20.00000000000000355, 6.349999999999999645 ) ) ;
#516 = CARTESIAN_POINT ( 'NONE',  ( 221.8214292284634439, -82.54999999999998295, 6.349999999999999645 ) ) ;
#517 = CARTESIAN_POINT ( 'NONE',  ( 240.2000000000000171, 5.399999999999998579, 0.000000000000000000 ) ) ;
#518 = LINE ( 'NONE', #7433, #4820 ) ;
#519 = ORIENTED_EDGE ( 'NONE', *, *, #4790, .T. ) ;
#520 = LINE ( 'NONE', #5618, #6124 ) ;
#521 = EDGE_CURVE ( 'NONE', #140, #4645, #4949, .T. ) ;
#522 = ADVANCED_FACE ( 'NONE', ( #10805 ), #10758, .F. ) ;
#523 = EDGE_CURVE ( 'NONE', #2207, #4093, #6544, .T. ) ;
#524 = ORIENTED_EDGE ( 'NONE', *, *, #7210, .T. ) ;
#525 = CARTESIAN_POINT ( 'NONE',  ( 30.20000000000008100, 72.05000000000005400, 0.000000000000000000 ) ) ;
#526 = ORIENTED_EDGE ( 'NONE', *, *, #9874, .T. ) ;
#527 = ORIENTED_EDGE ( 'NONE', *, *, #9643, .T. ) ;
#528 = LINE ( 'NONE', #1363, #3878 ) ;
#529 = DIRECTION ( 'NONE',  ( 0.000000000000000000, 0.000000000000000000, 1.000000000000000000 ) ) ;
#530 = CARTESIAN_POINT ( 'NONE',  ( 40.20000000000016627, -72.05000000000008242, 0.000000000000000000 ) ) ;
#531 = VERTEX_POINT ( 'NONE', #4127 ) ;
#532 = DIRECTION ( 'NONE',  ( -1.734723475976806848E-16, 1.000000000000000000, 0.000000000000000000 ) ) ;
#533 = CARTESIAN_POINT ( 'NONE',  ( 270.2000000000000455, -5.400000000000020783, 0.000000000000000000 ) ) ;
#534 = CARTESIAN_POINT ( 'NONE',  ( 180.2000000000001023, 20.00000000000000355, 6.349999999999999645 ) ) ;
#535 = ADVANCED_FACE ( 'NONE', ( #7431 ), #9150, .F. ) ;
#536 = CARTESIAN_POINT ( 'NONE',  ( 260.2000000000001023, -45.40000000000002700, 6.349999999999999645 ) ) ;
#537 = ORIENTED_EDGE ( 'NONE', *, *, #5755, .T. ) ;
#538 = ORIENTED_EDGE ( 'NONE', *, *, #3434, .F. ) ;
#539 = CARTESIAN_POINT ( 'NONE',  ( 103.3000000000001393, -72.05000000000008242, 6.349999999999999645 ) ) ;
#540 = CARTESIAN_POINT ( 'NONE',  ( 253.3000000000000682, -5.400000000000034106, 0.000000000000000000 ) ) ;
#541 = ORIENTED_EDGE ( 'NONE', *, *, #7537, .F. ) ;
#542 = CARTESIAN_POINT ( 'NONE',  ( 163.3000000000001535, -72.05000000000008242, 0.000000000000000000 ) ) ;
#543 = DIRECTION ( 'NONE',  ( -1.000000000000000000, -1.040834085586084059E-15, 0.000000000000000000 ) ) ;
#544 = EDGE_LOOP ( 'NONE', ( #6970, #142, #355, #527 ) ) ;
#545 = CARTESIAN_POINT ( 'NONE',  ( 253.3000000000000114, 5.399999999999999467, 0.000000000000000000 ) ) ;
#546 = DIRECTION ( 'NONE',  ( -1.000000000000000000, 0.000000000000000000, 0.000000000000000000 ) ) ;
#547 = DIRECTION ( 'NONE',  ( 0.000000000000000000, 0.000000000000000000, 1.000000000000000000 ) ) ;
#548 = ORIENTED_EDGE ( 'NONE', *, *, #5482, .T. ) ;
#549 = ORIENTED_EDGE ( 'NONE', *, *, #9385, .F. ) ;
#550 = DIRECTION ( 'NONE',  ( -4.336808689942025625E-16, 1.000000000000000000, 0.000000000000000000 ) ) ;
#551 = EDGE_LOOP ( 'NONE', ( #6677, #9685, #1389, #8507 ) ) ;
#552 = DIRECTION ( 'NONE',  ( -0.000000000000000000, -0.000000000000000000, -1.000000000000000000 ) ) ;
#553 = CARTESIAN_POINT ( 'NONE',  ( 200.2000000000000739, 72.05000000000005400, 0.000000000000000000 ) ) ;
#554 = CIRCLE ( 'NONE', #1988, 1.549999999999995826 ) ;
#555 = EDGE_CURVE ( 'NONE', #6959, #1909, #4655, .T. ) ;
#556 = FACE_OUTER_BOUND ( 'NONE', #6378, .T. ) ;
#557 = AXIS2_PLACEMENT_3D ( 'NONE', #3598, #5146, #6859 ) ;
#558 = CARTESIAN_POINT ( 'NONE',  ( 151.7500000000001137, 32.05000000000005400, 0.000000000000000000 ) ) ;
#559 = VECTOR ( 'NONE', #3216, 1000.000000000000000 ) ;
#560 = EDGE_LOOP ( 'NONE', ( #2978, #7389, #6672, #5551 ) ) ;
#561 = CARTESIAN_POINT ( 'NONE',  ( 190.2000000000001023, 32.05000000000005400, 6.349999999999999645 ) ) ;
#562 = ORIENTED_EDGE ( 'NONE', *, *, #1965, .F. ) ;
#563 = LINE ( 'NONE', #3959, #4723 ) ;
#564 = DIRECTION ( 'NONE',  ( -1.000000000000000000, 0.000000000000000000, 0.000000000000000000 ) ) ;
#565 = CARTESIAN_POINT ( 'NONE',  ( 183.3000000000000966, -32.05000000000007532, 6.349999999999999645 ) ) ;
#566 = CARTESIAN_POINT ( 'NONE',  ( 222.2500000000000000, 82.55000000000001137, 6.349999999999999645 ) ) ;
#567 = VERTEX_POINT ( 'NONE', #3288 ) ;
#568 = EDGE_CURVE ( 'NONE', #5116, #6405, #1570, .T. ) ;
#569 = ADVANCED_FACE ( 'NONE', ( #3129 ), #4075, .F. ) ;
#570 = AXIS2_PLACEMENT_3D ( 'NONE', #2590, #1858, #28 ) ;
#571 = VECTOR ( 'NONE', #620, 1000.000000000000000 ) ;
#572 = CARTESIAN_POINT ( 'NONE',  ( 183.3000000000000966, -19.99999999999992184, 0.000000000000000000 ) ) ;
#573 = ORIENTED_EDGE ( 'NONE', *, *, #5599, .F. ) ;
#574 = CIRCLE ( 'NONE', #227, 1.549999999999995826 ) ;
#575 = DIRECTION ( 'NONE',  ( -0.000000000000000000, -0.000000000000000000, -1.000000000000000000 ) ) ;
#576 = ORIENTED_EDGE ( 'NONE', *, *, #6803, .T. ) ;
#577 = VERTEX_POINT ( 'NONE', #9971 ) ;
#578 = DIRECTION ( 'NONE',  ( -0.000000000000000000, -0.000000000000000000, -1.000000000000000000 ) ) ;
#579 = CIRCLE ( 'NONE', #2729, 1.549999999999982059 ) ;
#580 = CARTESIAN_POINT ( 'NONE',  ( 283.3000000000000114, 5.399999999999999467, 0.000000000000000000 ) ) ;
#581 = FACE_BOUND ( 'NONE', #8821, .T. ) ;
#582 = ORIENTED_EDGE ( 'NONE', *, *, #4249, .F. ) ;
#583 = CARTESIAN_POINT ( 'NONE',  ( 280.1999999999999886, -5.400000000000014566, 0.000000000000000000 ) ) ;
#584 = EDGE_CURVE ( 'NONE', #176, #4083, #9068, .T. ) ;
#585 = EDGE_CURVE ( 'NONE', #2201, #403, #3072, .T. ) ;
#586 = DIRECTION ( 'NONE',  ( -0.000000000000000000, -0.000000000000000000, -1.000000000000000000 ) ) ;
#587 = DIRECTION ( 'NONE',  ( 1.040834085586084059E-15, -1.000000000000000000, 0.000000000000000000 ) ) ;
#588 = CARTESIAN_POINT ( 'NONE',  ( 221.7500000000001705, -72.05000000000008242, 6.349999999999999645 ) ) ;
#589 = ORIENTED_EDGE ( 'NONE', *, *, #6415, .T. ) ;
#590 = ORIENTED_EDGE ( 'NONE', *, *, #3080, .F. ) ;
#591 = DIRECTION ( 'NONE',  ( 0.000000000000000000, 0.000000000000000000, 1.000000000000000000 ) ) ;
#592 = LINE ( 'NONE', #8900, #4529 ) ;
#593 = ORIENTED_EDGE ( 'NONE', *, *, #5122, .F. ) ;
#594 = CARTESIAN_POINT ( 'NONE',  ( 213.3000000000000966, -19.99999999999992184, 0.000000000000000000 ) ) ;
#595 = PLANE ( 'NONE',  #7994 ) ;
#596 = ORIENTED_EDGE ( 'NONE', *, *, #1440, .T. ) ;
#597 = EDGE_CURVE ( 'NONE', #9570, #6748, #579, .T. ) ;
#598 = EDGE_CURVE ( 'NONE', #2861, #4947, #3076, .T. ) ;
#599 = ORIENTED_EDGE ( 'NONE', *, *, #10550, .T. ) ;
#600 = LINE ( 'NONE', #3055, #9502 ) ;
#601 = LINE ( 'NONE', #8860, #5051 ) ;
#602 = ORIENTED_EDGE ( 'NONE', *, *, #3134, .F. ) ;
#603 = ORIENTED_EDGE ( 'NONE', *, *, #1139, .T. ) ;
#604 = CARTESIAN_POINT ( 'NONE',  ( 143.3000000000000682, 32.05000000000005400, 6.349999999999999645 ) ) ;
#605 = ORIENTED_EDGE ( 'NONE', *, *, #648, .F. ) ;
#606 = AXIS2_PLACEMENT_3D ( 'NONE', #4197, #10813, #1516 ) ;
#607 = AXIS2_PLACEMENT_3D ( 'NONE', #778, #4238, #1736 ) ;
#608 = DIRECTION ( 'NONE',  ( 0.000000000000000000, 0.000000000000000000, 1.000000000000000000 ) ) ;
#609 = DIRECTION ( 'NONE',  ( -1.000000000000000000, 0.000000000000000000, 0.000000000000000000 ) ) ;
#610 = VECTOR ( 'NONE', #7311, 1000.000000000000000 ) ;
#611 = CARTESIAN_POINT ( 'NONE',  ( 171.7500000000000568, 72.05000000000005400, 6.349999999999999645 ) ) ;
#612 = VECTOR ( 'NONE', #3267, 1000.000000000000000 ) ;
#613 = DIRECTION ( 'NONE',  ( -0.000000000000000000, -0.000000000000000000, -1.000000000000000000 ) ) ;
#614 = CARTESIAN_POINT ( 'NONE',  ( 163.3000000000000966, -19.99999999999992184, 6.349999999999999645 ) ) ;
#615 = VERTEX_POINT ( 'NONE', #9034 ) ;
#616 = EDGE_CURVE ( 'NONE', #4516, #7121, #1505, .T. ) ;
#617 = CARTESIAN_POINT ( 'NONE',  ( 221.7500000000000000, 20.00000000000000355, 6.349999999999999645 ) ) ;
#618 = ORIENTED_EDGE ( 'NONE', *, *, #9644, .T. ) ;
#619 = CARTESIAN_POINT ( 'NONE',  ( 233.3000000000000966, -45.40000000000005542, 6.349999999999999645 ) ) ;
#620 = DIRECTION ( 'NONE',  ( 1.000000000000000000, 1.460270790212613217E-16, -0.000000000000000000 ) ) ;
#621 = AXIS2_PLACEMENT_3D ( 'NONE', #10306, #10522, #1069 ) ;
#622 = DIRECTION ( 'NONE',  ( -1.000000000000000000, 0.000000000000000000, 0.000000000000000000 ) ) ;
#623 = FACE_OUTER_BOUND ( 'NONE', #9834, .T. ) ;
#624 = EDGE_LOOP ( 'NONE', ( #8188, #8185, #3741, #8407 ) ) ;
#625 = CIRCLE ( 'NONE', #1511, 1.549999999999968070 ) ;
#626 = AXIS2_PLACEMENT_3D ( 'NONE', #8845, #9832, #7180 ) ;
#627 = DIRECTION ( 'NONE',  ( 6.938893903907227392E-16, -1.000000000000000000, 0.000000000000000000 ) ) ;
#628 = VECTOR ( 'NONE', #7810, 1000.000000000000000 ) ;
#629 = VECTOR ( 'NONE', #3479, 1000.000000000000000 ) ;
#630 = ORIENTED_EDGE ( 'NONE', *, *, #5849, .F. ) ;
#631 = EDGE_CURVE ( 'NONE', #5398, #10200, #3245, .T. ) ;
#632 = LINE ( 'NONE', #7438, #1860 ) ;
#633 = EDGE_LOOP ( 'NONE', ( #5644, #10326, #10198, #3400 ) ) ;
#634 = ORIENTED_EDGE ( 'NONE', *, *, #10491, .T. ) ;
#635 = CARTESIAN_POINT ( 'NONE',  ( 40.20000000000008811, 32.05000000000005400, 6.349999999999999645 ) ) ;
#636 = VECTOR ( 'NONE', #7290, 1000.000000000000000 ) ;
#637 = CARTESIAN_POINT ( 'NONE',  ( 73.30000000000011084, -32.05000000000007532, 6.349999999999999645 ) ) ;
#638 = CARTESIAN_POINT ( 'NONE',  ( 91.75000000000017053, -72.05000000000008242, 6.349999999999999645 ) ) ;
#639 = ORIENTED_EDGE ( 'NONE', *, *, #2488, .T. ) ;
#640 = CIRCLE ( 'NONE', #9309, 1.549999999999982059 ) ;
#641 = CARTESIAN_POINT ( 'NONE',  ( 30.20000000000010232, -19.99999999999992184, 0.000000000000000000 ) ) ;
#642 = CYLINDRICAL_SURFACE ( 'NONE', #3868, 1.549999999999995826 ) ;
#643 = VECTOR ( 'NONE', #2678, 1000.000000000000000 ) ;
#644 = DIRECTION ( 'NONE',  ( 1.734723475976806848E-16, -1.000000000000000000, -0.000000000000000000 ) ) ;
#645 = ORIENTED_EDGE ( 'NONE', *, *, #10675, .T. ) ;
#646 = EDGE_LOOP ( 'NONE', ( #7458, #5131, #1200, #34 ) ) ;
#647 = FACE_OUTER_BOUND ( 'NONE', #4196, .T. ) ;
#648 = EDGE_CURVE ( 'NONE', #4973, #8571, #8200, .T. ) ;
#649 = EDGE_CURVE ( 'NONE', #5127, #3704, #9915, .T. ) ;
#650 = DIRECTION ( 'NONE',  ( 1.000000000000000000, 5.204170427930431144E-16, -0.000000000000000000 ) ) ;
#651 = ORIENTED_EDGE ( 'NONE', *, *, #2022, .F. ) ;
#652 = DIRECTION ( 'NONE',  ( -1.000000000000000000, 0.000000000000000000, 0.000000000000000000 ) ) ;
#653 = LINE ( 'NONE', #5914, #7838 ) ;
#654 = ORIENTED_EDGE ( 'NONE', *, *, #1208, .F. ) ;
#655 = AXIS2_PLACEMENT_3D ( 'NONE', #7098, #352, #189 ) ;
#656 = AXIS2_PLACEMENT_3D ( 'NONE', #4520, #7782, #2817 ) ;
#657 = CARTESIAN_POINT ( 'NONE',  ( 80.20000000000008811, 32.05000000000005400, 6.349999999999999645 ) ) ;
#658 = EDGE_LOOP ( 'NONE', ( #9823, #25, #5308, #4919 ) ) ;
#659 = AXIS2_PLACEMENT_3D ( 'NONE', #1386, #1485, #499 ) ;
#660 = DIRECTION ( 'NONE',  ( 6.938893903907227392E-16, -1.000000000000000000, -0.000000000000000000 ) ) ;
#661 = VECTOR ( 'NONE', #10667, 1000.000000000000000 ) ;
#662 = LINE ( 'NONE', #5692, #6454 ) ;
#663 = EDGE_LOOP ( 'NONE', ( #6650, #8458, #10101, #3005 ) ) ;
#664 = ORIENTED_EDGE ( 'NONE', *, *, #6218, .T. ) ;
#665 = LINE ( 'NONE', #10791, #748 ) ;
#666 = EDGE_CURVE ( 'NONE', #7460, #2279, #6094, .T. ) ;
#667 = EDGE_CURVE ( 'NONE', #8619, #250, #5991, .T. ) ;
#668 = VECTOR ( 'NONE', #8844, 1000.000000000000000 ) ;
#669 = ORIENTED_EDGE ( 'NONE', *, *, #4331, .F. ) ;
#670 = CARTESIAN_POINT ( 'NONE',  ( 60.20000000000008811, 32.05000000000005400, 0.000000000000000000 ) ) ;
#671 = FACE_OUTER_BOUND ( 'NONE', #5088, .T. ) ;
#672 = AXIS2_PLACEMENT_3D ( 'NONE', #8159, #3194, #9880 ) ;
#673 = DIRECTION ( 'NONE',  ( 0.000000000000000000, 0.000000000000000000, 1.000000000000000000 ) ) ;
#674 = FACE_OUTER_BOUND ( 'NONE', #5455, .T. ) ;
#675 = ORIENTED_EDGE ( 'NONE', *, *, #9146, .T. ) ;
#676 = DIRECTION ( 'NONE',  ( 1.000000000000000000, 0.000000000000000000, 0.000000000000000000 ) ) ;
#677 = VERTEX_POINT ( 'NONE', #4500 ) ;
#678 = FACE_BOUND ( 'NONE', #7778, .T. ) ;
#679 = EDGE_LOOP ( 'NONE', ( #4485, #3431, #8358, #645 ) ) ;
#680 = DIRECTION ( 'NONE',  ( -1.000000000000000000, 0.000000000000000000, 0.000000000000000000 ) ) ;
#681 = CARTESIAN_POINT ( 'NONE',  ( 101.7500000000001137, -32.05000000000007532, 6.349999999999999645 ) ) ;
#682 = AXIS2_PLACEMENT_3D ( 'NONE', #5542, #9587, #6985 ) ;
#683 = CARTESIAN_POINT ( 'NONE',  ( 183.3000000000000966, -19.99999999999992184, 6.349999999999999645 ) ) ;
#684 = LINE ( 'NONE', #8149, #4993 ) ;
#685 = ORIENTED_EDGE ( 'NONE', *, *, #1402, .T. ) ;
#686 = EDGE_CURVE ( 'NONE', #3334, #4756, #3446, .T. ) ;
#687 = ORIENTED_EDGE ( 'NONE', *, *, #9386, .T. ) ;
#688 = DIRECTION ( 'NONE',  ( 0.000000000000000000, 1.000000000000000000, 0.000000000000000000 ) ) ;
#689 = ORIENTED_EDGE ( 'NONE', *, *, #6068, .F. ) ;
#690 = VERTEX_POINT ( 'NONE', #5323 ) ;
#691 = FACE_OUTER_BOUND ( 'NONE', #2193, .T. ) ;
#692 = CARTESIAN_POINT ( 'NONE',  ( 80.20000000000008811, 32.05000000000005400, 6.349999999999999645 ) ) ;
#693 = CARTESIAN_POINT ( 'NONE',  ( 18.71000000000000441, -20.00000000000000000, 6.349999999999999645 ) ) ;
#694 = VERTEX_POINT ( 'NONE', #9527 ) ;
#695 = EDGE_CURVE ( 'NONE', #3958, #6345, #3506, .T. ) ;
#696 = CARTESIAN_POINT ( 'NONE',  ( 160.2000000000001307, -32.05000000000007532, 6.349999999999999645 ) ) ;
#697 = CARTESIAN_POINT ( 'NONE',  ( 211.7500000000001705, -72.05000000000008242, 0.000000000000000000 ) ) ;
#698 = DIRECTION ( 'NONE',  ( -0.000000000000000000, -0.000000000000000000, -1.000000000000000000 ) ) ;
#699 = ORIENTED_EDGE ( 'NONE', *, *, #7116, .F. ) ;
#700 = EDGE_LOOP ( 'NONE', ( #3610, #5229, #9183, #2249 ) ) ;
#701 = DIRECTION ( 'NONE',  ( -0.000000000000000000, -1.000000000000000000, -0.000000000000000000 ) ) ;
#702 = CARTESIAN_POINT ( 'NONE',  ( 141.7500000000000853, 32.05000000000005400, 6.349999999999999645 ) ) ;
#703 = ORIENTED_EDGE ( 'NONE', *, *, #10929, .F. ) ;
#704 = DIRECTION ( 'NONE',  ( 0.000000000000000000, 0.000000000000000000, 1.000000000000000000 ) ) ;
#705 = FACE_OUTER_BOUND ( 'NONE', #6953, .T. ) ;
#706 = VERTEX_POINT ( 'NONE', #7761 ) ;
#707 = CARTESIAN_POINT ( 'NONE',  ( 70.20000000000008811, 20.00000000000000355, 6.349999999999999645 ) ) ;
#708 = ORIENTED_EDGE ( 'NONE', *, *, #4772, .T. ) ;
#709 = ADVANCED_FACE ( 'NONE', ( #220 ), #4336, .F. ) ;
#710 = LINE ( 'NONE', #9295, #5604 ) ;
#711 = PLANE ( 'NONE',  #1164 ) ;
#712 = VERTEX_POINT ( 'NONE', #1110 ) ;
#713 = ORIENTED_EDGE ( 'NONE', *, *, #181, .T. ) ;
#714 = CARTESIAN_POINT ( 'NONE',  ( 273.3000000000000114, 45.40000000000000568, 6.349999999999999645 ) ) ;
#715 = EDGE_LOOP ( 'NONE', ( #7482, #974, #7953, #8952 ) ) ;
#716 = DIRECTION ( 'NONE',  ( -0.000000000000000000, -0.000000000000000000, -1.000000000000000000 ) ) ;
#717 = DIRECTION ( 'NONE',  ( -6.938893903907227392E-16, 1.000000000000000000, -0.000000000000000000 ) ) ;
#718 = EDGE_CURVE ( 'NONE', #2413, #3445, #9410, .T. ) ;
#719 = EDGE_CURVE ( 'NONE', #5140, #10845, #1001, .T. ) ;
#720 = EDGE_CURVE ( 'NONE', #4084, #732, #6038, .T. ) ;
#721 = CARTESIAN_POINT ( 'NONE',  ( 53.30000000000008242, -19.99999999999992184, 6.349999999999999645 ) ) ;
#722 = DIRECTION ( 'NONE',  ( 1.387778780781445676E-15, -1.000000000000000000, 0.000000000000000000 ) ) ;
#723 = ORIENTED_EDGE ( 'NONE', *, *, #6415, .F. ) ;
#724 = CARTESIAN_POINT ( 'NONE',  ( 132.7857146142317788, -30.31245604999991983, 0.000000000000000000 ) ) ;
#725 = ORIENTED_EDGE ( 'NONE', *, *, #7616, .F. ) ;
#726 = CARTESIAN_POINT ( 'NONE',  ( 173.3000000000000966, -19.99999999999992184, 6.349999999999999645 ) ) ;
#727 = VERTEX_POINT ( 'NONE', #8579 ) ;
#728 = DIRECTION ( 'NONE',  ( 1.000000000000000000, 0.000000000000000000, 0.000000000000000000 ) ) ;
#729 = CARTESIAN_POINT ( 'NONE',  ( 213.3000000000000682, 32.05000000000005400, 0.000000000000000000 ) ) ;
#730 = CARTESIAN_POINT ( 'NONE',  ( 250.2000000000000455, 45.39999999999999858, 0.000000000000000000 ) ) ;
#731 = PLANE ( 'NONE',  #7999 ) ;
#732 = VERTEX_POINT ( 'NONE', #5157 ) ;
#733 = EDGE_CURVE ( 'NONE', #2657, #10617, #5702, .T. ) ;
#734 = EDGE_CURVE ( 'NONE', #9896, #996, #7861, .T. ) ;
#735 = AXIS2_PLACEMENT_3D ( 'NONE', #9494, #1924, #5298 ) ;
#736 = VECTOR ( 'NONE', #4540, 1000.000000000000000 ) ;
#737 = FACE_OUTER_BOUND ( 'NONE', #6442, .T. ) ;
#738 = CARTESIAN_POINT ( 'NONE',  ( 71.75000000000001421, -20.00000000000003197, 6.349999999999999645 ) ) ;
#739 = ORIENTED_EDGE ( 'NONE', *, *, #2228, .T. ) ;
#740 = CARTESIAN_POINT ( 'NONE',  ( 342.4714292284635349, -50.79999999999998295, 6.349999999999999645 ) ) ;
#741 = VERTEX_POINT ( 'NONE', #5209 ) ;
#742 = ORIENTED_EDGE ( 'NONE', *, *, #5584, .T. ) ;
#743 = CARTESIAN_POINT ( 'NONE',  ( 220.2000000000001307, 20.00000000000000355, 6.349999999999999645 ) ) ;
#744 = CARTESIAN_POINT ( 'NONE',  ( 33.30000000000014637, -72.05000000000008242, 6.349999999999999645 ) ) ;
#745 = LINE ( 'NONE', #4144, #1098 ) ;
#746 = AXIS2_PLACEMENT_3D ( 'NONE', #693, #6121, #2751 ) ;
#747 = ORIENTED_EDGE ( 'NONE', *, *, #3586, .F. ) ;
#748 = VECTOR ( 'NONE', #2218, 1000.000000000000000 ) ;
#749 = DIRECTION ( 'NONE',  ( -3.469446951953620598E-16, 1.000000000000000000, 0.000000000000000000 ) ) ;
#750 = CARTESIAN_POINT ( 'NONE',  ( 91.75000000000000000, 20.00000000000000355, 0.000000000000000000 ) ) ;
#751 = CIRCLE ( 'NONE', #9756, 1.549999999999995826 ) ;
#752 = DIRECTION ( 'NONE',  ( -0.000000000000000000, -0.000000000000000000, -1.000000000000000000 ) ) ;
#753 = EDGE_LOOP ( 'NONE', ( #9063, #1717, #755, #10449 ) ) ;
#754 = CARTESIAN_POINT ( 'NONE',  ( 342.4714292284635349, 50.80000000000001137, 6.349999999999999645 ) ) ;
#755 = ORIENTED_EDGE ( 'NONE', *, *, #9718, .F. ) ;
#756 = ORIENTED_EDGE ( 'NONE', *, *, #4778, .F. ) ;
#757 = CARTESIAN_POINT ( 'NONE',  ( 103.3000000000001108, -32.05000000000007532, 6.349999999999999645 ) ) ;
#758 = ADVANCED_FACE ( 'NONE', ( #8641 ), #3558, .T. ) ;
#759 = LINE ( 'NONE', #3257, #3293 ) ;
#760 = ORIENTED_EDGE ( 'NONE', *, *, #2084, .F. ) ;
#761 = CARTESIAN_POINT ( 'NONE',  ( 113.3000000000000824, -19.99999999999992184, 6.349999999999999645 ) ) ;
#762 = FACE_OUTER_BOUND ( 'NONE', #6425, .T. ) ;
#763 = VERTEX_POINT ( 'NONE', #2728 ) ;
#764 = CARTESIAN_POINT ( 'NONE',  ( 231.7500000000000000, 45.39999999999999858, 6.349999999999999645 ) ) ;
#765 = CIRCLE ( 'NONE', #10484, 1.549999999999982059 ) ;
#766 = ORIENTED_EDGE ( 'NONE', *, *, #5701, .T. ) ;
#767 = DIRECTION ( 'NONE',  ( -0.000000000000000000, -0.000000000000000000, -1.000000000000000000 ) ) ;
#768 = DIRECTION ( 'NONE',  ( -0.000000000000000000, -0.000000000000000000, -1.000000000000000000 ) ) ;
#769 = VERTEX_POINT ( 'NONE', #9573 ) ;
#770 = ORIENTED_EDGE ( 'NONE', *, *, #3892, .F. ) ;
#771 = DIRECTION ( 'NONE',  ( 0.000000000000000000, 0.000000000000000000, 1.000000000000000000 ) ) ;
#772 = ADVANCED_FACE ( 'NONE', ( #10293 ), #9464, .T. ) ;
#773 = EDGE_CURVE ( 'NONE', #1258, #6785, #7644, .T. ) ;
#774 = EDGE_LOOP ( 'NONE', ( #1932, #4293, #603, #2392 ) ) ;
#775 = CARTESIAN_POINT ( 'NONE',  ( 263.3000000000000114, -5.400000000000027001, -0.000000000000000000 ) ) ;
#776 = DIRECTION ( 'NONE',  ( 0.000000000000000000, 0.000000000000000000, 1.000000000000000000 ) ) ;
#777 = DIRECTION ( 'NONE',  ( -0.000000000000000000, -0.000000000000000000, -1.000000000000000000 ) ) ;
#778 = CARTESIAN_POINT ( 'NONE',  ( 71.75000000000007105, 72.05000000000005400, 0.000000000000000000 ) ) ;
#779 = EDGE_LOOP ( 'NONE', ( #2178, #1103, #524, #1686 ) ) ;
#780 = CARTESIAN_POINT ( 'NONE',  ( 329.6714292284635235, 19.99999999999999645, 0.000000000000000000 ) ) ;
#781 = AXIS2_PLACEMENT_3D ( 'NONE', #1765, #5023, #6685 ) ;
#782 = ORIENTED_EDGE ( 'NONE', *, *, #2836, .F. ) ;
#783 = CYLINDRICAL_SURFACE ( 'NONE', #3635, 1.549999999999968070 ) ;
#784 = ORIENTED_EDGE ( 'NONE', *, *, #568, .T. ) ;
#785 = CARTESIAN_POINT ( 'NONE',  ( 171.7500000000001137, -32.05000000000007532, 6.349999999999999645 ) ) ;
#786 = VERTEX_POINT ( 'NONE', #10351 ) ;
#787 = EDGE_CURVE ( 'NONE', #7181, #4586, #1059, .T. ) ;
#788 = EDGE_CURVE ( 'NONE', #7108, #4097, #765, .T. ) ;
#789 = DIRECTION ( 'NONE',  ( 0.000000000000000000, 0.000000000000000000, 1.000000000000000000 ) ) ;
#790 = DIRECTION ( 'NONE',  ( 6.938893903907227392E-16, -1.000000000000000000, 0.000000000000000000 ) ) ;
#791 = ORIENTED_EDGE ( 'NONE', *, *, #4431, .T. ) ;
#792 = VECTOR ( 'NONE', #2525, 1000.000000000000000 ) ;
#793 = CIRCLE ( 'NONE', #83, 1.549999999999995826 ) ;
#794 = LINE ( 'NONE', #3527, #2777 ) ;
#795 = DIRECTION ( 'NONE',  ( -1.000000000000000000, 0.000000000000000000, 0.000000000000000000 ) ) ;
#796 = ORIENTED_EDGE ( 'NONE', *, *, #10068, .F. ) ;
#797 = VECTOR ( 'NONE', #6919, 1000.000000000000000 ) ;
#798 = CARTESIAN_POINT ( 'NONE',  ( 63.29999999999999716, 20.00000000000000355, 0.000000000000000000 ) ) ;
#799 = VERTEX_POINT ( 'NONE', #1782 ) ;
#800 = LINE ( 'NONE', #7614, #9513 ) ;
#801 = AXIS2_PLACEMENT_3D ( 'NONE', #2291, #9147, #1567 ) ;
#802 = EDGE_CURVE ( 'NONE', #8593, #8288, #8525, .T. ) ;
#803 = ADVANCED_FACE ( 'NONE', ( #9840 ), #3935, .F. ) ;
#804 = AXIS2_PLACEMENT_3D ( 'NONE', #7197, #9899, #10578 ) ;
#805 = CARTESIAN_POINT ( 'NONE',  ( 181.7500000000000000, -20.00000000000003197, 6.349999999999999645 ) ) ;
#806 = FACE_BOUND ( 'NONE', #10066, .T. ) ;
#807 = ORIENTED_EDGE ( 'NONE', *, *, #2848, .T. ) ;
#808 = CARTESIAN_POINT ( 'NONE',  ( 103.3000000000000824, -19.99999999999992184, 6.349999999999999645 ) ) ;
#809 = CIRCLE ( 'NONE', #2226, 1.549999999999995826 ) ;
#810 = CARTESIAN_POINT ( 'NONE',  ( 273.3000000000000114, 5.399999999999999467, 6.349999999999999645 ) ) ;
#811 = DIRECTION ( 'NONE',  ( -1.000000000000000000, -1.734723475976807094E-16, 0.000000000000000000 ) ) ;
#812 = AXIS2_PLACEMENT_3D ( 'NONE', #8624, #9448, #9231 ) ;
#813 = ORIENTED_EDGE ( 'NONE', *, *, #5537, .F. ) ;
#814 = CARTESIAN_POINT ( 'NONE',  ( 153.3000000000000682, 32.05000000000005400, 6.349999999999999645 ) ) ;
#815 = ORIENTED_EDGE ( 'NONE', *, *, #7064, .F. ) ;
#816 = ORIENTED_EDGE ( 'NONE', *, *, #10422, .F. ) ;
#817 = LINE ( 'NONE', #8508, #2811 ) ;
#818 = LINE ( 'NONE', #2430, #101 ) ;
#819 = VECTOR ( 'NONE', #6164, 1000.000000000000000 ) ;
#820 = EDGE_LOOP ( 'NONE', ( #3890, #3190, #953, #3877 ) ) ;
#821 = DIRECTION ( 'NONE',  ( 1.040834085586084059E-15, -1.000000000000000000, 0.000000000000000000 ) ) ;
#822 = DIRECTION ( 'NONE',  ( -0.000000000000000000, -0.000000000000000000, -1.000000000000000000 ) ) ;
#823 = VERTEX_POINT ( 'NONE', #8805 ) ;
#824 = VECTOR ( 'NONE', #10387, 1000.000000000000000 ) ;
#825 = DIRECTION ( 'NONE',  ( -3.469446951953613696E-16, 1.000000000000000000, 0.000000000000000000 ) ) ;
#826 = CIRCLE ( 'NONE', #5777, 1.549999999999995826 ) ;
#827 = ORIENTED_EDGE ( 'NONE', *, *, #9041, .T. ) ;
#828 = ADVANCED_FACE ( 'NONE', ( #7243 ), #10508, .T. ) ;
#829 = AXIS2_PLACEMENT_3D ( 'NONE', #7812, #6209, #1225 ) ;
#830 = PRODUCT_DEFINITION_FORMATION_WITH_SPECIFIED_SOURCE ( 'ANY', '', #10899, .NOT_KNOWN. ) ;
#831 = CARTESIAN_POINT ( 'NONE',  ( 93.30000000000006821, 32.05000000000005400, 6.349999999999999645 ) ) ;
#832 = DIRECTION ( 'NONE',  ( 1.387778780781446070E-15, -1.000000000000000000, 0.000000000000000000 ) ) ;
#833 = ORIENTED_EDGE ( 'NONE', *, *, #7980, .F. ) ;
#834 = VERTEX_POINT ( 'NONE', #4761 ) ;
#835 = CIRCLE ( 'NONE', #8438, 1.549999999999995826 ) ;
#836 = CARTESIAN_POINT ( 'NONE',  ( 40.20000000000008811, 32.05000000000005400, 6.349999999999999645 ) ) ;
#837 = VECTOR ( 'NONE', #956, 1000.000000000000000 ) ;
#838 = EDGE_LOOP ( 'NONE', ( #7789, #9893, #6391, #3753 ) ) ;
#839 = CIRCLE ( 'NONE', #307, 1.549999999999995826 ) ;
#840 = CARTESIAN_POINT ( 'NONE',  ( 90.20000000000010232, -19.99999999999992184, 6.349999999999999645 ) ) ;
#841 = DIRECTION ( 'NONE',  ( 1.000000000000000000, 1.734723475976806848E-16, -0.000000000000000000 ) ) ;
#842 = CIRCLE ( 'NONE', #2807, 1.549999999999995826 ) ;
#843 = EDGE_CURVE ( 'NONE', #7213, #8522, #7078, .T. ) ;
#844 = DIRECTION ( 'NONE',  ( 0.000000000000000000, 0.000000000000000000, 1.000000000000000000 ) ) ;
#845 = AXIS2_PLACEMENT_3D ( 'NONE', #1051, #4438, #991 ) ;
#846 = LINE ( 'NONE', #9417, #1684 ) ;
#847 = ORIENTED_EDGE ( 'NONE', *, *, #9400, .T. ) ;
#848 = DIRECTION ( 'NONE',  ( -0.000000000000000000, -0.000000000000000000, -1.000000000000000000 ) ) ;
#849 = VERTEX_POINT ( 'NONE', #3889 ) ;
#850 = ORIENTED_EDGE ( 'NONE', *, *, #2983, .T. ) ;
#851 = CARTESIAN_POINT ( 'NONE',  ( 183.3000000000000966, -19.99999999999992184, 6.349999999999999645 ) ) ;
#852 = EDGE_LOOP ( 'NONE', ( #3819, #2216, #6173, #5406 ) ) ;
#853 = VECTOR ( 'NONE', #10277, 1000.000000000000000 ) ;
#854 = DIRECTION ( 'NONE',  ( 0.000000000000000000, 0.000000000000000000, -1.000000000000000000 ) ) ;
#855 = LINE ( 'NONE', #4246, #1455 ) ;
#856 = FACE_OUTER_BOUND ( 'NONE', #2410, .T. ) ;
#857 = CIRCLE ( 'NONE', #325, 1.549999999999995826 ) ;
#858 = ADVANCED_FACE ( 'NONE', ( #10570 ), #7128, .F. ) ;
#859 = EDGE_CURVE ( 'NONE', #9342, #1122, #8127, .T. ) ;
#860 = DIRECTION ( 'NONE',  ( -0.000000000000000000, -0.000000000000000000, -1.000000000000000000 ) ) ;
#861 = EDGE_CURVE ( 'NONE', #219, #2780, #10619, .T. ) ;
#862 = ORIENTED_EDGE ( 'NONE', *, *, #2035, .T. ) ;
#863 = CARTESIAN_POINT ( 'NONE',  ( 7.160000000000001918, -20.00000000000000000, 0.000000000000000000 ) ) ;
#864 = ORIENTED_EDGE ( 'NONE', *, *, #9264, .T. ) ;
#865 = LINE ( 'NONE', #3471, #5983 ) ;
#866 = DIRECTION ( 'NONE',  ( -0.000000000000000000, -0.000000000000000000, -1.000000000000000000 ) ) ;
#867 = FACE_OUTER_BOUND ( 'NONE', #9360, .T. ) ;
#868 = ORIENTED_EDGE ( 'NONE', *, *, #3526, .F. ) ;
#869 = CARTESIAN_POINT ( 'NONE',  ( 161.7499999999999716, -20.00000000000003197, 0.000000000000000000 ) ) ;
#870 = EDGE_CURVE ( 'NONE', #10828, #9544, #1318, .T. ) ;
#871 = EDGE_CURVE ( 'NONE', #1197, #3887, #2183, .T. ) ;
#872 = ADVANCED_FACE ( 'NONE', ( #5527 ), #3773, .T. ) ;
#873 = FACE_OUTER_BOUND ( 'NONE', #4313, .T. ) ;
#874 = LINE ( 'NONE', #8334, #4915 ) ;
#875 = ORIENTED_EDGE ( 'NONE', *, *, #4513, .F. ) ;
#876 = FACE_OUTER_BOUND ( 'NONE', #9007, .T. ) ;
#877 = EDGE_LOOP ( 'NONE', ( #7189, #4289, #5839, #6396 ) ) ;
#878 = VERTEX_POINT ( 'NONE', #3101 ) ;
#879 = DIRECTION ( 'NONE',  ( -6.938893903907227392E-16, 1.000000000000000000, -0.000000000000000000 ) ) ;
#880 = LINE ( 'NONE', #4268, #1880 ) ;
#881 = ORIENTED_EDGE ( 'NONE', *, *, #6114, .F. ) ;
#882 = CARTESIAN_POINT ( 'NONE',  ( 220.2000000000000739, 72.05000000000005400, 6.349999999999999645 ) ) ;
#883 = DIRECTION ( 'NONE',  ( -0.000000000000000000, -0.000000000000000000, -1.000000000000000000 ) ) ;
#884 = VERTEX_POINT ( 'NONE', #6466 ) ;
#885 = DIRECTION ( 'NONE',  ( -0.000000000000000000, -0.000000000000000000, -1.000000000000000000 ) ) ;
#886 = ORIENTED_EDGE ( 'NONE', *, *, #2196, .F. ) ;
#887 = EDGE_CURVE ( 'NONE', #763, #6899, #1265, .T. ) ;
#888 = CARTESIAN_POINT ( 'NONE',  ( 160.2000000000000739, 72.05000000000005400, 6.349999999999999645 ) ) ;
#889 = DIRECTION ( 'NONE',  ( 0.000000000000000000, 0.000000000000000000, 1.000000000000000000 ) ) ;
#890 = ORIENTED_EDGE ( 'NONE', *, *, #2311, .F. ) ;
#891 = ORIENTED_EDGE ( 'NONE', *, *, #3052, .F. ) ;
#892 = CARTESIAN_POINT ( 'NONE',  ( 210.2000000000001307, -32.05000000000007532, 6.349999999999999645 ) ) ;
#893 = ORIENTED_EDGE ( 'NONE', *, *, #4025, .F. ) ;
#894 = DIRECTION ( 'NONE',  ( -0.000000000000000000, -1.000000000000000000, -0.000000000000000000 ) ) ;
#895 = DIRECTION ( 'NONE',  ( 0.000000000000000000, 0.000000000000000000, 1.000000000000000000 ) ) ;
#896 = DIRECTION ( 'NONE',  ( 0.000000000000000000, 0.000000000000000000, 1.000000000000000000 ) ) ;
#897 = CARTESIAN_POINT ( 'NONE',  ( 170.2000000000000739, 72.05000000000005400, 6.349999999999999645 ) ) ;
#898 = ORIENTED_EDGE ( 'NONE', *, *, #10608, .F. ) ;
#899 = CARTESIAN_POINT ( 'NONE',  ( 220.2000000000001307, -32.05000000000007532, 6.349999999999999645 ) ) ;
#900 = EDGE_LOOP ( 'NONE', ( #1812, #602, #4480, #10183 ) ) ;
#901 = DIRECTION ( 'NONE',  ( 1.000000000000000000, 0.000000000000000000, 0.000000000000000000 ) ) ;
#902 = VERTEX_POINT ( 'NONE', #5639 ) ;
#903 = EDGE_CURVE ( 'NONE', #8044, #2839, #7972, .T. ) ;
#904 = CARTESIAN_POINT ( 'NONE',  ( 211.7500000000000000, -20.00000000000003197, 0.000000000000000000 ) ) ;
#905 = CARTESIAN_POINT ( 'NONE',  ( 80.20000000000007390, 72.05000000000005400, 6.349999999999999645 ) ) ;
#906 = CARTESIAN_POINT ( 'NONE',  ( 201.7500000000000853, 32.05000000000005400, 0.000000000000000000 ) ) ;
#907 = CARTESIAN_POINT ( 'NONE',  ( 301.7500000000000000, 5.399999999999998579, 0.000000000000000000 ) ) ;
#908 = ORIENTED_EDGE ( 'NONE', *, *, #9041, .F. ) ;
#909 = CARTESIAN_POINT ( 'NONE',  ( 100.2000000000000881, 20.00000000000000355, 0.000000000000000000 ) ) ;
#910 = ORIENTED_EDGE ( 'NONE', *, *, #4722, .F. ) ;
#911 = FACE_OUTER_BOUND ( 'NONE', #8097, .T. ) ;
#912 = EDGE_CURVE ( 'NONE', #8198, #5987, #6411, .T. ) ;
#913 = EDGE_CURVE ( 'NONE', #163, #1089, #9684, .T. ) ;
#914 = FACE_OUTER_BOUND ( 'NONE', #8766, .T. ) ;
#915 = CARTESIAN_POINT ( 'NONE',  ( 303.3000000000000114, 5.399999999999999467, 6.349999999999999645 ) ) ;
#916 = ORIENTED_EDGE ( 'NONE', *, *, #8443, .T. ) ;
#917 = AXIS2_PLACEMENT_3D ( 'NONE', #1545, #7635, #4052 ) ;
#918 = CARTESIAN_POINT ( 'NONE',  ( 63.30000000000010374, -32.05000000000007532, -0.000000000000000000 ) ) ;
#919 = CARTESIAN_POINT ( 'NONE',  ( 51.75000000000011369, -32.05000000000007532, 0.000000000000000000 ) ) ;
#920 = ORIENTED_EDGE ( 'NONE', *, *, #7826, .T. ) ;
#921 = AXIS2_PLACEMENT_3D ( 'NONE', #1712, #5094, #5310 ) ;
#922 = CARTESIAN_POINT ( 'NONE',  ( 60.20000000000008811, 32.05000000000005400, 0.000000000000000000 ) ) ;
#923 = ORIENTED_EDGE ( 'NONE', *, *, #2770, .F. ) ;
#924 = VERTEX_POINT ( 'NONE', #4651 ) ;
#925 = CARTESIAN_POINT ( 'NONE',  ( 201.7500000000001137, -32.05000000000007532, 6.349999999999999645 ) ) ;
#926 = AXIS2_PLACEMENT_3D ( 'NONE', #3682, #3896, #6321 ) ;
#927 = CYLINDRICAL_SURFACE ( 'NONE', #10701, 1.549999999999995826 ) ;
#928 = EDGE_LOOP ( 'NONE', ( #7769, #7679, #8330, #10365 ) ) ;
#929 = CARTESIAN_POINT ( 'NONE',  ( 7.159999999999995701, 20.00000000000000000, 6.349999999999999645 ) ) ;
#930 = CARTESIAN_POINT ( 'NONE',  ( 180.2000000000001592, -72.05000000000008242, 6.349999999999999645 ) ) ;
#931 = VERTEX_POINT ( 'NONE', #8018 ) ;
#932 = ADVANCED_FACE ( 'NONE', ( #7188 ), #2153, .F. ) ;
#933 = EDGE_CURVE ( 'NONE', #4947, #10861, #6363, .T. ) ;
#934 = CARTESIAN_POINT ( 'NONE',  ( 80.20000000000013074, -32.05000000000007532, 6.349999999999999645 ) ) ;
#935 = ORIENTED_EDGE ( 'NONE', *, *, #1908, .F. ) ;
#936 = VECTOR ( 'NONE', #7661, 1000.000000000000000 ) ;
#937 = LINE ( 'NONE', #9564, #7565 ) ;
#938 = LINE ( 'NONE', #9128, #612 ) ;
#939 = VERTEX_POINT ( 'NONE', #3329 ) ;
#940 = EDGE_LOOP ( 'NONE', ( #3854, #7854, #549, #8311 ) ) ;
#941 = LINE ( 'NONE', #8474, #10821 ) ;
#942 = ORIENTED_EDGE ( 'NONE', *, *, #4621, .F. ) ;
#943 = DIRECTION ( 'NONE',  ( -0.000000000000000000, -0.000000000000000000, -1.000000000000000000 ) ) ;
#944 = VECTOR ( 'NONE', #335, 1000.000000000000000 ) ;
#945 = ADVANCED_FACE ( 'NONE', ( #705 ), #9232, .F. ) ;
#946 = EDGE_CURVE ( 'NONE', #3228, #878, #6693, .T. ) ;
#947 = LINE ( 'NONE', #1729, #1326 ) ;
#948 = CARTESIAN_POINT ( 'NONE',  ( 60.20000000000008811, 32.05000000000005400, 6.349999999999999645 ) ) ;
#949 = DIRECTION ( 'NONE',  ( -0.000000000000000000, -0.000000000000000000, -1.000000000000000000 ) ) ;
#950 = CARTESIAN_POINT ( 'NONE',  ( 290.1999999999999886, 45.39999999999999858, 6.349999999999999645 ) ) ;
#951 = VERTEX_POINT ( 'NONE', #3989 ) ;
#952 = CARTESIAN_POINT ( 'NONE',  ( 80.20000000000013074, -32.05000000000007532, 6.349999999999999645 ) ) ;
#953 = ORIENTED_EDGE ( 'NONE', *, *, #7296, .T. ) ;
#954 = ORIENTED_EDGE ( 'NONE', *, *, #8217, .F. ) ;
#955 = ORIENTED_EDGE ( 'NONE', *, *, #9904, .F. ) ;
#956 = DIRECTION ( 'NONE',  ( -0.000000000000000000, -0.000000000000000000, -1.000000000000000000 ) ) ;
#957 = CARTESIAN_POINT ( 'NONE',  ( 160.2000000000001023, -19.99999999999992184, 6.349999999999999645 ) ) ;
#958 = ORIENTED_EDGE ( 'NONE', *, *, #2285, .T. ) ;
#959 = CIRCLE ( 'NONE', #1484, 1.549999999999995826 ) ;
#960 = PLANE ( 'NONE',  #8421 ) ;
#961 = ADVANCED_FACE ( 'NONE', ( #1652 ), #5860, .F. ) ;
#962 = ORIENTED_EDGE ( 'NONE', *, *, #1127, .F. ) ;
#963 = PLANE ( 'NONE',  #5399 ) ;
#964 = ORIENTED_EDGE ( 'NONE', *, *, #9811, .F. ) ;
#965 = CARTESIAN_POINT ( 'NONE',  ( 103.3000000000001535, -72.05000000000008242, 6.349999999999999645 ) ) ;
#966 = CARTESIAN_POINT ( 'NONE',  ( 60.20000000000017337, -72.05000000000008242, 6.349999999999999645 ) ) ;
#967 = FACE_OUTER_BOUND ( 'NONE', #2682, .T. ) ;
#968 = ORIENTED_EDGE ( 'NONE', *, *, #523, .F. ) ;
#969 = VECTOR ( 'NONE', #1630, 1000.000000000000000 ) ;
#970 = DIRECTION ( 'NONE',  ( -1.000000000000000000, 0.000000000000000000, 0.000000000000000000 ) ) ;
#971 = EDGE_CURVE ( 'NONE', #7577, #2074, #7475, .T. ) ;
#973 = CARTESIAN_POINT ( 'NONE',  ( 151.7500000000001705, -72.05000000000008242, 0.000000000000000000 ) ) ;
#972 = VECTOR ( 'NONE', #2177, 1000.000000000000000 ) ;
#974 = ORIENTED_EDGE ( 'NONE', *, *, #1391, .F. ) ;
#975 = CIRCLE ( 'NONE', #5400, 1.549999999999968070 ) ;
#976 = DIRECTION ( 'NONE',  ( -0.000000000000000000, -0.000000000000000000, -1.000000000000000000 ) ) ;
#977 = VERTEX_POINT ( 'NONE', #10065 ) ;
#978 = VERTEX_POINT ( 'NONE', #3208 ) ;
#979 = FACE_OUTER_BOUND ( 'NONE', #6952, .T. ) ;
#980 = CARTESIAN_POINT ( 'NONE',  ( 183.3000000000000682, 32.05000000000005400, 0.000000000000000000 ) ) ;
#981 = ORIENTED_EDGE ( 'NONE', *, *, #1762, .F. ) ;
#982 = DIRECTION ( 'NONE',  ( -0.000000000000000000, -0.000000000000000000, -1.000000000000000000 ) ) ;
#983 = CYLINDRICAL_SURFACE ( 'NONE', #7648, 1.549999999999995826 ) ;
#984 = EDGE_CURVE ( 'NONE', #9688, #1368, #4050, .T. ) ;
#985 = ORIENTED_EDGE ( 'NONE', *, *, #5948, .T. ) ;
#986 = CARTESIAN_POINT ( 'NONE',  ( 40.20000000000012363, -32.05000000000007532, 6.349999999999999645 ) ) ;
#987 = VECTOR ( 'NONE', #8359, 1000.000000000000000 ) ;
#988 = AXIS2_PLACEMENT_3D ( 'NONE', #2659, #10231, #1935 ) ;
#989 = CIRCLE ( 'NONE', #1881, 1.549999999999995826 ) ;
#990 = VECTOR ( 'NONE', #8957, 1000.000000000000000 ) ;
#991 = DIRECTION ( 'NONE',  ( 1.000000000000000000, 0.000000000000000000, 0.000000000000000000 ) ) ;
#992 = EDGE_CURVE ( 'NONE', #4877, #1739, #4311, .T. ) ;
#993 = EDGE_CURVE ( 'NONE', #6117, #8428, #4927, .T. ) ;
#994 = VECTOR ( 'NONE', #749, 1000.000000000000000 ) ;
#995 = CARTESIAN_POINT ( 'NONE',  ( 63.30000000000006111, 32.05000000000005400, 6.349999999999999645 ) ) ;
#996 = VERTEX_POINT ( 'NONE', #2492 ) ;
#997 = ORIENTED_EDGE ( 'NONE', *, *, #870, .F. ) ;
#998 = CARTESIAN_POINT ( 'NONE',  ( 243.3000000000000966, -45.40000000000004121, 0.000000000000000000 ) ) ;
#999 = DIRECTION ( 'NONE',  ( -0.000000000000000000, -0.000000000000000000, -1.000000000000000000 ) ) ;
#1000 = ORIENTED_EDGE ( 'NONE', *, *, #7253, .F. ) ;
#1001 = LINE ( 'NONE', #7699, #1465 ) ;
#1002 = AXIS2_PLACEMENT_3D ( 'NONE', #5562, #1366, #3973 ) ;
#1003 = DIRECTION ( 'NONE',  ( -0.000000000000000000, -0.000000000000000000, -1.000000000000000000 ) ) ;
#1004 = CARTESIAN_POINT ( 'NONE',  ( 311.7500000000000000, 45.39999999999999858, 6.349999999999999645 ) ) ;
#1005 = CIRCLE ( 'NONE', #9486, 1.549999999999995826 ) ;
#1006 = VECTOR ( 'NONE', #1574, 1000.000000000000000 ) ;
#1007 = AXIS2_PLACEMENT_3D ( 'NONE', #2747, #7781, #2864 ) ;
#1008 = CARTESIAN_POINT ( 'NONE',  ( 31.75000000000000000, -82.55000000000001137, 6.349999999999999645 ) ) ;
#1009 = DIRECTION ( 'NONE',  ( -0.000000000000000000, -0.000000000000000000, -1.000000000000000000 ) ) ;
#1010 = ADVANCED_FACE ( 'NONE', ( #762 ), #3161, .F. ) ;
#1011 = VECTOR ( 'NONE', #10099, 1000.000000000000000 ) ;
#1012 = EDGE_CURVE ( 'NONE', #4130, #8853, #653, .T. ) ;
#1013 = DIRECTION ( 'NONE',  ( 0.000000000000000000, 0.000000000000000000, 1.000000000000000000 ) ) ;
#1014 = EDGE_LOOP ( 'NONE', ( #37, #9313, #4664, #2482 ) ) ;
#1015 = FACE_OUTER_BOUND ( 'NONE', #8248, .T. ) ;
#1016 = AXIS2_PLACEMENT_3D ( 'NONE', #8479, #5050, #10026 ) ;
#1017 = EDGE_LOOP ( 'NONE', ( #9801, #7101, #8802, #3599 ) ) ;
#1018 = ORIENTED_EDGE ( 'NONE', *, *, #10551, .T. ) ;
#1019 = DIRECTION ( 'NONE',  ( -1.387778780781445676E-15, 1.000000000000000000, -0.000000000000000000 ) ) ;
#1020 = DIRECTION ( 'NONE',  ( -0.000000000000000000, -0.000000000000000000, -1.000000000000000000 ) ) ;
#1021 = DIRECTION ( 'NONE',  ( 0.000000000000000000, 0.000000000000000000, 1.000000000000000000 ) ) ;
#1022 = VECTOR ( 'NONE', #3405, 1000.000000000000000 ) ;
#1023 = AXIS2_PLACEMENT_3D ( 'NONE', #6472, #6317, #3106 ) ;
#1024 = CYLINDRICAL_SURFACE ( 'NONE', #10541, 1.549999999999995826 ) ;
#1025 = VECTOR ( 'NONE', #269, 1000.000000000000000 ) ;
#1026 = ORIENTED_EDGE ( 'NONE', *, *, #686, .F. ) ;
#1027 = ADVANCED_FACE ( 'NONE', ( #8403 ), #4811, .T. ) ;
#1028 = PLANE ( 'NONE',  #5560 ) ;
#1029 = ORIENTED_EDGE ( 'NONE', *, *, #971, .T. ) ;
#1030 = CARTESIAN_POINT ( 'NONE',  ( 73.30000000000008242, -19.99999999999992184, 6.349999999999999645 ) ) ;
#1031 = AXIS2_PLACEMENT_3D ( 'NONE', #9829, #3041, #4694 ) ;
#1032 = CARTESIAN_POINT ( 'NONE',  ( 60.20000000000010232, -19.99999999999992184, 0.000000000000000000 ) ) ;
#1033 = LINE ( 'NONE', #915, #6228 ) ;
#1034 = ORIENTED_EDGE ( 'NONE', *, *, #6329, .F. ) ;
#1035 = ADVANCED_FACE ( 'NONE', ( #2547 ), #595, .F. ) ;
#1036 = VECTOR ( 'NONE', #2304, 1000.000000000000000 ) ;
#1037 = DIRECTION ( 'NONE',  ( -0.000000000000000000, -1.000000000000000000, -0.000000000000000000 ) ) ;
#1038 = DIRECTION ( 'NONE',  ( -0.000000000000000000, -0.000000000000000000, -1.000000000000000000 ) ) ;
#1039 = ORIENTED_EDGE ( 'NONE', *, *, #3780, .F. ) ;
#1040 = CYLINDRICAL_SURFACE ( 'NONE', #4344, 1.549999999999995826 ) ;
#1041 = VERTEX_POINT ( 'NONE', #9065 ) ;
#1042 = EDGE_LOOP ( 'NONE', ( #10790, #7434, #8698, #10240 ) ) ;
#1043 = DIRECTION ( 'NONE',  ( 0.000000000000000000, 0.000000000000000000, 1.000000000000000000 ) ) ;
#1044 = CARTESIAN_POINT ( 'NONE',  ( 223.3000000000000966, -32.05000000000007532, -0.000000000000000000 ) ) ;
#1045 = ORIENTED_EDGE ( 'NONE', *, *, #6018, .F. ) ;
#1046 = LINE ( 'NONE', #5254, #2064 ) ;
#1047 = CARTESIAN_POINT ( 'NONE',  ( 101.7500000000000000, 20.00000000000000355, 6.349999999999999645 ) ) ;
#1048 = ORIENTED_EDGE ( 'NONE', *, *, #1235, .T. ) ;
#1049 = CARTESIAN_POINT ( 'NONE',  ( 300.2000000000000455, -5.400000000000000355, 0.000000000000000000 ) ) ;
#1050 = EDGE_CURVE ( 'NONE', #4553, #7182, #6395, .T. ) ;
#1051 = CARTESIAN_POINT ( 'NONE',  ( 8.710000000000002629, -20.00000000000000000, 6.349999999999999645 ) ) ;
#1052 = DIRECTION ( 'NONE',  ( 1.000000000000000000, 0.000000000000000000, 0.000000000000000000 ) ) ;
#1053 = EDGE_LOOP ( 'NONE', ( #9462, #2984, #2727, #4628 ) ) ;
#1054 = ORIENTED_EDGE ( 'NONE', *, *, #10050, .T. ) ;
#1055 = CARTESIAN_POINT ( 'NONE',  ( 81.75000000000000000, 20.00000000000000355, 6.349999999999999645 ) ) ;
#1056 = FACE_BOUND ( 'NONE', #10232, .T. ) ;
#1057 = ORIENTED_EDGE ( 'NONE', *, *, #9199, .T. ) ;
#1058 = ORIENTED_EDGE ( 'NONE', *, *, #9263, .T. ) ;
#1059 = LINE ( 'NONE', #3612, #5536 ) ;
#1060 = ADVANCED_FACE ( 'NONE', ( #7405 ), #6570, .F. ) ;
#1061 = CARTESIAN_POINT ( 'NONE',  ( 41.75000000000016342, -72.05000000000008242, 6.349999999999999645 ) ) ;
#1062 = LINE ( 'NONE', #6158, #9767 ) ;
#1063 = CARTESIAN_POINT ( 'NONE',  ( 253.3000000000000682, -5.400000000000034106, 6.349999999999999645 ) ) ;
#1064 = CARTESIAN_POINT ( 'NONE',  ( 221.8214292284634439, -82.54999999999998295, 6.349999999999999645 ) ) ;
#1065 = ORIENTED_EDGE ( 'NONE', *, *, #7033, .T. ) ;
#1066 = DIRECTION ( 'NONE',  ( -0.000000000000000000, -0.000000000000000000, -1.000000000000000000 ) ) ;
#1067 = VERTEX_POINT ( 'NONE', #7457 ) ;
#1068 = EDGE_CURVE ( 'NONE', #5496, #8531, #2520, .T. ) ;
#1069 = DIRECTION ( 'NONE',  ( 0.000000000000000000, 0.000000000000000000, -1.000000000000000000 ) ) ;
#1070 = CARTESIAN_POINT ( 'NONE',  ( 328.1214292284635690, -20.00000000000000355, 6.349999999999999645 ) ) ;
#1071 = CARTESIAN_POINT ( 'NONE',  ( 253.3000000000000114, 45.40000000000000568, 6.349999999999999645 ) ) ;
#1072 = EDGE_CURVE ( 'NONE', #9525, #7492, #10467, .T. ) ;
#1073 = EDGE_CURVE ( 'NONE', #6302, #6345, #7685, .T. ) ;
#1074 = DIRECTION ( 'NONE',  ( -1.000000000000000000, 0.000000000000000000, 0.000000000000000000 ) ) ;
#1075 = ORIENTED_EDGE ( 'NONE', *, *, #2952, .F. ) ;
#1076 = DIRECTION ( 'NONE',  ( 0.000000000000000000, 0.000000000000000000, 1.000000000000000000 ) ) ;
#1077 = ORIENTED_EDGE ( 'NONE', *, *, #10250, .T. ) ;
#1078 = LINE ( 'NONE', #7831, #8249 ) ;
#1079 = DIRECTION ( 'NONE',  ( -1.387778780781448239E-15, 1.000000000000000000, 0.000000000000000000 ) ) ;
#1080 = LINE ( 'NONE', #3580, #10295 ) ;
#1081 = ORIENTED_EDGE ( 'NONE', *, *, #6962, .F. ) ;
#1082 = ADVANCED_FACE ( 'NONE', ( #97 ), #7747, .F. ) ;
#1083 = EDGE_CURVE ( 'NONE', #7057, #10070, #1821, .T. ) ;
#1084 = LINE ( 'NONE', #5242, #3301 ) ;
#1085 = DIRECTION ( 'NONE',  ( 0.000000000000000000, 0.000000000000000000, 1.000000000000000000 ) ) ;
#1086 = ORIENTED_EDGE ( 'NONE', *, *, #1073, .T. ) ;
#1087 = DIRECTION ( 'NONE',  ( -1.000000000000000000, 0.000000000000000000, 0.000000000000000000 ) ) ;
#1088 = ORIENTED_EDGE ( 'NONE', *, *, #5468, .F. ) ;
#1089 = VERTEX_POINT ( 'NONE', #4271 ) ;
#1090 = DIRECTION ( 'NONE',  ( 0.000000000000000000, 0.000000000000000000, 1.000000000000000000 ) ) ;
#1091 = FACE_OUTER_BOUND ( 'NONE', #8710, .T. ) ;
#1092 = EDGE_LOOP ( 'NONE', ( #1460, #2182, #1980, #2691 ) ) ;
#1093 = CARTESIAN_POINT ( 'NONE',  ( 113.3000000000001535, -72.05000000000008242, 6.349999999999999645 ) ) ;
#1094 = CARTESIAN_POINT ( 'NONE',  ( 141.7500000000000000, 20.00000000000000355, 6.349999999999999645 ) ) ;
#1095 = ORIENTED_EDGE ( 'NONE', *, *, #3247, .T. ) ;
#1096 = STYLED_ITEM ( 'NONE', ( #8679 ), #2256 ) ;
#1097 = CARTESIAN_POINT ( 'NONE',  ( 101.7500000000001137, -32.05000000000007532, 6.349999999999999645 ) ) ;
#1098 = VECTOR ( 'NONE', #10052, 1000.000000000000000 ) ;
#1099 = AXIS2_PLACEMENT_3D ( 'NONE', #9001, #420, #3813 ) ;
#1100 = CARTESIAN_POINT ( 'NONE',  ( 17.16000000000000014, -20.00000000000000000, 0.000000000000000000 ) ) ;
#1101 = EDGE_CURVE ( 'NONE', #4084, #10842, #8677, .T. ) ;
#1102 = PLANE ( 'NONE',  #9641 ) ;
#1103 = ORIENTED_EDGE ( 'NONE', *, *, #7881, .F. ) ;
#1104 = ORIENTED_EDGE ( 'NONE', *, *, #4040, .F. ) ;
#1105 = LINE ( 'NONE', #4698, #5096 ) ;
#1106 = FACE_BOUND ( 'NONE', #4059, .T. ) ;
#1107 = EDGE_LOOP ( 'NONE', ( #4798, #1737, #2683, #6231 ) ) ;
#1108 = VERTEX_POINT ( 'NONE', #8625 ) ;
#1109 = DIRECTION ( 'NONE',  ( -1.000000000000000000, 0.000000000000000000, 0.000000000000000000 ) ) ;
#1110 = CARTESIAN_POINT ( 'NONE',  ( 300.2000000000001023, -45.39999999999999858, 0.000000000000000000 ) ) ;
#1111 = CARTESIAN_POINT ( 'NONE',  ( 113.3000000000000682, 72.05000000000005400, 0.000000000000000000 ) ) ;
#1112 = AXIS2_PLACEMENT_3D ( 'NONE', #8770, #1974, #1240 ) ;
#1113 = AXIS2_PLACEMENT_3D ( 'NONE', #7277, #10660, #9670 ) ;
#1114 = DIRECTION ( 'NONE',  ( -0.000000000000000000, -0.000000000000000000, -1.000000000000000000 ) ) ;
#1115 = EDGE_CURVE ( 'NONE', #6686, #3358, #45, .T. ) ;
#1116 = ADVANCED_FACE ( 'NONE', ( #5197 ), #3433, .F. ) ;
#1117 = CIRCLE ( 'NONE', #10131, 1.549999999999995826 ) ;
#1118 = DIRECTION ( 'NONE',  ( -0.000000000000000000, -0.000000000000000000, -1.000000000000000000 ) ) ;
#1119 = ORIENTED_EDGE ( 'NONE', *, *, #4066, .T. ) ;
#1121 = AXIS2_PLACEMENT_3D ( 'NONE', #4450, #3615, #6973 ) ;
#1120 = CARTESIAN_POINT ( 'NONE',  ( 151.7500000000000000, 20.00000000000000355, 0.000000000000000000 ) ) ;
#1122 = VERTEX_POINT ( 'NONE', #930 ) ;
#1123 = CARTESIAN_POINT ( 'NONE',  ( 53.30000000000008242, -19.99999999999992184, 0.000000000000000000 ) ) ;
#1124 = FACE_OUTER_BOUND ( 'NONE', #9841, .T. ) ;
#1125 = LINE ( 'NONE', #2122, #5276 ) ;
#1126 = FACE_OUTER_BOUND ( 'NONE', #8158, .T. ) ;
#1127 = EDGE_CURVE ( 'NONE', #10289, #6029, #3408, .T. ) ;
#1128 = ADVANCED_FACE ( 'NONE', ( #10234 ), #983, .F. ) ;
#1129 = VERTEX_POINT ( 'NONE', #4380 ) ;
#1130 = CYLINDRICAL_SURFACE ( 'NONE', #4865, 1.549999999999995826 ) ;
#1131 = ORIENTED_EDGE ( 'NONE', *, *, #5494, .F. ) ;
#1132 = PLANE ( 'NONE',  #9322 ) ;
#1133 = LINE ( 'NONE', #304, #2436 ) ;
#1134 = DIRECTION ( 'NONE',  ( -1.000000000000000000, 0.000000000000000000, 0.000000000000000000 ) ) ;
#1135 = EDGE_LOOP ( 'NONE', ( #6476, #5056, #8469, #9933 ) ) ;
#1136 = CARTESIAN_POINT ( 'NONE',  ( 110.2000000000000881, 32.05000000000005400, 0.000000000000000000 ) ) ;
#1137 = CARTESIAN_POINT ( 'NONE',  ( 200.2000000000001307, -32.05000000000007532, 6.349999999999999645 ) ) ;
#1138 = EDGE_CURVE ( 'NONE', #849, #6752, #5688, .T. ) ;
#1139 = EDGE_CURVE ( 'NONE', #786, #9406, #2608, .T. ) ;
#1140 = EDGE_LOOP ( 'NONE', ( #9032, #2302, #6571, #2616 ) ) ;
#1141 = LINE ( 'NONE', #3483, #3456 ) ;
#1142 = VERTEX_POINT ( 'NONE', #3547 ) ;
#1143 = ORIENTED_EDGE ( 'NONE', *, *, #7814, .T. ) ;
#1144 = PLANE ( 'NONE',  #1917 ) ;
#1145 = AXIS2_PLACEMENT_3D ( 'NONE', #3413, #3191, #6552 ) ;
#1146 = DIRECTION ( 'NONE',  ( -0.000000000000000000, -0.000000000000000000, -1.000000000000000000 ) ) ;
#1147 = FACE_BOUND ( 'NONE', #5520, .T. ) ;
#1148 = ORIENTED_EDGE ( 'NONE', *, *, #9518, .T. ) ;
#1149 = CARTESIAN_POINT ( 'NONE',  ( 60.20000000000008811, 20.00000000000000355, 6.349999999999999645 ) ) ;
#1150 = CIRCLE ( 'NONE', #6630, 1.549999999999995826 ) ;
#1151 = VECTOR ( 'NONE', #3782, 1000.000000000000000 ) ;
#1152 = LINE ( 'NONE', #7914, #3514 ) ;
#1153 = FACE_OUTER_BOUND ( 'NONE', #658, .T. ) ;
#1154 = ORIENTED_EDGE ( 'NONE', *, *, #6696, .F. ) ;
#1155 = EDGE_LOOP ( 'NONE', ( #1998, #8485, #6636, #7791 ) ) ;
#1156 = LINE ( 'NONE', #4550, #3859 ) ;
#1157 = FACE_BOUND ( 'NONE', #3967, .T. ) ;
#1158 = ORIENTED_EDGE ( 'NONE', *, *, #9903, .F. ) ;
#1159 = AXIS2_PLACEMENT_3D ( 'NONE', #6324, #4719, #7417 ) ;
#1160 = ORIENTED_EDGE ( 'NONE', *, *, #971, .F. ) ;
#1161 = CARTESIAN_POINT ( 'NONE',  ( 51.75000000000015632, -72.05000000000008242, 6.349999999999999645 ) ) ;
#1162 = DIRECTION ( 'NONE',  ( 8.673617379884034486E-16, -1.000000000000000000, 0.000000000000000000 ) ) ;
#1163 = AXIS2_PLACEMENT_3D ( 'NONE', #3001, #1315, #8015 ) ;
#1164 = AXIS2_PLACEMENT_3D ( 'NONE', #5747, #8471, #832 ) ;
#1165 = CARTESIAN_POINT ( 'NONE',  ( 230.2000000000000739, -5.400000000000050981, 6.349999999999999645 ) ) ;
#1166 = EDGE_CURVE ( 'NONE', #3987, #5108, #2333, .T. ) ;
#1167 = AXIS2_PLACEMENT_3D ( 'NONE', #1960, #848, #9476 ) ;
#1168 = AXIS2_PLACEMENT_3D ( 'NONE', #7895, #310, #970 ) ;
#1169 = LINE ( 'NONE', #6042, #2073 ) ;
#1170 = DIRECTION ( 'NONE',  ( -0.000000000000000000, -0.000000000000000000, -1.000000000000000000 ) ) ;
#1171 = VERTEX_POINT ( 'NONE', #6907 ) ;
#1172 = CARTESIAN_POINT ( 'NONE',  ( 53.30000000000006111, 72.05000000000005400, 0.000000000000000000 ) ) ;
#1173 = ORIENTED_EDGE ( 'NONE', *, *, #7081, .T. ) ;
#1174 = VECTOR ( 'NONE', #6989, 1000.000000000000000 ) ;
#1175 = CARTESIAN_POINT ( 'NONE',  ( 293.3000000000000114, 5.399999999999999467, 6.349999999999999645 ) ) ;
#1176 = CARTESIAN_POINT ( 'NONE',  ( 303.3000000000000114, -5.399999999999999467, 0.000000000000000000 ) ) ;
#1177 = PLANE ( 'NONE',  #3333 ) ;
#1178 = ADVANCED_FACE ( 'NONE', ( #1938 ), #9510, .T. ) ;
#1179 = VECTOR ( 'NONE', #8998, 1000.000000000000000 ) ;
#1180 = CARTESIAN_POINT ( 'NONE',  ( 143.3000000000000682, 72.05000000000005400, 6.349999999999999645 ) ) ;
#1181 = AXIS2_PLACEMENT_3D ( 'NONE', #4340, #7706, #9140 ) ;
#1182 = EDGE_CURVE ( 'NONE', #3812, #2327, #4118, .T. ) ;
#1183 = VERTEX_POINT ( 'NONE', #258 ) ;
#1184 = CARTESIAN_POINT ( 'NONE',  ( 43.30000000000006821, 32.05000000000005400, 6.349999999999999645 ) ) ;
#1185 = ORIENTED_EDGE ( 'NONE', *, *, #8283, .T. ) ;
#1187 = AXIS2_PLACEMENT_3D ( 'NONE', #5014, #6674, #2475 ) ;
#1186 = CARTESIAN_POINT ( 'NONE',  ( 153.3000000000000966, -19.99999999999992184, 6.349999999999999645 ) ) ;
#1188 = VECTOR ( 'NONE', #7821, 1000.000000000000000 ) ;
#1189 = DIRECTION ( 'NONE',  ( -0.000000000000000000, -1.000000000000000000, -0.000000000000000000 ) ) ;
#1190 = CARTESIAN_POINT ( 'NONE',  ( 163.3000000000000682, 72.05000000000005400, 6.349999999999999645 ) ) ;
#1191 = ORIENTED_EDGE ( 'NONE', *, *, #8284, .F. ) ;
#1192 = ADVANCED_FACE ( 'NONE', ( #3652 ), #7013, .T. ) ;
#1193 = AXIS2_PLACEMENT_3D ( 'NONE', #9069, #8183, #4869 ) ;
#1194 = ADVANCED_FACE ( 'NONE', ( #7631 ), #8466, .T. ) ;
#1195 = AXIS2_PLACEMENT_3D ( 'NONE', #330, #8799, #2149 ) ;
#1196 = DIRECTION ( 'NONE',  ( -0.000000000000000000, -0.000000000000000000, -1.000000000000000000 ) ) ;
#1197 = VERTEX_POINT ( 'NONE', #530 ) ;
#1198 = CARTESIAN_POINT ( 'NONE',  ( 270.1999999999999886, 5.399999999999998579, 0.000000000000000000 ) ) ;
#1199 = ORIENTED_EDGE ( 'NONE', *, *, #4301, .F. ) ;
#1200 = ORIENTED_EDGE ( 'NONE', *, *, #9302, .T. ) ;
#1201 = CARTESIAN_POINT ( 'NONE',  ( 33.30000000000011084, -32.05000000000007532, 6.349999999999999645 ) ) ;
#1202 = LINE ( 'NONE', #363, #4716 ) ;
#1203 = FACE_BOUND ( 'NONE', #7374, .T. ) ;
#1204 = ORIENTED_EDGE ( 'NONE', *, *, #7322, .T. ) ;
#1205 = VECTOR ( 'NONE', #2646, 1000.000000000000000 ) ;
#1206 = DIRECTION ( 'NONE',  ( 0.000000000000000000, 0.000000000000000000, 1.000000000000000000 ) ) ;
#1207 = ADVANCED_FACE ( 'NONE', ( #3921, #478, #6240, #10605, #4748, #319, #8787, #10554, #4637, #3035, #1203, #7170, #6349, #6394, #2095, #7905, #8730, #2139, #10443, #9609, #2928, #9715, #10656, #6190, #418, #5465, #7273, #7230, #2037, #9769, #8115, #3712, #4592, #2991, #8005, #2192, #7956, #5510, #8889, #1303, #8838, #7113, #364, #8943, #5413, #3756, #10493, #1251, #3811, #6292, #9560, #4688, #5563, #8057, #1367, #1986, #9668, #5360, #1147, #4538, #7063, #2875, #6611, #1523, #9165, #4035, #581, #5673, #9987, #4087, #806, #6448, #7443, #9822, #3145, #6676, #10818 ), #2254, .F. ) ;
#1208 = EDGE_CURVE ( 'NONE', #9395, #4759, #3761, .T. ) ;
#1209 = ADVANCED_FACE ( 'NONE', ( #3308 ), #2306, .F. ) ;
#1210 = CIRCLE ( 'NONE', #5620, 1.549999999999982059 ) ;
#1211 = DIRECTION ( 'NONE',  ( -1.000000000000000000, 0.000000000000000000, 0.000000000000000000 ) ) ;
#1212 = CARTESIAN_POINT ( 'NONE',  ( 329.6714292284635235, 19.99999999999999645, 6.349999999999999645 ) ) ;
#1213 = CARTESIAN_POINT ( 'NONE',  ( 31.75000000000008527, 32.05000000000005400, 6.349999999999999645 ) ) ;
#1214 = EDGE_LOOP ( 'NONE', ( #5956, #4745, #2290, #7770 ) ) ;
#1215 = ORIENTED_EDGE ( 'NONE', *, *, #6195, .F. ) ;
#1216 = CARTESIAN_POINT ( 'NONE',  ( 111.7500000000000711, 72.05000000000005400, 0.000000000000000000 ) ) ;
#1217 = FACE_BOUND ( 'NONE', #1805, .T. ) ;
#1218 = ORIENTED_EDGE ( 'NONE', *, *, #8630, .T. ) ;
#1219 = VERTEX_POINT ( 'NONE', #9216 ) ;
#1220 = CARTESIAN_POINT ( 'NONE',  ( 213.3000000000000682, 72.05000000000005400, 0.000000000000000000 ) ) ;
#1221 = DIRECTION ( 'NONE',  ( -0.000000000000000000, -0.000000000000000000, -1.000000000000000000 ) ) ;
#1222 = VERTEX_POINT ( 'NONE', #5845 ) ;
#1223 = DIRECTION ( 'NONE',  ( -6.938893903907227392E-16, 1.000000000000000000, 0.000000000000000000 ) ) ;
#1224 = EDGE_CURVE ( 'NONE', #1041, #4182, #1634, .T. ) ;
#1225 = DIRECTION ( 'NONE',  ( 0.000000000000000000, 0.000000000000000000, 1.000000000000000000 ) ) ;
#1226 = LINE ( 'NONE', #4613, #1151 ) ;
#1227 = VERTEX_POINT ( 'NONE', #5017 ) ;
#1228 = CARTESIAN_POINT ( 'NONE',  ( 93.29999999999999716, 20.00000000000000355, 0.000000000000000000 ) ) ;
#1229 = ORIENTED_EDGE ( 'NONE', *, *, #788, .T. ) ;
#1230 = DIRECTION ( 'NONE',  ( -0.000000000000000000, -0.000000000000000000, -1.000000000000000000 ) ) ;
#1231 = LINE ( 'NONE', #1281, #9762 ) ;
#1232 = LINE ( 'NONE', #8916, #3312 ) ;
#1233 = LINE ( 'NONE', #7825, #4546 ) ;
#1234 = ORIENTED_EDGE ( 'NONE', *, *, #861, .F. ) ;
#1235 = EDGE_CURVE ( 'NONE', #4436, #5768, #9583, .T. ) ;
#1236 = DIRECTION ( 'NONE',  ( -1.000000000000000000, 0.000000000000000000, 0.000000000000000000 ) ) ;
#1237 = ORIENTED_EDGE ( 'NONE', *, *, #1012, .F. ) ;
#1238 = DIRECTION ( 'NONE',  ( -1.000000000000000000, -6.938893903907241197E-16, 0.000000000000000000 ) ) ;
#1239 = FACE_OUTER_BOUND ( 'NONE', #10413, .T. ) ;
#1240 = DIRECTION ( 'NONE',  ( -1.000000000000000000, 0.000000000000000000, 0.000000000000000000 ) ) ;
#1241 = ORIENTED_EDGE ( 'NONE', *, *, #357, .T. ) ;
#1242 = DIRECTION ( 'NONE',  ( 1.000000000000000000, 0.000000000000000000, 0.000000000000000000 ) ) ;
#1243 = ORIENTED_EDGE ( 'NONE', *, *, #8008, .F. ) ;
#1244 = EDGE_CURVE ( 'NONE', #6924, #7613, #745, .T. ) ;
#1245 = EDGE_CURVE ( 'NONE', #577, #10289, #3249, .T. ) ;
#1246 = DIRECTION ( 'NONE',  ( -0.9670745372626463610, -0.2544932992796436477, 0.000000000000000000 ) ) ;
#1247 = ORIENTED_EDGE ( 'NONE', *, *, #2274, .T. ) ;
#1248 = ORIENTED_EDGE ( 'NONE', *, *, #1378, .T. ) ;
#1249 = DIRECTION ( 'NONE',  ( -1.000000000000000000, 0.000000000000000000, 0.000000000000000000 ) ) ;
#1250 = DIRECTION ( 'NONE',  ( -0.000000000000000000, -0.000000000000000000, -1.000000000000000000 ) ) ;
#1251 = FACE_BOUND ( 'NONE', #3258, .T. ) ;
#1252 = ORIENTED_EDGE ( 'NONE', *, *, #10866, .T. ) ;
#1253 = DIRECTION ( 'NONE',  ( 0.000000000000000000, 0.000000000000000000, 1.000000000000000000 ) ) ;
#1254 = FACE_OUTER_BOUND ( 'NONE', #6579, .T. ) ;
#1255 = DIRECTION ( 'NONE',  ( 4.336808689942025625E-16, -1.000000000000000000, -0.000000000000000000 ) ) ;
#1256 = DIRECTION ( 'NONE',  ( -0.000000000000000000, -0.000000000000000000, -1.000000000000000000 ) ) ;
#1257 = ORIENTED_EDGE ( 'NONE', *, *, #2851, .T. ) ;
#1258 = VERTEX_POINT ( 'NONE', #7500 ) ;
#1259 = DIRECTION ( 'NONE',  ( 1.000000000000000000, 0.000000000000000000, 0.000000000000000000 ) ) ;
#1260 = ADVANCED_FACE ( 'NONE', ( #2477 ), #9048, .F. ) ;
#1261 = EDGE_CURVE ( 'NONE', #7005, #4094, #2705, .T. ) ;
#1262 = FACE_BOUND ( 'NONE', #10453, .T. ) ;
#1263 = ORIENTED_EDGE ( 'NONE', *, *, #913, .F. ) ;
#1264 = LINE ( 'NONE', #4499, #2597 ) ;
#1265 = LINE ( 'NONE', #1382, #6587 ) ;
#1266 = ORIENTED_EDGE ( 'NONE', *, *, #5660, .T. ) ;
#1267 = CARTESIAN_POINT ( 'NONE',  ( 213.3000000000000966, -32.05000000000007532, 6.349999999999999645 ) ) ;
#1268 = ORIENTED_EDGE ( 'NONE', *, *, #3234, .T. ) ;
#1269 = AXIS2_PLACEMENT_3D ( 'NONE', #60, #7031, #170 ) ;
#1270 = VECTOR ( 'NONE', #3738, 1000.000000000000000 ) ;
#1271 = CARTESIAN_POINT ( 'NONE',  ( 60.20000000000017337, -72.05000000000008242, 6.349999999999999645 ) ) ;
#1272 = CARTESIAN_POINT ( 'NONE',  ( 203.3000000000000682, 72.05000000000005400, 6.349999999999999645 ) ) ;
#1273 = ORIENTED_EDGE ( 'NONE', *, *, #5168, .F. ) ;
#1274 = LINE ( 'NONE', #10465, #4298 ) ;
#1275 = EDGE_CURVE ( 'NONE', #10097, #10048, #10714, .T. ) ;
#1276 = ADVANCED_FACE ( 'NONE', ( #1467 ), #8219, .F. ) ;
#1277 = VERTEX_POINT ( 'NONE', #9931 ) ;
#1278 = AXIS2_PLACEMENT_3D ( 'NONE', #1094, #4487, #7850 ) ;
#1279 = VECTOR ( 'NONE', #1725, 1000.000000000000000 ) ;
#1280 = DIRECTION ( 'NONE',  ( -0.000000000000000000, -0.000000000000000000, -1.000000000000000000 ) ) ;
#1281 = CARTESIAN_POINT ( 'NONE',  ( 290.1999999999999886, 45.39999999999999858, 6.349999999999999645 ) ) ;
#1282 = DIRECTION ( 'NONE',  ( 0.000000000000000000, 0.000000000000000000, 1.000000000000000000 ) ) ;
#1283 = AXIS2_PLACEMENT_3D ( 'NONE', #5900, #80, #9271 ) ;
#1284 = VECTOR ( 'NONE', #5875, 1000.000000000000000 ) ;
#1285 = DIRECTION ( 'NONE',  ( -1.000000000000000000, 0.000000000000000000, 0.000000000000000000 ) ) ;
#1286 = ORIENTED_EDGE ( 'NONE', *, *, #7223, .T. ) ;
#1287 = DIRECTION ( 'NONE',  ( 1.000000000000000000, 0.000000000000000000, 0.000000000000000000 ) ) ;
#1288 = EDGE_LOOP ( 'NONE', ( #9645, #5740, #10252, #4809 ) ) ;
#1289 = FACE_OUTER_BOUND ( 'NONE', #2082, .T. ) ;
#1290 = CARTESIAN_POINT ( 'NONE',  ( 181.7500000000001421, -32.05000000000007532, 6.349999999999999645 ) ) ;
#1291 = DIRECTION ( 'NONE',  ( -0.000000000000000000, -0.000000000000000000, -1.000000000000000000 ) ) ;
#1292 = VERTEX_POINT ( 'NONE', #5724 ) ;
#1293 = VECTOR ( 'NONE', #10781, 1000.000000000000000 ) ;
#1294 = ADVANCED_FACE ( 'NONE', ( #9103 ), #8280, .F. ) ;
#1295 = CARTESIAN_POINT ( 'NONE',  ( 53.30000000000011084, -32.05000000000007532, 6.349999999999999645 ) ) ;
#1296 = EDGE_CURVE ( 'NONE', #9566, #1129, #1080, .T. ) ;
#1297 = ORIENTED_EDGE ( 'NONE', *, *, #8217, .T. ) ;
#1298 = DIRECTION ( 'NONE',  ( 0.000000000000000000, 0.000000000000000000, 1.000000000000000000 ) ) ;
#1299 = ORIENTED_EDGE ( 'NONE', *, *, #10751, .T. ) ;
#1300 = ORIENTED_EDGE ( 'NONE', *, *, #3694, .T. ) ;
#1301 = DIRECTION ( 'NONE',  ( -3.469446951953620598E-16, 1.000000000000000000, 0.000000000000000000 ) ) ;
#1302 = FACE_OUTER_BOUND ( 'NONE', #1624, .T. ) ;
#1303 = FACE_BOUND ( 'NONE', #4770, .T. ) ;
#1304 = VERTEX_POINT ( 'NONE', #6941 ) ;
#1305 = DIRECTION ( 'NONE',  ( -1.000000000000000000, 0.000000000000000000, 0.000000000000000000 ) ) ;
#1306 = ADVANCED_FACE ( 'NONE', ( #967 ), #4256, .T. ) ;
#1307 = LINE ( 'NONE', #3040, #1514 ) ;
#1309 = CARTESIAN_POINT ( 'NONE',  ( 183.3000000000000966, -19.99999999999992184, 6.349999999999999645 ) ) ;
#1308 = AXIS2_PLACEMENT_3D ( 'NONE', #9280, #9998, #10109 ) ;
#1310 = ADVANCED_FACE ( 'NONE', ( #145 ), #4306, .T. ) ;
#1311 = DIRECTION ( 'NONE',  ( 0.000000000000000000, 0.000000000000000000, 1.000000000000000000 ) ) ;
#1312 = ORIENTED_EDGE ( 'NONE', *, *, #3638, .T. ) ;
#1313 = EDGE_LOOP ( 'NONE', ( #8813, #5218, #4575, #5696 ) ) ;
#1314 = DIRECTION ( 'NONE',  ( 0.000000000000000000, 0.000000000000000000, 1.000000000000000000 ) ) ;
#1315 = DIRECTION ( 'NONE',  ( 0.000000000000000000, 0.000000000000000000, 1.000000000000000000 ) ) ;
#1316 = EDGE_LOOP ( 'NONE', ( #3182, #5709, #5105, #599 ) ) ;
#1317 = FACE_OUTER_BOUND ( 'NONE', #10889, .T. ) ;
#1318 = LINE ( 'NONE', #8074, #8182 ) ;
#1319 = ORIENTED_EDGE ( 'NONE', *, *, #1681, .T. ) ;
#1320 = DIRECTION ( 'NONE',  ( -0.000000000000000000, -0.000000000000000000, -1.000000000000000000 ) ) ;
#1321 = VECTOR ( 'NONE', #3751, 1000.000000000000000 ) ;
#1322 = CIRCLE ( 'NONE', #2210, 1.549999999999995826 ) ;
#1323 = EDGE_CURVE ( 'NONE', #2188, #1183, #3417, .T. ) ;
#1324 = EDGE_CURVE ( 'NONE', #2712, #4840, #8664, .T. ) ;
#1325 = LINE ( 'NONE', #10735, #10027 ) ;
#1326 = VECTOR ( 'NONE', #9247, 1000.000000000000000 ) ;
#1327 = CARTESIAN_POINT ( 'NONE',  ( 43.30000000000011084, -32.05000000000007532, -0.000000000000000000 ) ) ;
#1328 = ORIENTED_EDGE ( 'NONE', *, *, #3694, .F. ) ;
#1329 = FACE_OUTER_BOUND ( 'NONE', #9173, .T. ) ;
#1330 = VECTOR ( 'NONE', #9201, 1000.000000000000000 ) ;
#1331 = AXIS2_PLACEMENT_3D ( 'NONE', #3765, #7120, #8734 ) ;
#1332 = ORIENTED_EDGE ( 'NONE', *, *, #4753, .F. ) ;
#1333 = FACE_OUTER_BOUND ( 'NONE', #5977, .T. ) ;
#1334 = LINE ( 'NONE', #4570, #7357 ) ;
#1335 = AXIS2_PLACEMENT_3D ( 'NONE', #30, #5963, #2592 ) ;
#1336 = EDGE_CURVE ( 'NONE', #10505, #109, #6895, .T. ) ;
#1337 = CIRCLE ( 'NONE', #9809, 1.549999999999995826 ) ;
#1338 = EDGE_CURVE ( 'NONE', #10571, #8521, #10267, .T. ) ;
#1339 = EDGE_CURVE ( 'NONE', #10694, #10268, #10632, .T. ) ;
#1340 = DIRECTION ( 'NONE',  ( -1.000000000000000000, 0.000000000000000000, 0.000000000000000000 ) ) ;
#1341 = VECTOR ( 'NONE', #982, 1000.000000000000000 ) ;
#1342 = CARTESIAN_POINT ( 'NONE',  ( 141.7500000000001421, -72.05000000000008242, 0.000000000000000000 ) ) ;
#1343 = ORIENTED_EDGE ( 'NONE', *, *, #166, .T. ) ;
#1344 = CIRCLE ( 'NONE', #8064, 1.549999999999995826 ) ;
#1345 = LINE ( 'NONE', #3957, #5742 ) ;
#1346 = ORIENTED_EDGE ( 'NONE', *, *, #9904, .T. ) ;
#1347 = DIRECTION ( 'NONE',  ( -1.000000000000000000, -7.284927983104700683E-17, -0.000000000000000000 ) ) ;
#1348 = VECTOR ( 'NONE', #367, 1000.000000000000000 ) ;
#1349 = DIRECTION ( 'NONE',  ( 0.000000000000000000, 0.000000000000000000, 1.000000000000000000 ) ) ;
#1350 = CARTESIAN_POINT ( 'NONE',  ( 200.2000000000001023, -19.99999999999992184, 0.000000000000000000 ) ) ;
#1351 = ORIENTED_EDGE ( 'NONE', *, *, #4621, .T. ) ;
#1352 = CIRCLE ( 'NONE', #2789, 1.549999999999988942 ) ;
#1353 = EDGE_CURVE ( 'NONE', #10574, #6163, #1033, .T. ) ;
#1354 = VECTOR ( 'NONE', #1497, 1000.000000000000000 ) ;
#1355 = DIRECTION ( 'NONE',  ( -0.000000000000000000, -1.000000000000000000, -0.000000000000000000 ) ) ;
#1356 = ADVANCED_FACE ( 'NONE', ( #2529 ), #9382, .F. ) ;
#1357 = AXIS2_PLACEMENT_3D ( 'NONE', #6727, #5178, #6891 ) ;
#1358 = CIRCLE ( 'NONE', #8439, 1.549999999999995826 ) ;
#1359 = EDGE_LOOP ( 'NONE', ( #2542, #573, #8150, #6145 ) ) ;
#1360 = DIRECTION ( 'NONE',  ( -0.000000000000000000, -0.000000000000000000, -1.000000000000000000 ) ) ;
#1361 = ORIENTED_EDGE ( 'NONE', *, *, #2351, .F. ) ;
#1362 = ORIENTED_EDGE ( 'NONE', *, *, #7545, .F. ) ;
#1363 = CARTESIAN_POINT ( 'NONE',  ( 280.1999999999999886, -5.400000000000014566, 6.349999999999999645 ) ) ;
#1364 = EDGE_CURVE ( 'NONE', #8857, #7213, #3938, .T. ) ;
#1365 = CIRCLE ( 'NONE', #2613, 1.549999999999995826 ) ;
#1366 = DIRECTION ( 'NONE',  ( 0.000000000000000000, 0.000000000000000000, 1.000000000000000000 ) ) ;
#1367 = FACE_BOUND ( 'NONE', #10856, .T. ) ;
#1368 = VERTEX_POINT ( 'NONE', #1694 ) ;
#1369 = CARTESIAN_POINT ( 'NONE',  ( 43.30000000000006821, 32.05000000000005400, 0.000000000000000000 ) ) ;
#1370 = AXIS2_PLACEMENT_3D ( 'NONE', #2106, #10565, #10408 ) ;
#1371 = DIRECTION ( 'NONE',  ( -0.000000000000000000, -0.000000000000000000, -1.000000000000000000 ) ) ;
#1372 = LINE ( 'NONE', #484, #6682 ) ;
#1373 = DIRECTION ( 'NONE',  ( 0.000000000000000000, 0.000000000000000000, 1.000000000000000000 ) ) ;
#1374 = EDGE_LOOP ( 'NONE', ( #9377, #6580, #5264, #2297 ) ) ;
#1375 = VERTEX_POINT ( 'NONE', #7783 ) ;
#1376 = CARTESIAN_POINT ( 'NONE',  ( 220.2000000000001307, 32.05000000000005400, 6.349999999999999645 ) ) ;
#1377 = VECTOR ( 'NONE', #879, 1000.000000000000000 ) ;
#1378 = EDGE_CURVE ( 'NONE', #4973, #6493, #194, .T. ) ;
#1379 = PLANE ( 'NONE',  #6119 ) ;
#1380 = VERTEX_POINT ( 'NONE', #7671 ) ;
#1381 = DIRECTION ( 'NONE',  ( -6.938893903907241197E-16, 1.000000000000000000, 0.000000000000000000 ) ) ;
#1382 = CARTESIAN_POINT ( 'NONE',  ( 120.7857146142317646, -30.31245604999991983, 0.000000000000000000 ) ) ;
#1383 = ORIENTED_EDGE ( 'NONE', *, *, #1888, .T. ) ;
#1384 = CIRCLE ( 'NONE', #7575, 1.549999999999982059 ) ;
#1385 = LINE ( 'NONE', #10054, #455 ) ;
#1386 = CARTESIAN_POINT ( 'NONE',  ( 281.7500000000000568, -45.40000000000001279, 0.000000000000000000 ) ) ;
#1387 = DIRECTION ( 'NONE',  ( -6.938893903907227392E-16, 1.000000000000000000, -0.000000000000000000 ) ) ;
#1388 = ORIENTED_EDGE ( 'NONE', *, *, #9826, .F. ) ;
#1389 = ORIENTED_EDGE ( 'NONE', *, *, #7420, .T. ) ;
#1390 = LINE ( 'NONE', #4935, #9934 ) ;
#1391 = EDGE_CURVE ( 'NONE', #5799, #4257, #5077, .T. ) ;
#1392 = ORIENTED_EDGE ( 'NONE', *, *, #9861, .F. ) ;
#1393 = DIRECTION ( 'NONE',  ( -0.000000000000000000, -1.000000000000000000, -0.000000000000000000 ) ) ;
#1394 = DIRECTION ( 'NONE',  ( -0.000000000000000000, -0.000000000000000000, -1.000000000000000000 ) ) ;
#1395 = CARTESIAN_POINT ( 'NONE',  ( 17.15999999999999304, 20.00000000000000000, 0.000000000000000000 ) ) ;
#1396 = CARTESIAN_POINT ( 'NONE',  ( 30.20000000000008455, 20.00000000000000355, 6.349999999999999645 ) ) ;
#1397 = VERTEX_POINT ( 'NONE', #2694 ) ;
#1398 = CARTESIAN_POINT ( 'NONE',  ( 160.2000000000001023, 20.00000000000000355, 6.349999999999999645 ) ) ;
#1399 = ORIENTED_EDGE ( 'NONE', *, *, #5838, .F. ) ;
#1400 = LINE ( 'NONE', #5609, #4383 ) ;
#1401 = DIRECTION ( 'NONE',  ( -1.387778780781445478E-15, 1.000000000000000000, -0.000000000000000000 ) ) ;
#1402 = EDGE_CURVE ( 'NONE', #502, #2379, #7730, .T. ) ;
#1403 = EDGE_CURVE ( 'NONE', #9450, #1799, #4307, .T. ) ;
#1404 = DIRECTION ( 'NONE',  ( -1.000000000000000000, 0.000000000000000000, 0.000000000000000000 ) ) ;
#1405 = CARTESIAN_POINT ( 'NONE',  ( 173.3000000000000966, -32.05000000000007532, 6.349999999999999645 ) ) ;
#1406 = ORIENTED_EDGE ( 'NONE', *, *, #787, .F. ) ;
#1407 = DIRECTION ( 'NONE',  ( -1.000000000000000000, 0.000000000000000000, 0.000000000000000000 ) ) ;
#1408 = VERTEX_POINT ( 'NONE', #9335 ) ;
#1409 = LINE ( 'NONE', #4792, #437 ) ;
#1410 = ORIENTED_EDGE ( 'NONE', *, *, #10356, .F. ) ;
#1411 = ORIENTED_EDGE ( 'NONE', *, *, #9386, .F. ) ;
#1412 = DIRECTION ( 'NONE',  ( 1.387778780781445873E-15, -1.000000000000000000, 0.000000000000000000 ) ) ;
#1413 = ADVANCED_FACE ( 'NONE', ( #867 ), #5130, .F. ) ;
#1414 = EDGE_CURVE ( 'NONE', #1122, #3485, #6763, .T. ) ;
#1415 = CARTESIAN_POINT ( 'NONE',  ( 181.7500000000000853, 72.05000000000005400, 0.000000000000000000 ) ) ;
#1416 = CARTESIAN_POINT ( 'NONE',  ( 126.7857146142317646, 30.31245605000008680, 6.349999999999999645 ) ) ;
#1417 = ORIENTED_EDGE ( 'NONE', *, *, #8830, .F. ) ;
#1418 = PLANE ( 'NONE',  #7986 ) ;
#1419 = CARTESIAN_POINT ( 'NONE',  ( 243.3000000000000682, -5.400000000000041211, -0.000000000000000000 ) ) ;
#1420 = DIRECTION ( 'NONE',  ( 0.000000000000000000, 0.000000000000000000, 1.000000000000000000 ) ) ;
#1421 = LINE ( 'NONE', #2103, #6639 ) ;
#1422 = VERTEX_POINT ( 'NONE', #406 ) ;
#1423 = EDGE_LOOP ( 'NONE', ( #9112, #332, #2916, #687 ) ) ;
#1424 = LINE ( 'NONE', #5681, #10566 ) ;
#1425 = FACE_BOUND ( 'NONE', #9567, .T. ) ;
#1426 = VERTEX_POINT ( 'NONE', #9705 ) ;
#1427 = DIRECTION ( 'NONE',  ( 1.000000000000000000, 0.000000000000000000, 0.000000000000000000 ) ) ;
#1428 = CARTESIAN_POINT ( 'NONE',  ( 328.1214292284635690, -20.00000000000000355, 6.349999999999999645 ) ) ;
#1429 = VERTEX_POINT ( 'NONE', #3633 ) ;
#1430 = ADVANCED_FACE ( 'NONE', ( #6998 ), #6338, .T. ) ;
#1431 = DIRECTION ( 'NONE',  ( 0.000000000000000000, 0.000000000000000000, 1.000000000000000000 ) ) ;
#1432 = CARTESIAN_POINT ( 'NONE',  ( 160.2000000000001023, 32.05000000000005400, 6.349999999999999645 ) ) ;
#1433 = ORIENTED_EDGE ( 'NONE', *, *, #1983, .F. ) ;
#1434 = ORIENTED_EDGE ( 'NONE', *, *, #1888, .F. ) ;
#1435 = DIRECTION ( 'NONE',  ( 1.000000000000000000, 4.336808689942025625E-16, -0.000000000000000000 ) ) ;
#1436 = ORIENTED_EDGE ( 'NONE', *, *, #225, .T. ) ;
#1437 = LINE ( 'NONE', #5649, #7333 ) ;
#1438 = CARTESIAN_POINT ( 'NONE',  ( 153.3000000000000682, 72.05000000000005400, 6.349999999999999645 ) ) ;
#1439 = VECTOR ( 'NONE', #7799, 1000.000000000000000 ) ;
#1440 = EDGE_CURVE ( 'NONE', #5311, #2118, #9936, .T. ) ;
#1441 = DIRECTION ( 'NONE',  ( 0.000000000000000000, 0.000000000000000000, 1.000000000000000000 ) ) ;
#1442 = VECTOR ( 'NONE', #4422, 1000.000000000000000 ) ;
#1443 = CARTESIAN_POINT ( 'NONE',  ( 201.7500000000001421, -72.05000000000008242, 0.000000000000000000 ) ) ;
#1445 = VECTOR ( 'NONE', #7137, 1000.000000000000000 ) ;
#1444 = CARTESIAN_POINT ( 'NONE',  ( 220.2000000000001307, -32.05000000000007532, 6.349999999999999645 ) ) ;
#1446 = ORIENTED_EDGE ( 'NONE', *, *, #5810, .F. ) ;
#1447 = EDGE_CURVE ( 'NONE', #77, #1595, #8529, .T. ) ;
#1448 = DIRECTION ( 'NONE',  ( -0.000000000000000000, -0.000000000000000000, -1.000000000000000000 ) ) ;
#1449 = VERTEX_POINT ( 'NONE', #2081 ) ;
#1450 = CARTESIAN_POINT ( 'NONE',  ( 170.2000000000001023, -19.99999999999992184, 6.349999999999999645 ) ) ;
#1451 = CARTESIAN_POINT ( 'NONE',  ( 113.2999999999999829, 20.00000000000000355, 6.349999999999999645 ) ) ;
#1452 = LINE ( 'NONE', #10593, #9139 ) ;
#1453 = DIRECTION ( 'NONE',  ( 0.000000000000000000, 0.000000000000000000, 1.000000000000000000 ) ) ;
#1454 = ORIENTED_EDGE ( 'NONE', *, *, #9077, .T. ) ;
#1455 = VECTOR ( 'NONE', #6719, 1000.000000000000000 ) ;
#1456 = AXIS2_PLACEMENT_3D ( 'NONE', #10686, #9797, #1559 ) ;
#1457 = EDGE_CURVE ( 'NONE', #8857, #7632, #8043, .T. ) ;
#1458 = EDGE_CURVE ( 'NONE', #3704, #4211, #2346, .T. ) ;
#1459 = CYLINDRICAL_SURFACE ( 'NONE', #10374, 1.549999999999995826 ) ;
#1460 = ORIENTED_EDGE ( 'NONE', *, *, #2934, .F. ) ;
#1461 = LINE ( 'NONE', #1577, #10683 ) ;
#1462 = ORIENTED_EDGE ( 'NONE', *, *, #7498, .T. ) ;
#1463 = EDGE_LOOP ( 'NONE', ( #10313, #760, #8370, #526 ) ) ;
#1464 = CARTESIAN_POINT ( 'NONE',  ( 303.3000000000000114, -5.399999999999999467, -0.000000000000000000 ) ) ;
#1465 = VECTOR ( 'NONE', #2787, 1000.000000000000000 ) ;
#1466 = DIRECTION ( 'NONE',  ( -0.000000000000000000, -1.000000000000000000, -0.000000000000000000 ) ) ;
#1467 = FACE_OUTER_BOUND ( 'NONE', #10375, .T. ) ;
#1468 = ORIENTED_EDGE ( 'NONE', *, *, #1972, .T. ) ;
#1469 = PLANE ( 'NONE',  #6761 ) ;
#1470 = EDGE_CURVE ( 'NONE', #10091, #9244, #6384, .T. ) ;
#1471 = ADVANCED_FACE ( 'NONE', ( #4627 ), #7833, .T. ) ;
#1472 = LINE ( 'NONE', #7396, #8599 ) ;
#1473 = CARTESIAN_POINT ( 'NONE',  ( 163.3000000000001535, -72.05000000000008242, 6.349999999999999645 ) ) ;
#1474 = CARTESIAN_POINT ( 'NONE',  ( 143.3000000000000682, 32.05000000000005400, 0.000000000000000000 ) ) ;
#1475 = VERTEX_POINT ( 'NONE', #8827 ) ;
#1476 = ORIENTED_EDGE ( 'NONE', *, *, #1101, .F. ) ;
#1477 = CARTESIAN_POINT ( 'NONE',  ( 220.2000000000001307, -32.05000000000007532, 0.000000000000000000 ) ) ;
#1478 = FACE_BOUND ( 'NONE', #5558, .T. ) ;
#1479 = ORIENTED_EDGE ( 'NONE', *, *, #136, .T. ) ;
#1480 = DIRECTION ( 'NONE',  ( 1.000000000000000000, 1.040834085586084059E-15, -0.000000000000000000 ) ) ;
#1481 = DIRECTION ( 'NONE',  ( 0.000000000000000000, 0.000000000000000000, 1.000000000000000000 ) ) ;
#1482 = EDGE_LOOP ( 'NONE', ( #8434, #4583, #419, #2645 ) ) ;
#1483 = CARTESIAN_POINT ( 'NONE',  ( 280.2000000000000455, -45.40000000000001279, 6.349999999999999645 ) ) ;
#1484 = AXIS2_PLACEMENT_3D ( 'NONE', #9005, #7338, #10724 ) ;
#1485 = DIRECTION ( 'NONE',  ( 0.000000000000000000, 0.000000000000000000, 1.000000000000000000 ) ) ;
#1486 = LINE ( 'NONE', #2161, #3995 ) ;
#1487 = VERTEX_POINT ( 'NONE', #8929 ) ;
#1488 = VERTEX_POINT ( 'NONE', #354 ) ;
#1489 = CARTESIAN_POINT ( 'NONE',  ( 203.3000000000000966, -19.99999999999992184, 6.349999999999999645 ) ) ;
#1490 = ORIENTED_EDGE ( 'NONE', *, *, #7395, .T. ) ;
#1491 = VECTOR ( 'NONE', #251, 1000.000000000000000 ) ;
#1492 = AXIS2_PLACEMENT_3D ( 'NONE', #5936, #9310, #8480 ) ;
#1493 = EDGE_CURVE ( 'NONE', #109, #7165, #461, .T. ) ;
#1494 = CARTESIAN_POINT ( 'NONE',  ( 113.3000000000000682, 32.05000000000005400, 6.349999999999999645 ) ) ;
#1495 = CARTESIAN_POINT ( 'NONE',  ( 60.20000000000008100, 72.05000000000005400, 6.349999999999999645 ) ) ;
#1496 = CIRCLE ( 'NONE', #6110, 1.549999999999988942 ) ;
#1497 = DIRECTION ( 'NONE',  ( -0.000000000000000000, -0.000000000000000000, -1.000000000000000000 ) ) ;
#1498 = AXIS2_PLACEMENT_3D ( 'NONE', #9953, #547, #3941 ) ;
#1499 = CARTESIAN_POINT ( 'NONE',  ( 251.7500000000000284, 5.399999999999998579, 6.349999999999999645 ) ) ;
#1500 = CARTESIAN_POINT ( 'NONE',  ( 93.30000000000015348, -72.05000000000008242, 6.349999999999999645 ) ) ;
#1501 = EDGE_LOOP ( 'NONE', ( #7148, #3391, #5858, #8546 ) ) ;
#1502 = FACE_OUTER_BOUND ( 'NONE', #4447, .T. ) ;
#1503 = VERTEX_POINT ( 'NONE', #5343 ) ;
#1504 = DIRECTION ( 'NONE',  ( 0.000000000000000000, 0.000000000000000000, 1.000000000000000000 ) ) ;
#1505 = LINE ( 'NONE', #1451, #6047 ) ;
#1506 = EDGE_CURVE ( 'NONE', #799, #5918, #6064, .T. ) ;
#1507 = VECTOR ( 'NONE', #10685, 1000.000000000000000 ) ;
#1508 = CARTESIAN_POINT ( 'NONE',  ( 140.2000000000000739, 72.05000000000005400, 0.000000000000000000 ) ) ;
#1509 = DIRECTION ( 'NONE',  ( -1.000000000000000000, -1.387778780781445478E-15, 0.000000000000000000 ) ) ;
#1510 = EDGE_LOOP ( 'NONE', ( #10627, #6251, #6790, #10814 ) ) ;
#1511 = AXIS2_PLACEMENT_3D ( 'NONE', #3926, #3089, #6298 ) ;
#1512 =( LENGTH_UNIT ( ) NAMED_UNIT ( * ) SI_UNIT ( .MILLI., .METRE. ) );
#1513 = VECTOR ( 'NONE', #4147, 1000.000000000000000 ) ;
#1514 = VECTOR ( 'NONE', #6514, 1000.000000000000000 ) ;
#1515 = ORIENTED_EDGE ( 'NONE', *, *, #5378, .T. ) ;
#1516 = DIRECTION ( 'NONE',  ( 1.000000000000000000, 0.000000000000000000, 0.000000000000000000 ) ) ;
#1517 = ORIENTED_EDGE ( 'NONE', *, *, #2837, .F. ) ;
#1518 = ORIENTED_EDGE ( 'NONE', *, *, #8189, .T. ) ;
#1519 = LINE ( 'NONE', #9766, #1036 ) ;
#1520 = AXIS2_PLACEMENT_3D ( 'NONE', #6027, #10953, #44 ) ;
#1521 = EDGE_CURVE ( 'NONE', #8882, #3242, #2181, .T. ) ;
#1522 = FACE_OUTER_BOUND ( 'NONE', #2509, .T. ) ;
#1523 = FACE_BOUND ( 'NONE', #6421, .T. ) ;
#1524 = ORIENTED_EDGE ( 'NONE', *, *, #4301, .T. ) ;
#1525 = AXIS2_PLACEMENT_3D ( 'NONE', #8429, #1906, #4240 ) ;
#1526 = AXIS2_PLACEMENT_3D ( 'NONE', #1030, #6118, #9596 ) ;
#1527 = VECTOR ( 'NONE', #3755, 1000.000000000000000 ) ;
#1528 = CARTESIAN_POINT ( 'NONE',  ( 150.2000000000001592, -72.05000000000008242, 6.349999999999999645 ) ) ;
#1529 = DIRECTION ( 'NONE',  ( -0.000000000000000000, -0.000000000000000000, -1.000000000000000000 ) ) ;
#1530 = CIRCLE ( 'NONE', #7011, 1.549999999999995826 ) ;
#1531 = CARTESIAN_POINT ( 'NONE',  ( 83.29999999999998295, 20.00000000000000355, 6.349999999999999645 ) ) ;
#1532 = ORIENTED_EDGE ( 'NONE', *, *, #9331, .T. ) ;
#1533 = EDGE_LOOP ( 'NONE', ( #7466, #4786, #1670, #5321 ) ) ;
#1534 = LINE ( 'NONE', #8175, #6861 ) ;
#1535 = CARTESIAN_POINT ( 'NONE',  ( 230.2000000000000739, -5.400000000000050981, 0.000000000000000000 ) ) ;
#1536 = VERTEX_POINT ( 'NONE', #1350 ) ;
#1537 = PLANE ( 'NONE',  #6641 ) ;
#1538 = DIRECTION ( 'NONE',  ( -0.000000000000000000, -0.000000000000000000, -1.000000000000000000 ) ) ;
#1539 = VERTEX_POINT ( 'NONE', #244 ) ;
#1540 = VECTOR ( 'NONE', #2000, 1000.000000000000000 ) ;
#1541 = EDGE_CURVE ( 'NONE', #2272, #4516, #10539, .T. ) ;
#1542 = ADVANCED_FACE ( 'NONE', ( #9549 ), #3746, .F. ) ;
#1543 = CIRCLE ( 'NONE', #8961, 1.549999999999988942 ) ;
#1544 = EDGE_CURVE ( 'NONE', #6002, #4257, #4521, .T. ) ;
#1545 = CARTESIAN_POINT ( 'NONE',  ( 201.7500000000000568, 72.05000000000005400, 6.349999999999999645 ) ) ;
#1546 = ORIENTED_EDGE ( 'NONE', *, *, #4753, .T. ) ;
#1547 = VECTOR ( 'NONE', #4226, 1000.000000000000000 ) ;
#1548 = DIRECTION ( 'NONE',  ( 1.000000000000000000, 0.000000000000000000, 0.000000000000000000 ) ) ;
#1549 = AXIS2_PLACEMENT_3D ( 'NONE', #3719, #1995, #6147 ) ;
#1550 = CARTESIAN_POINT ( 'NONE',  ( 50.20000000000012363, -32.05000000000007532, 6.349999999999999645 ) ) ;
#1551 = ORIENTED_EDGE ( 'NONE', *, *, #8746, .T. ) ;
#1552 = ORIENTED_EDGE ( 'NONE', *, *, #3873, .T. ) ;
#1553 = DIRECTION ( 'NONE',  ( -1.734723475976807094E-16, 1.000000000000000000, 0.000000000000000000 ) ) ;
#1554 = AXIS2_PLACEMENT_3D ( 'NONE', #5365, #10237, #7753 ) ;
#1555 = ORIENTED_EDGE ( 'NONE', *, *, #585, .F. ) ;
#1556 = EDGE_CURVE ( 'NONE', #4805, #7166, #3700, .T. ) ;
#1557 = EDGE_CURVE ( 'NONE', #4957, #10647, #6226, .T. ) ;
#1558 = CARTESIAN_POINT ( 'NONE',  ( 93.30000000000006821, 32.05000000000005400, 6.349999999999999645 ) ) ;
#1559 = DIRECTION ( 'NONE',  ( 3.469446951953620598E-16, -1.000000000000000000, 0.000000000000000000 ) ) ;
#1560 = AXIS2_PLACEMENT_3D ( 'NONE', #7581, #5026, #3543 ) ;
#1561 = FACE_OUTER_BOUND ( 'NONE', #6078, .T. ) ;
#1562 = AXIS2_PLACEMENT_3D ( 'NONE', #8437, #1021, #5945 ) ;
#1563 = DIRECTION ( 'NONE',  ( 0.000000000000000000, 1.000000000000000000, 0.000000000000000000 ) ) ;
#1564 = VERTEX_POINT ( 'NONE', #8319 ) ;
#1565 = DIRECTION ( 'NONE',  ( -6.938893903907227392E-16, 1.000000000000000000, -0.000000000000000000 ) ) ;
#1566 = ORIENTED_EDGE ( 'NONE', *, *, #203, .T. ) ;
#1567 = DIRECTION ( 'NONE',  ( 1.000000000000000000, 0.000000000000000000, 0.000000000000000000 ) ) ;
#1568 = VERTEX_POINT ( 'NONE', #8988 ) ;
#1569 = CARTESIAN_POINT ( 'NONE',  ( 203.3000000000000966, -32.05000000000007532, 6.349999999999999645 ) ) ;
#1570 = LINE ( 'NONE', #4019, #50 ) ;
#1571 = DIRECTION ( 'NONE',  ( -0.000000000000000000, -0.000000000000000000, -1.000000000000000000 ) ) ;
#1572 = CARTESIAN_POINT ( 'NONE',  ( 17.15999999999999304, 20.00000000000000000, 6.349999999999999645 ) ) ;
#1573 = VERTEX_POINT ( 'NONE', #3074 ) ;
#1574 = DIRECTION ( 'NONE',  ( -0.000000000000000000, -0.000000000000000000, -1.000000000000000000 ) ) ;
#1575 = EDGE_CURVE ( 'NONE', #2074, #4036, #518, .T. ) ;
#1576 = ORIENTED_EDGE ( 'NONE', *, *, #5670, .T. ) ;
#1577 = CARTESIAN_POINT ( 'NONE',  ( 260.1999999999999886, 45.39999999999999858, 6.349999999999999645 ) ) ;
#1578 = ORIENTED_EDGE ( 'NONE', *, *, #192, .T. ) ;
#1579 = ORIENTED_EDGE ( 'NONE', *, *, #2099, .F. ) ;
#1580 = DIRECTION ( 'NONE',  ( -1.000000000000000000, 0.000000000000000000, 0.000000000000000000 ) ) ;
#1581 = CARTESIAN_POINT ( 'NONE',  ( 91.75000000000008527, 72.05000000000005400, 6.349999999999999645 ) ) ;
#1582 = CARTESIAN_POINT ( 'NONE',  ( 8.710000000000002629, -20.00000000000000000, 6.349999999999999645 ) ) ;
#1583 = VERTEX_POINT ( 'NONE', #3910 ) ;
#1584 = CARTESIAN_POINT ( 'NONE',  ( 81.75000000000000000, -20.00000000000003197, 0.000000000000000000 ) ) ;
#1585 = CARTESIAN_POINT ( 'NONE',  ( 293.3000000000000114, -5.400000000000006573, -0.000000000000000000 ) ) ;
#1586 = EDGE_CURVE ( 'NONE', #9911, #10315, #9807, .T. ) ;
#1587 = EDGE_CURVE ( 'NONE', #7181, #3124, #3963, .T. ) ;
#1588 = LINE ( 'NONE', #1473, #8271 ) ;
#1589 = ORIENTED_EDGE ( 'NONE', *, *, #2119, .F. ) ;
#1590 = FACE_OUTER_BOUND ( 'NONE', #1155, .T. ) ;
#1591 = EDGE_LOOP ( 'NONE', ( #2998, #1081, #1490, #2680 ) ) ;
#1592 = VERTEX_POINT ( 'NONE', #3131 ) ;
#1593 = DIRECTION ( 'NONE',  ( -0.000000000000000000, -0.000000000000000000, -1.000000000000000000 ) ) ;
#1594 = DIRECTION ( 'NONE',  ( 0.9670745372626463610, 0.2544932992796436477, -0.000000000000000000 ) ) ;
#1595 = VERTEX_POINT ( 'NONE', #1572 ) ;
#1596 = CARTESIAN_POINT ( 'NONE',  ( 100.2000000000001307, -32.05000000000007532, 6.349999999999999645 ) ) ;
#1597 = DIRECTION ( 'NONE',  ( -0.000000000000000000, -0.000000000000000000, -1.000000000000000000 ) ) ;
#1598 = EDGE_LOOP ( 'NONE', ( #9677, #6105, #9653, #3545 ) ) ;
#1599 = DIRECTION ( 'NONE',  ( 1.836970198721030181E-16, -1.000000000000000000, -0.000000000000000000 ) ) ;
#1600 = ORIENTED_EDGE ( 'NONE', *, *, #1440, .F. ) ;
#1601 = CARTESIAN_POINT ( 'NONE',  ( 100.2000000000000881, 32.05000000000005400, 6.349999999999999645 ) ) ;
#1602 = ADVANCED_FACE ( 'NONE', ( #623 ), #9206, .T. ) ;
#1603 = EDGE_CURVE ( 'NONE', #9982, #9556, #7106, .T. ) ;
#1604 = CARTESIAN_POINT ( 'NONE',  ( 100.2000000000001023, -19.99999999999992184, 6.349999999999999645 ) ) ;
#1605 = ORIENTED_EDGE ( 'NONE', *, *, #3706, .F. ) ;
#1606 = ORIENTED_EDGE ( 'NONE', *, *, #733, .T. ) ;
#1607 = CYLINDRICAL_SURFACE ( 'NONE', #40, 1.549999999999995826 ) ;
#1608 = VERTEX_POINT ( 'NONE', #8269 ) ;
#1609 = DIRECTION ( 'NONE',  ( -1.000000000000000000, -3.469446951953613696E-16, 0.000000000000000000 ) ) ;
#1610 = LINE ( 'NONE', #9907, #1642 ) ;
#1611 = CARTESIAN_POINT ( 'NONE',  ( 291.7500000000000568, -5.400000000000007461, 0.000000000000000000 ) ) ;
#1612 = ADVANCED_FACE ( 'NONE', ( #8103 ), #10039, .F. ) ;
#1613 = EDGE_CURVE ( 'NONE', #7165, #4308, #751, .T. ) ;
#1614 = CARTESIAN_POINT ( 'NONE',  ( 326.5714292284635576, 19.99999999999999645, 0.000000000000000000 ) ) ;
#1615 = VERTEX_POINT ( 'NONE', #10642 ) ;
#1616 = CARTESIAN_POINT ( 'NONE',  ( 326.5714292284635576, -20.00000000000000355, 0.000000000000000000 ) ) ;
#1617 = EDGE_LOOP ( 'NONE', ( #9738, #7227, #2940, #6491 ) ) ;
#1618 = DIRECTION ( 'NONE',  ( -0.000000000000000000, -0.000000000000000000, -1.000000000000000000 ) ) ;
#1619 = ORIENTED_EDGE ( 'NONE', *, *, #843, .T. ) ;
#1620 = CARTESIAN_POINT ( 'NONE',  ( 300.2000000000000455, 45.39999999999999858, 0.000000000000000000 ) ) ;
#1621 = ORIENTED_EDGE ( 'NONE', *, *, #10272, .T. ) ;
#1622 = CARTESIAN_POINT ( 'NONE',  ( 311.7500000000000000, 5.399999999999998579, 0.000000000000000000 ) ) ;
#1623 = DIRECTION ( 'NONE',  ( 1.000000000000000000, 0.000000000000000000, 0.000000000000000000 ) ) ;
#1624 = EDGE_LOOP ( 'NONE', ( #4696, #1946, #1185, #8320 ) ) ;
#1625 = AXIS2_PLACEMENT_3D ( 'NONE', #9288, #10171, #207 ) ;
#1626 = VECTOR ( 'NONE', #9067, 1000.000000000000000 ) ;
#1627 = CARTESIAN_POINT ( 'NONE',  ( 253.3000000000000682, -5.400000000000034106, 6.349999999999999645 ) ) ;
#1628 = CARTESIAN_POINT ( 'NONE',  ( 40.20000000000010232, -19.99999999999992184, 0.000000000000000000 ) ) ;
#1629 = VERTEX_POINT ( 'NONE', #7262 ) ;
#1630 = DIRECTION ( 'NONE',  ( -0.000000000000000000, -0.000000000000000000, -1.000000000000000000 ) ) ;
#1631 = VERTEX_POINT ( 'NONE', #9088 ) ;
#1632 = LINE ( 'NONE', #6012, #1926 ) ;
#1633 = DIRECTION ( 'NONE',  ( -0.000000000000000000, -0.000000000000000000, -1.000000000000000000 ) ) ;
#1634 = LINE ( 'NONE', #8161, #5172 ) ;
#1635 = CIRCLE ( 'NONE', #9590, 1.549999999999995826 ) ;
#1636 = ORIENTED_EDGE ( 'NONE', *, *, #9613, .F. ) ;
#1637 = CIRCLE ( 'NONE', #9584, 1.549999999999995826 ) ;
#1638 = FACE_OUTER_BOUND ( 'NONE', #4638, .T. ) ;
#1639 = ADVANCED_FACE ( 'NONE', ( #7488 ), #5662, .F. ) ;
#1640 = DIRECTION ( 'NONE',  ( -0.000000000000000000, -0.000000000000000000, -1.000000000000000000 ) ) ;
#1641 = AXIS2_PLACEMENT_3D ( 'NONE', #8597, #9372, #1794 ) ;
#1642 = VECTOR ( 'NONE', #2329, 1000.000000000000000 ) ;
#1643 = CARTESIAN_POINT ( 'NONE',  ( 10.26000000000000156, -20.00000000000000000, 6.349999999999999645 ) ) ;
#1644 = ORIENTED_EDGE ( 'NONE', *, *, #7633, .F. ) ;
#1645 = DIRECTION ( 'NONE',  ( -1.000000000000000000, -7.284927983104700683E-17, -0.000000000000000000 ) ) ;
#1646 = EDGE_LOOP ( 'NONE', ( #3664, #3942, #5098, #2018 ) ) ;
#1647 = EDGE_LOOP ( 'NONE', ( #9421, #8180, #10149, #1566 ) ) ;
#1648 = FACE_OUTER_BOUND ( 'NONE', #1617, .T. ) ;
#1649 = CYLINDRICAL_SURFACE ( 'NONE', #8935, 1.549999999999988942 ) ;
#1650 = ORIENTED_EDGE ( 'NONE', *, *, #1506, .F. ) ;
#1651 = CARTESIAN_POINT ( 'NONE',  ( 60.20000000000008811, 32.05000000000005400, 6.349999999999999645 ) ) ;
#1652 = FACE_OUTER_BOUND ( 'NONE', #9431, .T. ) ;
#1653 = ORIENTED_EDGE ( 'NONE', *, *, #9637, .T. ) ;
#1654 = LINE ( 'NONE', #7407, #5513 ) ;
#1655 = EDGE_CURVE ( 'NONE', #3240, #10172, #4835, .T. ) ;
#1656 = VERTEX_POINT ( 'NONE', #5774 ) ;
#1657 = FACE_OUTER_BOUND ( 'NONE', #1781, .T. ) ;
#1658 = CARTESIAN_POINT ( 'NONE',  ( 40.20000000000008100, 20.00000000000000355, 6.349999999999999645 ) ) ;
#1659 = ORIENTED_EDGE ( 'NONE', *, *, #6473, .T. ) ;
#1660 = ORIENTED_EDGE ( 'NONE', *, *, #10674, .F. ) ;
#1661 = CARTESIAN_POINT ( 'NONE',  ( 213.3000000000000966, -19.99999999999992184, 6.349999999999999645 ) ) ;
#1662 = ORIENTED_EDGE ( 'NONE', *, *, #9517, .T. ) ;
#1663 = ADVANCED_FACE ( 'NONE', ( #6437 ), #4021, .T. ) ;
#1664 = LINE ( 'NONE', #8305, #5048 ) ;
#1665 = DIRECTION ( 'NONE',  ( -0.000000000000000000, -0.000000000000000000, -1.000000000000000000 ) ) ;
#1666 = ADVANCED_FACE ( 'NONE', ( #4129 ), #731, .T. ) ;
#1667 = EDGE_CURVE ( 'NONE', #1920, #4084, #2172, .T. ) ;
#1668 = DIRECTION ( 'NONE',  ( -1.000000000000000000, 0.000000000000000000, 0.000000000000000000 ) ) ;
#1669 = CARTESIAN_POINT ( 'NONE',  ( 180.2000000000001023, 32.05000000000005400, 6.349999999999999645 ) ) ;
#1670 = ORIENTED_EDGE ( 'NONE', *, *, #1785, .T. ) ;
#1671 = CARTESIAN_POINT ( 'NONE',  ( 30.20000000000016627, -72.05000000000008242, 6.349999999999999645 ) ) ;
#1672 = VECTOR ( 'NONE', #4315, 1000.000000000000000 ) ;
#1673 = EDGE_LOOP ( 'NONE', ( #7603, #5000, #7303, #6867 ) ) ;
#1674 = ORIENTED_EDGE ( 'NONE', *, *, #9719, .F. ) ;
#1675 = CARTESIAN_POINT ( 'NONE',  ( 233.3000000000000682, -5.400000000000048317, 6.349999999999999645 ) ) ;
#1676 = ORIENTED_EDGE ( 'NONE', *, *, #871, .F. ) ;
#1677 = CARTESIAN_POINT ( 'NONE',  ( 233.3000000000000682, -5.400000000000048317, 0.000000000000000000 ) ) ;
#1678 = DIRECTION ( 'NONE',  ( 0.000000000000000000, 1.000000000000000000, 0.000000000000000000 ) ) ;
#1679 = CARTESIAN_POINT ( 'NONE',  ( 313.3000000000000114, 45.40000000000000568, 0.000000000000000000 ) ) ;
#1680 = EDGE_CURVE ( 'NONE', #444, #10952, #6546, .T. ) ;
#1681 = EDGE_CURVE ( 'NONE', #7075, #6811, #684, .T. ) ;
#1682 = EDGE_CURVE ( 'NONE', #7981, #7394, #1635, .T. ) ;
#1683 = VECTOR ( 'NONE', #9802, 1000.000000000000000 ) ;
#1684 = VECTOR ( 'NONE', #2455, 1000.000000000000000 ) ;
#1685 = LINE ( 'NONE', #5066, #2605 ) ;
#1686 = ORIENTED_EDGE ( 'NONE', *, *, #8377, .T. ) ;
#1687 = AXIS2_PLACEMENT_3D ( 'NONE', #8596, #233, #3569 ) ;
#1688 = CARTESIAN_POINT ( 'NONE',  ( 43.29999999999999005, 20.00000000000000355, 6.349999999999999645 ) ) ;
#1689 = ORIENTED_EDGE ( 'NONE', *, *, #4345, .F. ) ;
#1690 = DIRECTION ( 'NONE',  ( -1.000000000000000000, -1.387778780781445478E-15, 0.000000000000000000 ) ) ;
#1691 = CIRCLE ( 'NONE', #7878, 1.549999999999968070 ) ;
#1692 = AXIS2_PLACEMENT_3D ( 'NONE', #9737, #5642, #3108 ) ;
#1693 = CARTESIAN_POINT ( 'NONE',  ( 33.30000000000013927, -72.05000000000008242, 6.349999999999999645 ) ) ;
#1694 = CARTESIAN_POINT ( 'NONE',  ( 103.2999999999999972, 20.00000000000000355, 0.000000000000000000 ) ) ;
#1695 = VERTEX_POINT ( 'NONE', #10307 ) ;
#1696 = EDGE_CURVE ( 'NONE', #977, #8857, #2685, .T. ) ;
#1697 = CARTESIAN_POINT ( 'NONE',  ( 273.3000000000000682, -45.40000000000003411, 0.000000000000000000 ) ) ;
#1698 = AXIS2_PLACEMENT_3D ( 'NONE', #8905, #4611, #2158 ) ;
#1699 = VECTOR ( 'NONE', #2755, 1000.000000000000000 ) ;
#1700 = DIRECTION ( 'NONE',  ( -0.000000000000000000, -0.000000000000000000, -1.000000000000000000 ) ) ;
#1701 = DIRECTION ( 'NONE',  ( -0.000000000000000000, -0.000000000000000000, -1.000000000000000000 ) ) ;
#1702 = CIRCLE ( 'NONE', #115, 1.549999999999982059 ) ;
#1703 = ORIENTED_EDGE ( 'NONE', *, *, #2647, .F. ) ;
#1704 = CYLINDRICAL_SURFACE ( 'NONE', #2055, 1.549999999999995826 ) ;
#1705 = ORIENTED_EDGE ( 'NONE', *, *, #7410, .F. ) ;
#1706 = ORIENTED_EDGE ( 'NONE', *, *, #6548, .T. ) ;
#1707 = DIRECTION ( 'NONE',  ( -0.000000000000000000, -0.000000000000000000, -1.000000000000000000 ) ) ;
#1708 = DIRECTION ( 'NONE',  ( -0.000000000000000000, -0.000000000000000000, -1.000000000000000000 ) ) ;
#1709 = AXIS2_PLACEMENT_3D ( 'NONE', #4354, #7490, #10864 ) ;
#1710 = ORIENTED_EDGE ( 'NONE', *, *, #8492, .F. ) ;
#1711 = LINE ( 'NONE', #5859, #3481 ) ;
#1712 = CARTESIAN_POINT ( 'NONE',  ( 261.7500000000000568, 5.399999999999998579, 0.000000000000000000 ) ) ;
#1713 = VERTEX_POINT ( 'NONE', #6774 ) ;
#1714 = AXIS2_PLACEMENT_3D ( 'NONE', #2796, #8858, #4559 ) ;
#1715 = DIRECTION ( 'NONE',  ( -1.387778780781448239E-15, 1.000000000000000000, 0.000000000000000000 ) ) ;
#1716 = VECTOR ( 'NONE', #353, 1000.000000000000000 ) ;
#1717 = ORIENTED_EDGE ( 'NONE', *, *, #5707, .F. ) ;
#1718 = AXIS2_PLACEMENT_3D ( 'NONE', #8192, #8867, #1285 ) ;
#1719 = DIRECTION ( 'NONE',  ( -0.000000000000000000, -0.000000000000000000, -1.000000000000000000 ) ) ;
#1720 = EDGE_CURVE ( 'NONE', #5706, #6108, #183, .T. ) ;
#1721 = FACE_OUTER_BOUND ( 'NONE', #6511, .T. ) ;
#1722 = ORIENTED_EDGE ( 'NONE', *, *, #2701, .T. ) ;
#1723 = ORIENTED_EDGE ( 'NONE', *, *, #9467, .T. ) ;
#1724 = AXIS2_PLACEMENT_3D ( 'NONE', #6434, #4018, #2236 ) ;
#1725 = DIRECTION ( 'NONE',  ( -0.000000000000000000, -0.000000000000000000, -1.000000000000000000 ) ) ;
#1726 = AXIS2_PLACEMENT_3D ( 'NONE', #5943, #1743, #7660 ) ;
#1727 = EDGE_LOOP ( 'NONE', ( #4781, #7964, #10868, #3825 ) ) ;
#1728 = CIRCLE ( 'NONE', #6330, 1.549999999999995826 ) ;
#1729 = CARTESIAN_POINT ( 'NONE',  ( 210.2000000000001023, -19.99999999999992184, 6.349999999999999645 ) ) ;
#1730 = FACE_OUTER_BOUND ( 'NONE', #8640, .T. ) ;
#1731 = VECTOR ( 'NONE', #6407, 1000.000000000000000 ) ;
#1732 = DIRECTION ( 'NONE',  ( 0.000000000000000000, 0.000000000000000000, 1.000000000000000000 ) ) ;
#1733 = EDGE_CURVE ( 'NONE', #4348, #6287, #222, .T. ) ;
#1734 = ADVANCED_FACE ( 'NONE', ( #3462 ), #4350, .F. ) ;
#1735 = VECTOR ( 'NONE', #9516, 1000.000000000000000 ) ;
#1736 = DIRECTION ( 'NONE',  ( 1.000000000000000000, 0.000000000000000000, 0.000000000000000000 ) ) ;
#1737 = ORIENTED_EDGE ( 'NONE', *, *, #10520, .F. ) ;
#1738 = CYLINDRICAL_SURFACE ( 'NONE', #10717, 1.549999999999995826 ) ;
#1739 = VERTEX_POINT ( 'NONE', #7772 ) ;
#1740 = DIRECTION ( 'NONE',  ( 0.000000000000000000, 0.000000000000000000, 1.000000000000000000 ) ) ;
#1741 = VERTEX_POINT ( 'NONE', #3570 ) ;
#1742 = VECTOR ( 'NONE', #7391, 1000.000000000000000 ) ;
#1743 = DIRECTION ( 'NONE',  ( -0.000000000000000000, -0.000000000000000000, -1.000000000000000000 ) ) ;
#1744 = LINE ( 'NONE', #5062, #8705 ) ;
#1745 = DIRECTION ( 'NONE',  ( 6.938893903907227392E-16, -1.000000000000000000, 0.000000000000000000 ) ) ;
#1746 = VECTOR ( 'NONE', #613, 1000.000000000000000 ) ;
#1747 = EDGE_CURVE ( 'NONE', #7890, #6757, #1744, .T. ) ;
#1748 = CARTESIAN_POINT ( 'NONE',  ( 51.75000000000000711, 20.00000000000000355, 0.000000000000000000 ) ) ;
#1749 = EDGE_CURVE ( 'NONE', #9764, #2872, #131, .T. ) ;
#1750 = EDGE_CURVE ( 'NONE', #8735, #4840, #855, .T. ) ;
#1751 = ORIENTED_EDGE ( 'NONE', *, *, #7980, .T. ) ;
#1752 = DIRECTION ( 'NONE',  ( 0.000000000000000000, 0.000000000000000000, 1.000000000000000000 ) ) ;
#1753 = EDGE_LOOP ( 'NONE', ( #1257, #8343, #6595, #9066 ) ) ;
#1754 = DIRECTION ( 'NONE',  ( -0.000000000000000000, -0.000000000000000000, -1.000000000000000000 ) ) ;
#1755 = DIRECTION ( 'NONE',  ( -1.000000000000000000, 0.000000000000000000, 0.000000000000000000 ) ) ;
#1756 = DIRECTION ( 'NONE',  ( 0.000000000000000000, 0.000000000000000000, 1.000000000000000000 ) ) ;
#1757 = ORIENTED_EDGE ( 'NONE', *, *, #8945, .F. ) ;
#1758 = DIRECTION ( 'NONE',  ( 0.000000000000000000, 1.000000000000000000, 0.000000000000000000 ) ) ;
#1759 = AXIS2_PLACEMENT_3D ( 'NONE', #8819, #7045, #2170 ) ;
#1760 = DIRECTION ( 'NONE',  ( -1.000000000000000000, 0.000000000000000000, 0.000000000000000000 ) ) ;
#1761 = CARTESIAN_POINT ( 'NONE',  ( 103.3000000000001108, -32.05000000000007532, 6.349999999999999645 ) ) ;
#1762 = EDGE_CURVE ( 'NONE', #2382, #1219, #9054, .T. ) ;
#1763 = EDGE_CURVE ( 'NONE', #8815, #3454, #10927, .T. ) ;
#1764 = ORIENTED_EDGE ( 'NONE', *, *, #7950, .F. ) ;
#1765 = CARTESIAN_POINT ( 'NONE',  ( 71.75000000000007105, 72.05000000000005400, 6.349999999999999645 ) ) ;
#1766 = ORIENTED_EDGE ( 'NONE', *, *, #6194, .F. ) ;
#1767 = EDGE_LOOP ( 'NONE', ( #6358, #4463, #5095, #4955 ) ) ;
#1768 = DIRECTION ( 'NONE',  ( -0.000000000000000000, -0.000000000000000000, -1.000000000000000000 ) ) ;
#1769 = DIRECTION ( 'NONE',  ( 0.000000000000000000, 0.000000000000000000, 1.000000000000000000 ) ) ;
#1770 = ORIENTED_EDGE ( 'NONE', *, *, #3335, .T. ) ;
#1771 = DIRECTION ( 'NONE',  ( 5.204170427930431144E-16, -1.000000000000000000, -0.000000000000000000 ) ) ;
#1772 = CARTESIAN_POINT ( 'NONE',  ( 230.2000000000000739, -5.400000000000050981, 6.349999999999999645 ) ) ;
#1773 = ORIENTED_EDGE ( 'NONE', *, *, #4314, .T. ) ;
#1774 = CARTESIAN_POINT ( 'NONE',  ( 213.3000000000000682, 32.05000000000005400, 0.000000000000000000 ) ) ;
#1775 = VERTEX_POINT ( 'NONE', #2574 ) ;
#1776 = CYLINDRICAL_SURFACE ( 'NONE', #10734, 1.549999999999988942 ) ;
#1777 = CARTESIAN_POINT ( 'NONE',  ( 291.7500000000000000, 45.39999999999999858, 0.000000000000000000 ) ) ;
#1778 = VERTEX_POINT ( 'NONE', #7717 ) ;
#1779 = VERTEX_POINT ( 'NONE', #5944 ) ;
#1780 = DIRECTION ( 'NONE',  ( 1.000000000000000000, 0.000000000000000000, 0.000000000000000000 ) ) ;
#1781 = EDGE_LOOP ( 'NONE', ( #3565, #4518, #7922, #8067 ) ) ;
#1782 = CARTESIAN_POINT ( 'NONE',  ( 250.2000000000000455, 5.399999999999998579, 0.000000000000000000 ) ) ;
#1783 = DIRECTION ( 'NONE',  ( 6.938893903907227392E-16, -1.000000000000000000, 0.000000000000000000 ) ) ;
#1784 = CARTESIAN_POINT ( 'NONE',  ( 151.7500000000000000, -20.00000000000003197, 6.349999999999999645 ) ) ;
#1785 = EDGE_CURVE ( 'NONE', #7489, #5573, #574, .T. ) ;
#1786 = CARTESIAN_POINT ( 'NONE',  ( 250.2000000000000455, 45.39999999999999858, 6.349999999999999645 ) ) ;
#1787 = CYLINDRICAL_SURFACE ( 'NONE', #3636, 1.549999999999995826 ) ;
#1788 = ORIENTED_EDGE ( 'NONE', *, *, #2086, .T. ) ;
#1789 = DIRECTION ( 'NONE',  ( -1.000000000000000000, 0.000000000000000000, 0.000000000000000000 ) ) ;
#1790 = VERTEX_POINT ( 'NONE', #4187 ) ;
#1791 = ORIENTED_EDGE ( 'NONE', *, *, #500, .T. ) ;
#1792 = EDGE_LOOP ( 'NONE', ( #10613, #1039, #8993, #519 ) ) ;
#1793 = LINE ( 'NONE', #4186, #1022 ) ;
#1794 = DIRECTION ( 'NONE',  ( -0.7808688094430302762, 0.6246950475544242876, 0.000000000000000000 ) ) ;
#1795 = ORIENTED_EDGE ( 'NONE', *, *, #4887, .F. ) ;
#1796 = EDGE_CURVE ( 'NONE', #9282, #3109, #9320, .T. ) ;
#1797 = CARTESIAN_POINT ( 'NONE',  ( 303.3000000000000682, -45.40000000000000568, 0.000000000000000000 ) ) ;
#1798 = EDGE_CURVE ( 'NONE', #10792, #3489, #6885, .T. ) ;
#1799 = VERTEX_POINT ( 'NONE', #7551 ) ;
#1800 = DIRECTION ( 'NONE',  ( -1.040834085586084059E-15, 1.000000000000000000, 0.000000000000000000 ) ) ;
#1801 = ORIENTED_EDGE ( 'NONE', *, *, #7732, .T. ) ;
#1802 = CYLINDRICAL_SURFACE ( 'NONE', #1357, 1.549999999999995826 ) ;
#1803 = CYLINDRICAL_SURFACE ( 'NONE', #6127, 1.549999999999995826 ) ;
#1804 = DIRECTION ( 'NONE',  ( 1.000000000000000000, 0.000000000000000000, 0.000000000000000000 ) ) ;
#1805 = EDGE_LOOP ( 'NONE', ( #6993, #4215, #328, #8753 ) ) ;
#1806 = VECTOR ( 'NONE', #10119, 1000.000000000000000 ) ;
#1807 = EDGE_CURVE ( 'NONE', #6839, #2945, #3357, .T. ) ;
#1808 = EDGE_CURVE ( 'NONE', #1834, #7957, #7294, .T. ) ;
#1809 = EDGE_CURVE ( 'NONE', #4137, #10766, #2518, .T. ) ;
#1810 = LINE ( 'NONE', #9498, #2782 ) ;
#1811 = DIRECTION ( 'NONE',  ( -0.000000000000000000, -0.000000000000000000, -1.000000000000000000 ) ) ;
#1812 = ORIENTED_EDGE ( 'NONE', *, *, #8746, .F. ) ;
#1813 = AXIS2_PLACEMENT_3D ( 'NONE', #3974, #8386, #7567 ) ;
#1814 = DIRECTION ( 'NONE',  ( -8.673617379884034486E-16, 1.000000000000000000, -0.000000000000000000 ) ) ;
#1815 = ORIENTED_EDGE ( 'NONE', *, *, #10608, .T. ) ;
#1816 = ORIENTED_EDGE ( 'NONE', *, *, #4594, .F. ) ;
#1817 = CARTESIAN_POINT ( 'NONE',  ( 173.3000000000000682, 32.05000000000005400, 6.349999999999999645 ) ) ;
#1818 = CARTESIAN_POINT ( 'NONE',  ( 211.7500000000001705, -72.05000000000008242, 6.349999999999999645 ) ) ;
#1819 = EDGE_LOOP ( 'NONE', ( #618, #2154, #6853, #6001 ) ) ;
#1820 = DIRECTION ( 'NONE',  ( -1.000000000000000000, -3.469446951953620598E-16, 0.000000000000000000 ) ) ;
#1821 = LINE ( 'NONE', #10281, #4987 ) ;
#1822 = ORIENTED_EDGE ( 'NONE', *, *, #8410, .T. ) ;
#1823 = CARTESIAN_POINT ( 'NONE',  ( 161.7500000000001137, -32.05000000000007532, 6.349999999999999645 ) ) ;
#1824 = ADVANCED_FACE ( 'NONE', ( #5223 ), #6004, .F. ) ;
#1825 = ADVANCED_FACE ( 'NONE', ( #8539 ), #9480, .T. ) ;
#1826 = AXIS2_PLACEMENT_3D ( 'NONE', #10807, #10760, #2296 ) ;
#1827 = AXIS2_PLACEMENT_3D ( 'NONE', #8147, #2463, #564 ) ;
#1828 = CARTESIAN_POINT ( 'NONE',  ( 151.7500000000001421, -32.05000000000007532, 0.000000000000000000 ) ) ;
#1829 = DIRECTION ( 'NONE',  ( 0.000000000000000000, 0.000000000000000000, 1.000000000000000000 ) ) ;
#1830 = ORIENTED_EDGE ( 'NONE', *, *, #23, .F. ) ;
#1831 = ORIENTED_EDGE ( 'NONE', *, *, #1965, .T. ) ;
#1832 = FACE_OUTER_BOUND ( 'NONE', #1423, .T. ) ;
#1833 = CARTESIAN_POINT ( 'NONE',  ( 173.3000000000000966, -19.99999999999992184, 0.000000000000000000 ) ) ;
#1834 = VERTEX_POINT ( 'NONE', #6325 ) ;
#1835 = DIRECTION ( 'NONE',  ( -3.469446951953620598E-16, 1.000000000000000000, 0.000000000000000000 ) ) ;
#1836 = VECTOR ( 'NONE', #1221, 1000.000000000000000 ) ;
#1837 = DIRECTION ( 'NONE',  ( -0.000000000000000000, -0.000000000000000000, -1.000000000000000000 ) ) ;
#1838 = DIRECTION ( 'NONE',  ( -1.000000000000000000, 0.000000000000000000, 0.000000000000000000 ) ) ;
#1839 = DIRECTION ( 'NONE',  ( 0.000000000000000000, 0.000000000000000000, 1.000000000000000000 ) ) ;
#1840 = CARTESIAN_POINT ( 'NONE',  ( 73.30000000000011084, -32.05000000000007532, 6.349999999999999645 ) ) ;
#1841 = CARTESIAN_POINT ( 'NONE',  ( 100.2000000000000881, 20.00000000000000355, 6.349999999999999645 ) ) ;
#1842 = ORIENTED_EDGE ( 'NONE', *, *, #1966, .F. ) ;
#1843 = CARTESIAN_POINT ( 'NONE',  ( 281.7500000000000000, 45.39999999999999858, 6.349999999999999645 ) ) ;
#1844 = ADVANCED_FACE ( 'NONE', ( #1124 ), #9540, .F. ) ;
#1845 = VERTEX_POINT ( 'NONE', #9696 ) ;
#1846 = ORIENTED_EDGE ( 'NONE', *, *, #8201, .T. ) ;
#1847 = DIRECTION ( 'NONE',  ( -0.9668509350593709195, 0.2553414760175477527, -0.000000000000000000 ) ) ;
#1848 = DIRECTION ( 'NONE',  ( -0.000000000000000000, -1.000000000000000000, -0.000000000000000000 ) ) ;
#1849 = CARTESIAN_POINT ( 'NONE',  ( 70.20000000000008811, 72.05000000000005400, 0.000000000000000000 ) ) ;
#1850 = VECTOR ( 'NONE', #5853, 1000.000000000000000 ) ;
#1851 = DIRECTION ( 'NONE',  ( 0.000000000000000000, 0.000000000000000000, 1.000000000000000000 ) ) ;
#1852 = ORIENTED_EDGE ( 'NONE', *, *, #4115, .F. ) ;
#1853 = ADVANCED_FACE ( 'NONE', ( #4666 ), #1911, .T. ) ;
#1854 = CARTESIAN_POINT ( 'NONE',  ( 221.7500000000000568, 72.05000000000005400, 6.349999999999999645 ) ) ;
#1855 = ORIENTED_EDGE ( 'NONE', *, *, #8575, .T. ) ;
#1856 = LINE ( 'NONE', #5233, #3495 ) ;
#1857 = DIRECTION ( 'NONE',  ( -0.000000000000000000, -0.000000000000000000, -1.000000000000000000 ) ) ;
#1858 = DIRECTION ( 'NONE',  ( -0.000000000000000000, -0.000000000000000000, -1.000000000000000000 ) ) ;
#1859 = ORIENTED_EDGE ( 'NONE', *, *, #7786, .T. ) ;
#1860 = VECTOR ( 'NONE', #7562, 1000.000000000000000 ) ;
#1861 = VECTOR ( 'NONE', #2288, 1000.000000000000000 ) ;
#1862 = LINE ( 'NONE', #1136, #824 ) ;
#1863 = CIRCLE ( 'NONE', #3107, 1.549999999999995826 ) ;
#1865 = PLANE ( 'NONE',  #2275 ) ;
#1864 = VECTOR ( 'NONE', #5829, 1000.000000000000000 ) ;
#1866 = ORIENTED_EDGE ( 'NONE', *, *, #7156, .F. ) ;
#1867 = CIRCLE ( 'NONE', #4003, 1.549999999999988942 ) ;
#1868 = EDGE_CURVE ( 'NONE', #3870, #10107, #5490, .T. ) ;
#1869 = LINE ( 'NONE', #7058, #3272 ) ;
#1870 = ORIENTED_EDGE ( 'NONE', *, *, #1541, .F. ) ;
#1871 = ORIENTED_EDGE ( 'NONE', *, *, #2439, .F. ) ;
#1872 = DIRECTION ( 'NONE',  ( -1.000000000000000000, 0.000000000000000000, 0.000000000000000000 ) ) ;
#1873 = LINE ( 'NONE', #4432, #5933 ) ;
#1874 = ORIENTED_EDGE ( 'NONE', *, *, #1733, .F. ) ;
#1875 = CARTESIAN_POINT ( 'NONE',  ( 190.2000000000001023, -19.99999999999992184, 6.349999999999999645 ) ) ;
#1876 = CARTESIAN_POINT ( 'NONE',  ( 43.30000000000008242, -19.99999999999992184, 6.349999999999999645 ) ) ;
#1877 = ORIENTED_EDGE ( 'NONE', *, *, #2788, .F. ) ;
#1878 = CARTESIAN_POINT ( 'NONE',  ( 250.2000000000001023, -5.400000000000034994, 0.000000000000000000 ) ) ;
#1879 = AXIS2_PLACEMENT_3D ( 'NONE', #5992, #10911, #9362 ) ;
#1880 = VECTOR ( 'NONE', #4320, 1000.000000000000000 ) ;
#1881 = AXIS2_PLACEMENT_3D ( 'NONE', #588, #1373, #4754 ) ;
#1882 = VECTOR ( 'NONE', #10280, 1000.000000000000000 ) ;
#1883 = CARTESIAN_POINT ( 'NONE',  ( 260.2000000000000455, -5.400000000000027889, 0.000000000000000000 ) ) ;
#1884 = AXIS2_PLACEMENT_3D ( 'NONE', #10800, #2457, #3349 ) ;
#1885 = DIRECTION ( 'NONE',  ( -1.387778780781445873E-15, 1.000000000000000000, -0.000000000000000000 ) ) ;
#1886 = EDGE_LOOP ( 'NONE', ( #3591, #10454, #4317, #2126 ) ) ;
#1887 = ORIENTED_EDGE ( 'NONE', *, *, #6787, .F. ) ;
#1888 = EDGE_CURVE ( 'NONE', #8136, #8315, #1231, .T. ) ;
#1889 = DIRECTION ( 'NONE',  ( -0.000000000000000000, -0.000000000000000000, -1.000000000000000000 ) ) ;
#1890 = VECTOR ( 'NONE', #3866, 1000.000000000000000 ) ;
#1891 = EDGE_CURVE ( 'NONE', #9913, #9873, #9586, .T. ) ;
#1892 = ADVANCED_FACE ( 'NONE', ( #5288 ), #3788, .F. ) ;
#1893 = FACE_BOUND ( 'NONE', #9925, .T. ) ;
#1894 = EDGE_LOOP ( 'NONE', ( #6015, #1546, #5380, #1173 ) ) ;
#1895 = EDGE_LOOP ( 'NONE', ( #5437, #8281, #8304, #253 ) ) ;
#1896 = DIRECTION ( 'NONE',  ( 1.000000000000000000, 3.469446951953620598E-16, -0.000000000000000000 ) ) ;
#1897 = VECTOR ( 'NONE', #1146, 1000.000000000000000 ) ;
#1898 = CARTESIAN_POINT ( 'NONE',  ( 191.7499999999999716, -20.00000000000003197, 6.349999999999999645 ) ) ;
#1899 = LINE ( 'NONE', #9363, #1284 ) ;
#1900 = CIRCLE ( 'NONE', #4710, 1.549999999999995826 ) ;
#1901 = AXIS2_PLACEMENT_3D ( 'NONE', #10757, #1504, #6543 ) ;
#1902 = DIRECTION ( 'NONE',  ( -0.000000000000000000, -0.000000000000000000, -1.000000000000000000 ) ) ;
#1903 = AXIS2_PLACEMENT_3D ( 'NONE', #5712, #8042, #8148 ) ;
#1904 = PLANE ( 'NONE',  #4524 ) ;
#1905 = ORIENTED_EDGE ( 'NONE', *, *, #3563, .F. ) ;
#1906 = DIRECTION ( 'NONE',  ( 0.000000000000000000, 0.000000000000000000, 1.000000000000000000 ) ) ;
#1907 = ADVANCED_FACE ( 'NONE', ( #446 ), #3845, .T. ) ;
#1908 = EDGE_CURVE ( 'NONE', #6108, #4831, #4569, .T. ) ;
#1909 = VERTEX_POINT ( 'NONE', #290 ) ;
#1910 = DIRECTION ( 'NONE',  ( -1.000000000000000000, 0.000000000000000000, 0.000000000000000000 ) ) ;
#1911 = PLANE ( 'NONE',  #9245 ) ;
#1912 = ORIENTED_EDGE ( 'NONE', *, *, #7708, .F. ) ;
#1913 = AXIS2_PLACEMENT_3D ( 'NONE', #2462, #3353, #728 ) ;
#1914 = CIRCLE ( 'NONE', #5793, 1.549999999999995826 ) ;
#1915 = VECTOR ( 'NONE', #660, 1000.000000000000000 ) ;
#1916 = DIRECTION ( 'NONE',  ( 1.000000000000000000, 0.000000000000000000, 0.000000000000000000 ) ) ;
#1917 = AXIS2_PLACEMENT_3D ( 'NONE', #1934, #8621, #7793 ) ;
#1918 = ORIENTED_EDGE ( 'NONE', *, *, #8516, .F. ) ;
#1919 = DIRECTION ( 'NONE',  ( -1.000000000000000000, 0.000000000000000000, 0.000000000000000000 ) ) ;
#1920 = VERTEX_POINT ( 'NONE', #345 ) ;
#1921 = AXIS2_PLACEMENT_3D ( 'NONE', #906, #4296, #1964 ) ;
#1922 = LINE ( 'NONE', #5452, #8960 ) ;
#1923 = FACE_OUTER_BOUND ( 'NONE', #4493, .T. ) ;
#1924 = DIRECTION ( 'NONE',  ( 1.000000000000000000, 1.040834085586084059E-15, -0.000000000000000000 ) ) ;
#1925 = ORIENTED_EDGE ( 'NONE', *, *, #2459, .T. ) ;
#1926 = VECTOR ( 'NONE', #1754, 1000.000000000000000 ) ;
#1927 = EDGE_CURVE ( 'NONE', #4677, #7977, #1117, .T. ) ;
#1928 = CARTESIAN_POINT ( 'NONE',  ( 260.2000000000000455, -5.400000000000027889, 6.349999999999999645 ) ) ;
#1929 = CARTESIAN_POINT ( 'NONE',  ( 93.30000000000008242, -19.99999999999992184, 6.349999999999999645 ) ) ;
#1930 = ORIENTED_EDGE ( 'NONE', *, *, #4765, .T. ) ;
#1931 = LINE ( 'NONE', #9503, #9625 ) ;
#1932 = ORIENTED_EDGE ( 'NONE', *, *, #1324, .T. ) ;
#1933 = ORIENTED_EDGE ( 'NONE', *, *, #3033, .F. ) ;
#1934 = CARTESIAN_POINT ( 'NONE',  ( 90.20000000000010232, -19.99999999999992184, 6.349999999999999645 ) ) ;
#1935 = DIRECTION ( 'NONE',  ( -1.000000000000000000, 0.000000000000000000, 0.000000000000000000 ) ) ;
#1936 = VERTEX_POINT ( 'NONE', #10523 ) ;
#1937 = CARTESIAN_POINT ( 'NONE',  ( 51.75000000000008527, 32.05000000000005400, 0.000000000000000000 ) ) ;
#1938 = FACE_OUTER_BOUND ( 'NONE', #7714, .T. ) ;
#1939 = ORIENTED_EDGE ( 'NONE', *, *, #6996, .F. ) ;
#1940 = SURFACE_STYLE_FILL_AREA ( #6140 ) ;
#1941 = CIRCLE ( 'NONE', #2286, 1.549999999999995826 ) ;
#1942 = EDGE_CURVE ( 'NONE', #7071, #5304, #8653, .T. ) ;
#1943 = EDGE_CURVE ( 'NONE', #3378, #9896, #3951, .T. ) ;
#1944 = DIRECTION ( 'NONE',  ( 0.000000000000000000, 0.000000000000000000, 1.000000000000000000 ) ) ;
#1945 = LINE ( 'NONE', #9404, #5226 ) ;
#1946 = ORIENTED_EDGE ( 'NONE', *, *, #2035, .F. ) ;
#1947 = ORIENTED_EDGE ( 'NONE', *, *, #3524, .F. ) ;
#1948 = LINE ( 'NONE', #8737, #6496 ) ;
#1949 = FACE_BOUND ( 'NONE', #125, .T. ) ;
#1950 = ORIENTED_EDGE ( 'NONE', *, *, #9534, .F. ) ;
#1951 = ORIENTED_EDGE ( 'NONE', *, *, #7651, .T. ) ;
#1952 = DIRECTION ( 'NONE',  ( 1.836970198721030181E-16, -1.000000000000000000, -0.000000000000000000 ) ) ;
#1953 = DIRECTION ( 'NONE',  ( -0.000000000000000000, -0.000000000000000000, -1.000000000000000000 ) ) ;
#1954 = CARTESIAN_POINT ( 'NONE',  ( 213.3000000000000966, -19.99999999999992184, 6.349999999999999645 ) ) ;
#1955 = ADVANCED_FACE ( 'NONE', ( #6215 ), #2905, .F. ) ;
#1956 = EDGE_CURVE ( 'NONE', #6343, #3539, #8755, .T. ) ;
#1957 = CARTESIAN_POINT ( 'NONE',  ( 230.2000000000000739, -5.400000000000050981, 0.000000000000000000 ) ) ;
#1958 = DIRECTION ( 'NONE',  ( 1.000000000000000000, 0.000000000000000000, 0.000000000000000000 ) ) ;
#1959 = ORIENTED_EDGE ( 'NONE', *, *, #6644, .T. ) ;
#1960 = CARTESIAN_POINT ( 'NONE',  ( 161.7500000000000853, 32.05000000000005400, 6.349999999999999645 ) ) ;
#1961 = ORIENTED_EDGE ( 'NONE', *, *, #8299, .T. ) ;
#1962 = DIRECTION ( 'NONE',  ( 1.000000000000000000, 5.204170427930431144E-16, -0.000000000000000000 ) ) ;
#1963 = CARTESIAN_POINT ( 'NONE',  ( 183.3000000000000966, -32.05000000000007532, 0.000000000000000000 ) ) ;
#1964 = DIRECTION ( 'NONE',  ( 1.000000000000000000, 0.000000000000000000, 0.000000000000000000 ) ) ;
#1965 = EDGE_CURVE ( 'NONE', #1909, #8381, #7936, .T. ) ;
#1966 = EDGE_CURVE ( 'NONE', #9556, #727, #5442, .T. ) ;
#1967 = PLANE ( 'NONE',  #6836 ) ;
#1968 = EDGE_LOOP ( 'NONE', ( #8885, #4704, #3155, #9716 ) ) ;
#1969 = CARTESIAN_POINT ( 'NONE',  ( 150.2000000000001023, -19.99999999999992184, 0.000000000000000000 ) ) ;
#1970 = ORIENTED_EDGE ( 'NONE', *, *, #4248, .T. ) ;
#1971 = LINE ( 'NONE', #8711, #9842 ) ;
#1972 = EDGE_CURVE ( 'NONE', #7231, #10694, #9290, .T. ) ;
#1973 = CARTESIAN_POINT ( 'NONE',  ( 190.2000000000001023, 32.05000000000005400, 0.000000000000000000 ) ) ;
#1974 = DIRECTION ( 'NONE',  ( 0.000000000000000000, 0.000000000000000000, 1.000000000000000000 ) ) ;
#1975 = ORIENTED_EDGE ( 'NONE', *, *, #2011, .F. ) ;
#1976 = DIRECTION ( 'NONE',  ( -0.000000000000000000, -0.000000000000000000, -1.000000000000000000 ) ) ;
#1977 = CARTESIAN_POINT ( 'NONE',  ( 200.2000000000001023, -19.99999999999992184, 6.349999999999999645 ) ) ;
#1978 = VERTEX_POINT ( 'NONE', #1483 ) ;
#1979 = CARTESIAN_POINT ( 'NONE',  ( 193.3000000000000966, 32.05000000000005400, 6.349999999999999645 ) ) ;
#1980 = ORIENTED_EDGE ( 'NONE', *, *, #7295, .T. ) ;
#1981 = ORIENTED_EDGE ( 'NONE', *, *, #7558, .T. ) ;
#1982 = CARTESIAN_POINT ( 'NONE',  ( 61.75000000000008527, 32.05000000000005400, 6.349999999999999645 ) ) ;
#1983 = EDGE_CURVE ( 'NONE', #6553, #4280, #2374, .T. ) ;
#1984 = CARTESIAN_POINT ( 'NONE',  ( 326.5714292284635576, -20.00000000000000355, 6.349999999999999645 ) ) ;
#1985 = DIRECTION ( 'NONE',  ( -1.000000000000000000, -6.938893903907227392E-16, 0.000000000000000000 ) ) ;
#1986 = FACE_BOUND ( 'NONE', #10384, .T. ) ;
#1987 = EDGE_LOOP ( 'NONE', ( #3778, #2900, #8243, #7248 ) ) ;
#1988 = AXIS2_PLACEMENT_3D ( 'NONE', #366, #1206, #4596 ) ;
#1989 = AXIS2_PLACEMENT_3D ( 'NONE', #5739, #1481, #4862 ) ;
#1990 = VECTOR ( 'NONE', #532, 1000.000000000000000 ) ;
#1991 = DIRECTION ( 'NONE',  ( 1.387778780781445873E-15, -1.000000000000000000, 0.000000000000000000 ) ) ;
#1992 = CARTESIAN_POINT ( 'NONE',  ( 326.5714292284635576, -20.00000000000000355, 6.349999999999999645 ) ) ;
#1993 = ORIENTED_EDGE ( 'NONE', *, *, #3993, .T. ) ;
#1994 = ORIENTED_EDGE ( 'NONE', *, *, #6804, .F. ) ;
#1995 = DIRECTION ( 'NONE',  ( 0.000000000000000000, 0.000000000000000000, 1.000000000000000000 ) ) ;
#1996 = EDGE_CURVE ( 'NONE', #4856, #3368, #6629, .T. ) ;
#1997 = FACE_BOUND ( 'NONE', #1894, .T. ) ;
#1998 = ORIENTED_EDGE ( 'NONE', *, *, #2421, .F. ) ;
#1999 = ORIENTED_EDGE ( 'NONE', *, *, #9105, .F. ) ;
#2000 = DIRECTION ( 'NONE',  ( 0.7808688094430302762, -0.6246950475544243986, -0.000000000000000000 ) ) ;
#2001 = DIRECTION ( 'NONE',  ( -1.000000000000000000, 0.000000000000000000, 0.000000000000000000 ) ) ;
#2002 = CARTESIAN_POINT ( 'NONE',  ( 150.2000000000001023, 32.05000000000005400, 6.349999999999999645 ) ) ;
#2003 = AXIS2_PLACEMENT_3D ( 'NONE', #7992, #6178, #9754 ) ;
#2004 = VECTOR ( 'NONE', #4667, 1000.000000000000000 ) ;
#2005 = DIRECTION ( 'NONE',  ( 0.000000000000000000, 0.000000000000000000, 1.000000000000000000 ) ) ;
#2006 = VECTOR ( 'NONE', #8487, 1000.000000000000000 ) ;
#2007 = CARTESIAN_POINT ( 'NONE',  ( 51.75000000000007105, 72.05000000000005400, 0.000000000000000000 ) ) ;
#2008 = EDGE_LOOP ( 'NONE', ( #9097, #10729, #1859, #1268 ) ) ;
#2010 = VECTOR ( 'NONE', #3827, 1000.000000000000000 ) ;
#2009 = DIRECTION ( 'NONE',  ( 1.000000000000000000, 6.938893903907227392E-16, -0.000000000000000000 ) ) ;
#2011 = EDGE_CURVE ( 'NONE', #9072, #4831, #5811, .T. ) ;
#2012 = ORIENTED_EDGE ( 'NONE', *, *, #7343, .T. ) ;
#2013 = EDGE_CURVE ( 'NONE', #495, #615, #5864, .T. ) ;
#2014 = DIRECTION ( 'NONE',  ( -0.000000000000000000, -0.000000000000000000, -1.000000000000000000 ) ) ;
#2015 = CARTESIAN_POINT ( 'NONE',  ( 91.75000000000011369, -32.05000000000007532, 0.000000000000000000 ) ) ;
#2016 = CARTESIAN_POINT ( 'NONE',  ( 31.75000000000000000, -82.55000000000001137, 6.349999999999999645 ) ) ;
#2017 = DIRECTION ( 'NONE',  ( -3.469446951953620598E-16, 1.000000000000000000, 0.000000000000000000 ) ) ;
#2018 = ORIENTED_EDGE ( 'NONE', *, *, #6455, .T. ) ;
#2019 = CARTESIAN_POINT ( 'NONE',  ( 220.2000000000001307, 32.05000000000005400, 6.349999999999999645 ) ) ;
#2020 = ORIENTED_EDGE ( 'NONE', *, *, #35, .T. ) ;
#2021 = CARTESIAN_POINT ( 'NONE',  ( 283.3000000000000682, -45.40000000000001990, 0.000000000000000000 ) ) ;
#2022 = EDGE_CURVE ( 'NONE', #10861, #2440, #4864, .T. ) ;
#2023 = EDGE_CURVE ( 'NONE', #2446, #2840, #3384, .T. ) ;
#2024 = EDGE_CURVE ( 'NONE', #4947, #4902, #2494, .T. ) ;
#2025 = DIRECTION ( 'NONE',  ( -0.000000000000000000, -0.000000000000000000, -1.000000000000000000 ) ) ;
#2026 = DIRECTION ( 'NONE',  ( -0.000000000000000000, -0.000000000000000000, -1.000000000000000000 ) ) ;
#2027 = ORIENTED_EDGE ( 'NONE', *, *, #2349, .T. ) ;
#2028 = CARTESIAN_POINT ( 'NONE',  ( 270.2000000000001023, -45.40000000000002700, 0.000000000000000000 ) ) ;
#2029 = ORIENTED_EDGE ( 'NONE', *, *, #6945, .T. ) ;
#2030 = CARTESIAN_POINT ( 'NONE',  ( 170.2000000000001023, -19.99999999999992184, 0.000000000000000000 ) ) ;
#2031 = ORIENTED_EDGE ( 'NONE', *, *, #3625, .T. ) ;
#2032 = EDGE_LOOP ( 'NONE', ( #8572, #10897, #6284, #4062 ) ) ;
#2033 = DIRECTION ( 'NONE',  ( 1.000000000000000000, 0.000000000000000000, 0.000000000000000000 ) ) ;
#2034 = CIRCLE ( 'NONE', #4852, 1.549999999999995826 ) ;
#2035 = EDGE_CURVE ( 'NONE', #8982, #7437, #5541, .T. ) ;
#2036 = LINE ( 'NONE', #5412, #8251 ) ;
#2037 = FACE_BOUND ( 'NONE', #940, .T. ) ;
#2038 = ORIENTED_EDGE ( 'NONE', *, *, #9845, .T. ) ;
#2039 = DIRECTION ( 'NONE',  ( 0.000000000000000000, 1.000000000000000000, 0.000000000000000000 ) ) ;
#2040 = AXIS2_PLACEMENT_3D ( 'NONE', #7185, #650, #8955 ) ;
#2041 = CIRCLE ( 'NONE', #8216, 1.549999999999995826 ) ;
#2042 = CARTESIAN_POINT ( 'NONE',  ( 143.3000000000000966, -19.99999999999992184, 0.000000000000000000 ) ) ;
#2043 = DIRECTION ( 'NONE',  ( -1.000000000000000000, -8.673617379884034486E-16, 0.000000000000000000 ) ) ;
#2044 = ORIENTED_EDGE ( 'NONE', *, *, #7033, .F. ) ;
#2045 = VERTEX_POINT ( 'NONE', #5916 ) ;
#2046 = DIRECTION ( 'NONE',  ( -0.000000000000000000, -0.000000000000000000, -1.000000000000000000 ) ) ;
#2047 = FACE_BOUND ( 'NONE', #361, .T. ) ;
#2048 = ORIENTED_EDGE ( 'NONE', *, *, #4595, .F. ) ;
#2049 = VECTOR ( 'NONE', #1783, 1000.000000000000000 ) ;
#2050 = ORIENTED_EDGE ( 'NONE', *, *, #3901, .F. ) ;
#2051 = DIRECTION ( 'NONE',  ( -0.000000000000000000, -0.000000000000000000, -1.000000000000000000 ) ) ;
#2052 = DIRECTION ( 'NONE',  ( 3.469446951953620598E-16, -1.000000000000000000, -0.000000000000000000 ) ) ;
#2053 = ORIENTED_EDGE ( 'NONE', *, *, #3961, .F. ) ;
#2054 = AXIS2_PLACEMENT_3D ( 'NONE', #702, #1769, #9285 ) ;
#2055 = AXIS2_PLACEMENT_3D ( 'NONE', #4151, #7509, #3322 ) ;
#2056 = LINE ( 'NONE', #1954, #6463 ) ;
#2057 = ADVANCED_FACE ( 'NONE', ( #4101 ), #10783, .T. ) ;
#2058 = VECTOR ( 'NONE', #6678, 1000.000000000000000 ) ;
#2059 = VECTOR ( 'NONE', #1700, 1000.000000000000000 ) ;
#2060 = DIRECTION ( 'NONE',  ( -1.000000000000000000, 0.000000000000000000, 0.000000000000000000 ) ) ;
#2061 = CYLINDRICAL_SURFACE ( 'NONE', #4171, 1.549999999999995826 ) ;
#2062 = ORIENTED_EDGE ( 'NONE', *, *, #4005, .T. ) ;
#2063 = CARTESIAN_POINT ( 'NONE',  ( 190.2000000000001592, -32.05000000000007532, 6.349999999999999645 ) ) ;
#2064 = VECTOR ( 'NONE', #6906, 1000.000000000000000 ) ;
#2065 = ORIENTED_EDGE ( 'NONE', *, *, #3574, .T. ) ;
#2066 = CARTESIAN_POINT ( 'NONE',  ( 43.30000000000006821, 32.05000000000005400, 6.349999999999999645 ) ) ;
#2067 = DIRECTION ( 'NONE',  ( 1.000000000000000000, 0.000000000000000000, 0.000000000000000000 ) ) ;
#2068 = CARTESIAN_POINT ( 'NONE',  ( 80.20000000000008811, 20.00000000000000355, 6.349999999999999645 ) ) ;
#2069 = CIRCLE ( 'NONE', #10196, 1.549999999999982059 ) ;
#2070 = EDGE_CURVE ( 'NONE', #1041, #10672, #8241, .T. ) ;
#2071 = ADVANCED_FACE ( 'NONE', ( #9234 ), #7587, .F. ) ;
#2072 = DIRECTION ( 'NONE',  ( -0.000000000000000000, -0.000000000000000000, -1.000000000000000000 ) ) ;
#2073 = VECTOR ( 'NONE', #3617, 1000.000000000000000 ) ;
#2074 = VERTEX_POINT ( 'NONE', #8347 ) ;
#2075 = PLANE ( 'NONE',  #9465 ) ;
#2076 = ORIENTED_EDGE ( 'NONE', *, *, #4772, .F. ) ;
#2078 = VECTOR ( 'NONE', #6224, 1000.000000000000000 ) ;
#2077 = DIRECTION ( 'NONE',  ( -3.469446951953620598E-16, 1.000000000000000000, 0.000000000000000000 ) ) ;
#2079 = AXIS2_PLACEMENT_3D ( 'NONE', #10538, #6337, #9704 ) ;
#2080 = LINE ( 'NONE', #7099, #3133 ) ;
#2081 = CARTESIAN_POINT ( 'NONE',  ( 20.25999999999999801, 20.00000000000000000, 0.000000000000000000 ) ) ;
#2082 = EDGE_LOOP ( 'NONE', ( #10700, #3058, #7741, #2912 ) ) ;
#2083 = AXIS2_PLACEMENT_3D ( 'NONE', #2496, #6749, #2614 ) ;
#2084 = EDGE_CURVE ( 'NONE', #3368, #4461, #1654, .T. ) ;
#2085 = VECTOR ( 'NONE', #3045, 1000.000000000000000 ) ;
#2086 = EDGE_CURVE ( 'NONE', #6757, #7071, #8692, .T. ) ;
#2087 = CARTESIAN_POINT ( 'NONE',  ( 140.2000000000001592, -72.05000000000008242, 0.000000000000000000 ) ) ;
#2088 = ORIENTED_EDGE ( 'NONE', *, *, #1747, .F. ) ;
#2089 = VECTOR ( 'NONE', #5796, 1000.000000000000000 ) ;
#2090 = LINE ( 'NONE', #359, #1321 ) ;
#2091 = ORIENTED_EDGE ( 'NONE', *, *, #2363, .T. ) ;
#2092 = ORIENTED_EDGE ( 'NONE', *, *, #7409, .F. ) ;
#2093 = CARTESIAN_POINT ( 'NONE',  ( 170.2000000000001307, -32.05000000000007532, 6.349999999999999645 ) ) ;
#2094 = LINE ( 'NONE', #7904, #1897 ) ;
#2095 = FACE_BOUND ( 'NONE', #1598, .T. ) ;
#2096 = ORIENTED_EDGE ( 'NONE', *, *, #5928, .T. ) ;
#2097 = AXIS2_PLACEMENT_3D ( 'NONE', #7512, #4375, #7743 ) ;
#2098 = PLANE ( 'NONE',  #1099 ) ;
#2099 = EDGE_CURVE ( 'NONE', #4036, #8834, #47, .T. ) ;
#2100 = EDGE_CURVE ( 'NONE', #176, #4, #10009, .T. ) ;
#2101 = PLANE ( 'NONE',  #4360 ) ;
#2102 = DIRECTION ( 'NONE',  ( -0.000000000000000000, -0.000000000000000000, -1.000000000000000000 ) ) ;
#2103 = CARTESIAN_POINT ( 'NONE',  ( 63.30000000000013216, -72.05000000000008242, 6.349999999999999645 ) ) ;
#2104 = EDGE_LOOP ( 'NONE', ( #10220, #7963, #2654, #4221 ) ) ;
#2105 = ORIENTED_EDGE ( 'NONE', *, *, #8032, .F. ) ;
#2106 = CARTESIAN_POINT ( 'NONE',  ( 31.75000000000015987, -72.05000000000008242, 6.349999999999999645 ) ) ;
#2107 = FACE_BOUND ( 'NONE', #4549, .T. ) ;
#2108 = EDGE_LOOP ( 'NONE', ( #10595, #8828, #6573, #427 ) ) ;
#2109 = ORIENTED_EDGE ( 'NONE', *, *, #10771, .F. ) ;
#2110 = LINE ( 'NONE', #3048, #6668 ) ;
#2111 = CARTESIAN_POINT ( 'NONE',  ( 191.7499999999999716, 20.00000000000000355, 6.349999999999999645 ) ) ;
#2112 = ORIENTED_EDGE ( 'NONE', *, *, #1457, .T. ) ;
#2113 = DIRECTION ( 'NONE',  ( -0.000000000000000000, -0.000000000000000000, -1.000000000000000000 ) ) ;
#2114 = DIRECTION ( 'NONE',  ( -1.000000000000000000, 0.000000000000000000, 0.000000000000000000 ) ) ;
#2115 = DIRECTION ( 'NONE',  ( -0.000000000000000000, -0.000000000000000000, -1.000000000000000000 ) ) ;
#2116 = VERTEX_POINT ( 'NONE', #6572 ) ;
#2117 = CARTESIAN_POINT ( 'NONE',  ( 310.2000000000000455, 5.399999999999998579, 6.349999999999999645 ) ) ;
#2118 = VERTEX_POINT ( 'NONE', #2437 ) ;
#2119 = EDGE_CURVE ( 'NONE', #6339, #3805, #10956, .T. ) ;
#2120 = CARTESIAN_POINT ( 'NONE',  ( 326.5714292284635576, 19.99999999999999645, 6.349999999999999645 ) ) ;
#2121 = DIRECTION ( 'NONE',  ( -0.000000000000000000, -0.000000000000000000, -1.000000000000000000 ) ) ;
#2122 = CARTESIAN_POINT ( 'NONE',  ( 33.30000000000008242, -19.99999999999992184, 6.349999999999999645 ) ) ;
#2123 = CARTESIAN_POINT ( 'NONE',  ( 181.7500000000000000, 20.00000000000000355, 6.349999999999999645 ) ) ;
#2124 = ORIENTED_EDGE ( 'NONE', *, *, #10534, .F. ) ;
#2125 = DIRECTION ( 'NONE',  ( -0.000000000000000000, -1.000000000000000000, -0.000000000000000000 ) ) ;
#2126 = ORIENTED_EDGE ( 'NONE', *, *, #9451, .T. ) ;
#2127 = CARTESIAN_POINT ( 'NONE',  ( 90.20000000000010232, -19.99999999999992184, 6.349999999999999645 ) ) ;
#2128 = EDGE_CURVE ( 'NONE', #3407, #10395, #8870, .T. ) ;
#2129 = DIRECTION ( 'NONE',  ( -0.000000000000000000, -0.000000000000000000, -1.000000000000000000 ) ) ;
#2130 = DIRECTION ( 'NONE',  ( 1.000000000000000000, 0.000000000000000000, 0.000000000000000000 ) ) ;
#2131 = ORIENTED_EDGE ( 'NONE', *, *, #4331, .T. ) ;
#2132 = FACE_OUTER_BOUND ( 'NONE', #7830, .T. ) ;
#2133 = ORIENTED_EDGE ( 'NONE', *, *, #2790, .F. ) ;
#2134 = CARTESIAN_POINT ( 'NONE',  ( 31.75000000000000000, -82.55000000000001137, 6.349999999999999645 ) ) ;
#2135 = EDGE_LOOP ( 'NONE', ( #6936, #4156, #1479, #7408 ) ) ;
#2136 = ORIENTED_EDGE ( 'NONE', *, *, #5111, .F. ) ;
#2137 = CARTESIAN_POINT ( 'NONE',  ( 31.75000000000011724, -32.05000000000007532, 6.349999999999999645 ) ) ;
#2138 = CARTESIAN_POINT ( 'NONE',  ( 261.7500000000000568, 45.39999999999999858, 6.349999999999999645 ) ) ;
#2139 = FACE_BOUND ( 'NONE', #6999, .T. ) ;
#2140 = ORIENTED_EDGE ( 'NONE', *, *, #3113, .F. ) ;
#2141 = ADVANCED_FACE ( 'NONE', ( #3332 ), #10236, .F. ) ;
#2142 = EDGE_CURVE ( 'NONE', #7547, #2159, #10634, .T. ) ;
#2143 = LINE ( 'NONE', #3758, #6566 ) ;
#2144 = CARTESIAN_POINT ( 'NONE',  ( 143.3000000000000966, -19.99999999999992184, 6.349999999999999645 ) ) ;
#2145 = CARTESIAN_POINT ( 'NONE',  ( 303.3000000000000114, 45.40000000000000568, 6.349999999999999645 ) ) ;
#2146 = CARTESIAN_POINT ( 'NONE',  ( 31.75000000000000000, 82.54999999999999716, 0.000000000000000000 ) ) ;
#2147 = VERTEX_POINT ( 'NONE', #2664 ) ;
#2148 = ORIENTED_EDGE ( 'NONE', *, *, #10446, .F. ) ;
#2149 = DIRECTION ( 'NONE',  ( 1.000000000000000000, 0.000000000000000000, 0.000000000000000000 ) ) ;
#2150 = DIRECTION ( 'NONE',  ( 6.938893903907227392E-16, -1.000000000000000000, 0.000000000000000000 ) ) ;
#2151 = VERTEX_POINT ( 'NONE', #6030 ) ;
#2152 = DIRECTION ( 'NONE',  ( 0.000000000000000000, 0.000000000000000000, 1.000000000000000000 ) ) ;
#2153 = CYLINDRICAL_SURFACE ( 'NONE', #7117, 1.549999999999995826 ) ;
#2154 = ORIENTED_EDGE ( 'NONE', *, *, #511, .T. ) ;
#2155 = EDGE_CURVE ( 'NONE', #10820, #2712, #8732, .T. ) ;
#2156 = EDGE_CURVE ( 'NONE', #8236, #9418, #5201, .T. ) ;
#2157 = EDGE_CURVE ( 'NONE', #4044, #2657, #10402, .T. ) ;
#2158 = DIRECTION ( 'NONE',  ( -1.000000000000000000, 0.000000000000000000, 0.000000000000000000 ) ) ;
#2159 = VERTEX_POINT ( 'NONE', #3600 ) ;
#2160 = CARTESIAN_POINT ( 'NONE',  ( 223.3000000000000966, -32.05000000000007532, 6.349999999999999645 ) ) ;
#2161 = CARTESIAN_POINT ( 'NONE',  ( 243.3000000000000682, -5.400000000000041211, 6.349999999999999645 ) ) ;
#2162 = VERTEX_POINT ( 'NONE', #2716 ) ;
#2163 = LINE ( 'NONE', #5535, #6402 ) ;
#2164 = EDGE_LOOP ( 'NONE', ( #3838, #7372, #8294, #6464 ) ) ;
#2165 = AXIS2_PLACEMENT_3D ( 'NONE', #5550, #6278, #4582 ) ;
#2166 = VECTOR ( 'NONE', #480, 1000.000000000000000 ) ;
#2167 = EDGE_CURVE ( 'NONE', #6163, #8740, #3436, .T. ) ;
#2168 = CARTESIAN_POINT ( 'NONE',  ( 251.7500000000000284, 45.39999999999999858, 6.349999999999999645 ) ) ;
#2169 = DIRECTION ( 'NONE',  ( 0.000000000000000000, 1.000000000000000000, 0.000000000000000000 ) ) ;
#2170 = DIRECTION ( 'NONE',  ( 6.938893903907241197E-16, -1.000000000000000000, 0.000000000000000000 ) ) ;
#2171 = EDGE_CURVE ( 'NONE', #8522, #10048, #5979, .T. ) ;
#2172 = CIRCLE ( 'NONE', #6933, 1.549999999999988942 ) ;
#2173 = VECTOR ( 'NONE', #1394, 1000.000000000000000 ) ;
#2174 = CARTESIAN_POINT ( 'NONE',  ( 260.2000000000000455, -5.400000000000027889, 6.349999999999999645 ) ) ;
#2175 = CARTESIAN_POINT ( 'NONE',  ( 93.30000000000006821, 32.05000000000005400, 6.349999999999999645 ) ) ;
#2176 = ORIENTED_EDGE ( 'NONE', *, *, #9263, .F. ) ;
#2177 = DIRECTION ( 'NONE',  ( -0.000000000000000000, -0.000000000000000000, -1.000000000000000000 ) ) ;
#2178 = ORIENTED_EDGE ( 'NONE', *, *, #7302, .F. ) ;
#2179 = CARTESIAN_POINT ( 'NONE',  ( 31.75000000000000000, 82.54999999999999716, 6.349999999999999645 ) ) ;
#2180 = DIRECTION ( 'NONE',  ( 1.387778780781445478E-15, -1.000000000000000000, 0.000000000000000000 ) ) ;
#2181 = LINE ( 'NONE', #9652, #6401 ) ;
#2182 = ORIENTED_EDGE ( 'NONE', *, *, #9331, .F. ) ;
#2183 = CIRCLE ( 'NONE', #8363, 1.549999999999988942 ) ;
#2184 = DIRECTION ( 'NONE',  ( 0.000000000000000000, 0.000000000000000000, 1.000000000000000000 ) ) ;
#2185 = ADVANCED_FACE ( 'NONE', ( #7750 ), #6909, .T. ) ;
#2186 = ORIENTED_EDGE ( 'NONE', *, *, #1339, .T. ) ;
#2187 = DIRECTION ( 'NONE',  ( 1.000000000000000000, 6.938893903907227392E-16, -0.000000000000000000 ) ) ;
#2188 = VERTEX_POINT ( 'NONE', #986 ) ;
#2189 = ORIENTED_EDGE ( 'NONE', *, *, #2273, .T. ) ;
#2190 = DIRECTION ( 'NONE',  ( 1.000000000000000000, 3.469446951953620598E-16, -0.000000000000000000 ) ) ;
#2191 = DIRECTION ( 'NONE',  ( 1.000000000000000000, 0.000000000000000000, 0.000000000000000000 ) ) ;
#2192 = FACE_BOUND ( 'NONE', #5872, .T. ) ;
#2193 = EDGE_LOOP ( 'NONE', ( #1579, #9777, #7611, #7527 ) ) ;
#2194 = DIRECTION ( 'NONE',  ( -0.000000000000000000, -0.000000000000000000, -1.000000000000000000 ) ) ;
#2195 = CARTESIAN_POINT ( 'NONE',  ( 291.7500000000000000, 5.399999999999998579, 0.000000000000000000 ) ) ;
#2196 = EDGE_CURVE ( 'NONE', #1219, #5140, #10283, .T. ) ;
#2198 = DIRECTION ( 'NONE',  ( -0.000000000000000000, -0.000000000000000000, -1.000000000000000000 ) ) ;
#2197 = VECTOR ( 'NONE', #9980, 1000.000000000000000 ) ;
#2199 = CARTESIAN_POINT ( 'NONE',  ( 71.75000000000001421, -20.00000000000003197, 0.000000000000000000 ) ) ;
#2200 = ORIENTED_EDGE ( 'NONE', *, *, #7892, .T. ) ;
#2201 = VERTEX_POINT ( 'NONE', #1878 ) ;
#2202 = PLANE ( 'NONE',  #9326 ) ;
#2203 = LINE ( 'NONE', #8124, #8215 ) ;
#2204 = ORIENTED_EDGE ( 'NONE', *, *, #3007, .F. ) ;
#2205 = CARTESIAN_POINT ( 'NONE',  ( 150.2000000000000739, 72.05000000000005400, 0.000000000000000000 ) ) ;
#2206 = CARTESIAN_POINT ( 'NONE',  ( 71.75000000000011369, -32.05000000000007532, 6.349999999999999645 ) ) ;
#2207 = VERTEX_POINT ( 'NONE', #1774 ) ;
#2208 = DIRECTION ( 'NONE',  ( 0.000000000000000000, 0.000000000000000000, 1.000000000000000000 ) ) ;
#2209 = AXIS2_PLACEMENT_3D ( 'NONE', #7951, #4587, #6286 ) ;
#2210 = AXIS2_PLACEMENT_3D ( 'NONE', #7540, #8587, #9196 ) ;
#2211 = CARTESIAN_POINT ( 'NONE',  ( 251.7500000000000284, 45.39999999999999858, 0.000000000000000000 ) ) ;
#2212 = EDGE_CURVE ( 'NONE', #6279, #3492, #6960, .T. ) ;
#2213 = EDGE_CURVE ( 'NONE', #7858, #8524, #4989, .T. ) ;
#2214 = AXIS2_PLACEMENT_3D ( 'NONE', #6050, #1962, #9424 ) ;
#2215 = CARTESIAN_POINT ( 'NONE',  ( 70.20000000000011653, -32.05000000000007532, 0.000000000000000000 ) ) ;
#2216 = ORIENTED_EDGE ( 'NONE', *, *, #7083, .F. ) ;
#2217 = EDGE_LOOP ( 'NONE', ( #7023, #6366, #7901, #3102 ) ) ;
#2218 = DIRECTION ( 'NONE',  ( 1.387778780781445873E-15, -1.000000000000000000, 0.000000000000000000 ) ) ;
#2219 = CIRCLE ( 'NONE', #10881, 1.549999999999988942 ) ;
#2220 = CIRCLE ( 'NONE', #1498, 6.000000000000005329 ) ;
#2221 = ORIENTED_EDGE ( 'NONE', *, *, #506, .F. ) ;
#2222 = DIRECTION ( 'NONE',  ( 3.469446951953620598E-16, -1.000000000000000000, -0.000000000000000000 ) ) ;
#2223 = APPLICATION_CONTEXT ( 'automotive_design' ) ;
#2224 = DIRECTION ( 'NONE',  ( 6.938893903907241197E-16, -1.000000000000000000, 0.000000000000000000 ) ) ;
#2225 = AXIS2_PLACEMENT_3D ( 'NONE', #5827, #7371, #8261 ) ;
#2226 = AXIS2_PLACEMENT_3D ( 'NONE', #9394, #4376, #7744 ) ;
#2227 = LINE ( 'NONE', #8093, #10021 ) ;
#2228 = EDGE_CURVE ( 'NONE', #2466, #712, #9562, .T. ) ;
#2229 = AXIS2_PLACEMENT_3D ( 'NONE', #7584, #1820, #7684 ) ;
#2230 = EDGE_CURVE ( 'NONE', #4586, #4069, #5876, .T. ) ;
#2231 = CARTESIAN_POINT ( 'NONE',  ( 310.2000000000000455, -5.399999999999993250, 6.349999999999999645 ) ) ;
#2232 = ORIENTED_EDGE ( 'NONE', *, *, #1667, .T. ) ;
#2233 = VECTOR ( 'NONE', #4135, 1000.000000000000000 ) ;
#2234 = DIRECTION ( 'NONE',  ( 6.938893903907227392E-16, -1.000000000000000000, -0.000000000000000000 ) ) ;
#2235 = VERTEX_POINT ( 'NONE', #9514 ) ;
#2236 = DIRECTION ( 'NONE',  ( -1.000000000000000000, 0.000000000000000000, 0.000000000000000000 ) ) ;
#2237 = DIRECTION ( 'NONE',  ( 1.000000000000000000, 0.000000000000000000, 0.000000000000000000 ) ) ;
#2238 = AXIS2_PLACEMENT_3D ( 'NONE', #2652, #147, #1760 ) ;
#2239 = DIRECTION ( 'NONE',  ( 0.000000000000000000, 0.000000000000000000, 1.000000000000000000 ) ) ;
#2240 = DIRECTION ( 'NONE',  ( -0.000000000000000000, -0.000000000000000000, -1.000000000000000000 ) ) ;
#2241 = VERTEX_POINT ( 'NONE', #4437 ) ;
#2242 = AXIS2_PLACEMENT_3D ( 'NONE', #805, #1857, #8607 ) ;
#2243 = AXIS2_PLACEMENT_3D ( 'NONE', #8980, #673, #4774 ) ;
#2244 = CARTESIAN_POINT ( 'NONE',  ( 293.3000000000000682, -45.40000000000000568, 0.000000000000000000 ) ) ;
#2245 = AXIS2_PLACEMENT_3D ( 'NONE', #8662, #10265, #9432 ) ;
#2246 = AXIS2_PLACEMENT_3D ( 'NONE', #3861, #6436, #9753 ) ;
#2247 = ORIENTED_EDGE ( 'NONE', *, *, #2298, .T. ) ;
#2248 = CARTESIAN_POINT ( 'NONE',  ( 180.2000000000001307, -32.05000000000007532, 6.349999999999999645 ) ) ;
#2249 = ORIENTED_EDGE ( 'NONE', *, *, #631, .T. ) ;
#2250 = ORIENTED_EDGE ( 'NONE', *, *, #5228, .T. ) ;
#2251 = FACE_OUTER_BOUND ( 'NONE', #9409, .T. ) ;
#2252 = CIRCLE ( 'NONE', #7739, 1.549999999999995826 ) ;
#2253 = CYLINDRICAL_SURFACE ( 'NONE', #4384, 1.549999999999995826 ) ;
#2254 = PLANE ( 'NONE',  #7274 ) ;
#2255 = ORIENTED_EDGE ( 'NONE', *, *, #8361, .T. ) ;
#2256 = MANIFOLD_SOLID_BREP ( 'Boss-Extrude1', #2454 ) ;
#2257 = LINE ( 'NONE', #8059, #2166 ) ;
#2258 = EDGE_CURVE ( 'NONE', #5304, #7890, #8518, .T. ) ;
#2259 = CIRCLE ( 'NONE', #3148, 1.549999999999995826 ) ;
#2260 = LINE ( 'NONE', #5470, #7161 ) ;
#2261 = CIRCLE ( 'NONE', #3151, 1.549999999999995826 ) ;
#2262 = CARTESIAN_POINT ( 'NONE',  ( 83.30000000000006821, 72.05000000000005400, 6.349999999999999645 ) ) ;
#2263 = CARTESIAN_POINT ( 'NONE',  ( 101.7500000000000000, -20.00000000000003197, 6.349999999999999645 ) ) ;
#2264 = ORIENTED_EDGE ( 'NONE', *, *, #5566, .T. ) ;
#2265 = ORIENTED_EDGE ( 'NONE', *, *, #2285, .F. ) ;
#2266 = DIRECTION ( 'NONE',  ( 3.469446951953620598E-16, -1.000000000000000000, -0.000000000000000000 ) ) ;
#2267 = AXIS2_PLACEMENT_3D ( 'NONE', #5356, #6289, #416 ) ;
#2268 = DIRECTION ( 'NONE',  ( 0.000000000000000000, 0.000000000000000000, -1.000000000000000000 ) ) ;
#2269 = ORIENTED_EDGE ( 'NONE', *, *, #7143, .T. ) ;
#2270 = CARTESIAN_POINT ( 'NONE',  ( 170.2000000000001023, 32.05000000000005400, 6.349999999999999645 ) ) ;
#2271 = DIRECTION ( 'NONE',  ( 6.938893903907227392E-16, -1.000000000000000000, -0.000000000000000000 ) ) ;
#2272 = VERTEX_POINT ( 'NONE', #7066 ) ;
#2273 = EDGE_CURVE ( 'NONE', #7898, #4093, #7232, .T. ) ;
#2274 = EDGE_CURVE ( 'NONE', #3783, #3358, #554, .T. ) ;
#2275 = AXIS2_PLACEMENT_3D ( 'NONE', #1929, #10270, #9388 ) ;
#2276 = DIRECTION ( 'NONE',  ( 0.000000000000000000, 0.000000000000000000, 1.000000000000000000 ) ) ;
#2277 = CARTESIAN_POINT ( 'NONE',  ( 243.3000000000000682, -5.400000000000041211, 6.349999999999999645 ) ) ;
#2278 = ORIENTED_EDGE ( 'NONE', *, *, #6724, .F. ) ;
#2279 = VERTEX_POINT ( 'NONE', #9611 ) ;
#2280 = DIRECTION ( 'NONE',  ( -1.000000000000000000, 0.000000000000000000, 0.000000000000000000 ) ) ;
#2281 = ORIENTED_EDGE ( 'NONE', *, *, #4056, .F. ) ;
#2282 = FACE_OUTER_BOUND ( 'NONE', #10088, .T. ) ;
#2283 = DIRECTION ( 'NONE',  ( -1.000000000000000000, -6.938893903907241197E-16, 0.000000000000000000 ) ) ;
#2284 = ADVANCED_FACE ( 'NONE', ( #3714 ), #4690, .F. ) ;
#2285 = EDGE_CURVE ( 'NONE', #8125, #823, #382, .T. ) ;
#2286 = AXIS2_PLACEMENT_3D ( 'NONE', #447, #7205, #3015 ) ;
#2287 = CARTESIAN_POINT ( 'NONE',  ( 30.20000000000008811, 32.05000000000005400, 6.349999999999999645 ) ) ;
#2288 = DIRECTION ( 'NONE',  ( -0.000000000000000000, -0.000000000000000000, -1.000000000000000000 ) ) ;
#2289 = DIRECTION ( 'NONE',  ( -0.000000000000000000, -0.000000000000000000, -1.000000000000000000 ) ) ;
#2290 = ORIENTED_EDGE ( 'NONE', *, *, #3616, .F. ) ;
#2291 = CARTESIAN_POINT ( 'NONE',  ( 41.75000000000000000, -20.00000000000003197, 0.000000000000000000 ) ) ;
#2292 = ORIENTED_EDGE ( 'NONE', *, *, #2860, .F. ) ;
#2293 = LINE ( 'NONE', #1450, #10017 ) ;
#2294 = CARTESIAN_POINT ( 'NONE',  ( 101.7500000000001705, -72.05000000000008242, 0.000000000000000000 ) ) ;
#2295 = DIRECTION ( 'NONE',  ( 0.000000000000000000, 1.000000000000000000, 0.000000000000000000 ) ) ;
#2296 = DIRECTION ( 'NONE',  ( -1.734723475976806848E-16, 1.000000000000000000, 0.000000000000000000 ) ) ;
#2297 = ORIENTED_EDGE ( 'NONE', *, *, #7497, .F. ) ;
#2298 = EDGE_CURVE ( 'NONE', #5826, #5870, #2143, .T. ) ;
#2299 = ADVANCED_FACE ( 'NONE', ( #2994 ), #1418, .T. ) ;
#2300 = ORIENTED_EDGE ( 'NONE', *, *, #7841, .F. ) ;
#2301 = DIRECTION ( 'NONE',  ( -6.938893903907227392E-16, 1.000000000000000000, 0.000000000000000000 ) ) ;
#2302 = ORIENTED_EDGE ( 'NONE', *, *, #6696, .T. ) ;
#2303 = VERTEX_POINT ( 'NONE', #10495 ) ;
#2304 = DIRECTION ( 'NONE',  ( -0.000000000000000000, -1.000000000000000000, -0.000000000000000000 ) ) ;
#2305 = CARTESIAN_POINT ( 'NONE',  ( 173.2999999999999545, 20.00000000000000355, 0.000000000000000000 ) ) ;
#2306 = CYLINDRICAL_SURFACE ( 'NONE', #8162, 1.549999999999999378 ) ;
#2307 = ORIENTED_EDGE ( 'NONE', *, *, #10942, .T. ) ;
#2308 = CARTESIAN_POINT ( 'NONE',  ( 293.3000000000000114, 5.399999999999999467, 0.000000000000000000 ) ) ;
#2309 = CARTESIAN_POINT ( 'NONE',  ( 7.160000000000001918, -20.00000000000000000, 0.000000000000000000 ) ) ;
#2310 = CYLINDRICAL_SURFACE ( 'NONE', #10743, 1.549999999999988942 ) ;
#2311 = EDGE_CURVE ( 'NONE', #9709, #7977, #8007, .T. ) ;
#2312 = DIRECTION ( 'NONE',  ( -1.734723475976807094E-16, 1.000000000000000000, 0.000000000000000000 ) ) ;
#2313 = ORIENTED_EDGE ( 'NONE', *, *, #8544, .T. ) ;
#2314 = ORIENTED_EDGE ( 'NONE', *, *, #8456, .T. ) ;
#2315 = LINE ( 'NONE', #3985, #4222 ) ;
#2316 = PLANE ( 'NONE',  #10352 ) ;
#2317 = ORIENTED_EDGE ( 'NONE', *, *, #3052, .T. ) ;
#2318 = CARTESIAN_POINT ( 'NONE',  ( 183.3000000000000682, 32.05000000000005400, 6.349999999999999645 ) ) ;
#2319 = CARTESIAN_POINT ( 'NONE',  ( -2.099656937138137081E-14, 57.15000000000000568, 6.349999999999999645 ) ) ;
#2320 = ORIENTED_EDGE ( 'NONE', *, *, #6041, .T. ) ;
#2321 = CARTESIAN_POINT ( 'NONE',  ( 271.7500000000000568, -45.40000000000002700, 6.349999999999999645 ) ) ;
#2322 = EDGE_CURVE ( 'NONE', #8619, #10878, #9757, .T. ) ;
#2323 = CARTESIAN_POINT ( 'NONE',  ( 171.7500000000000853, 32.05000000000005400, 0.000000000000000000 ) ) ;
#2324 = EDGE_LOOP ( 'NONE', ( #4962, #7738, #8483, #9988 ) ) ;
#2325 = EDGE_LOOP ( 'NONE', ( #1650, #2724, #10936, #4646 ) ) ;
#2326 = CARTESIAN_POINT ( 'NONE',  ( 153.3000000000000966, -19.99999999999992184, 6.349999999999999645 ) ) ;
#2327 = VERTEX_POINT ( 'NONE', #6294 ) ;
#2328 = LINE ( 'NONE', #5699, #6634 ) ;
#2329 = DIRECTION ( 'NONE',  ( -0.000000000000000000, -0.000000000000000000, -1.000000000000000000 ) ) ;
#2330 = AXIS2_PLACEMENT_3D ( 'NONE', #99, #10335, #3493 ) ;
#2331 = CARTESIAN_POINT ( 'NONE',  ( 231.7500000000000000, 5.399999999999998579, 0.000000000000000000 ) ) ;
#2332 = ADVANCED_FACE ( 'NONE', ( #10445 ), #2098, .T. ) ;
#2333 = CIRCLE ( 'NONE', #210, 1.549999999999995826 ) ;
#2334 = CARTESIAN_POINT ( 'NONE',  ( 210.2000000000001023, 32.05000000000005400, 6.349999999999999645 ) ) ;
#2336 = VECTOR ( 'NONE', #2194, 1000.000000000000000 ) ;
#2335 = CARTESIAN_POINT ( 'NONE',  ( 103.3000000000000824, -19.99999999999992184, 6.349999999999999645 ) ) ;
#2337 = ADVANCED_FACE ( 'NONE', ( #3088 ), #2878, .F. ) ;
#2338 = ORIENTED_EDGE ( 'NONE', *, *, #887, .F. ) ;
#2339 = CARTESIAN_POINT ( 'NONE',  ( 30.20000000000012719, -32.05000000000007532, 6.349999999999999645 ) ) ;
#2340 = ORIENTED_EDGE ( 'NONE', *, *, #4236, .T. ) ;
#2341 = DIRECTION ( 'NONE',  ( -0.000000000000000000, -1.000000000000000000, -0.000000000000000000 ) ) ;
#2342 = CARTESIAN_POINT ( 'NONE',  ( 211.7500000000001421, -32.05000000000007532, 6.349999999999999645 ) ) ;
#2343 = CARTESIAN_POINT ( 'NONE',  ( 83.30000000000006821, 32.05000000000005400, 6.349999999999999645 ) ) ;
#2344 = DIRECTION ( 'NONE',  ( 6.938893903907227392E-16, -1.000000000000000000, 0.000000000000000000 ) ) ;
#2345 = ORIENTED_EDGE ( 'NONE', *, *, #5468, .T. ) ;
#2346 = CIRCLE ( 'NONE', #2165, 1.549999999999968070 ) ;
#2347 = AXIS2_PLACEMENT_3D ( 'NONE', #10471, #8030, #3624 ) ;
#2348 = DIRECTION ( 'NONE',  ( -1.000000000000000000, 0.000000000000000000, 0.000000000000000000 ) ) ;
#2349 = EDGE_CURVE ( 'NONE', #5392, #6405, #7172, .T. ) ;
#2350 = EDGE_CURVE ( 'NONE', #1779, #3242, #1637, .T. ) ;
#2351 = EDGE_CURVE ( 'NONE', #732, #5846, #10297, .T. ) ;
#2352 = EDGE_LOOP ( 'NONE', ( #10000, #8212, #3999, #4242 ) ) ;
#2353 = CARTESIAN_POINT ( 'NONE',  ( 173.3000000000000682, 32.05000000000005400, 6.349999999999999645 ) ) ;
#2354 = ORIENTED_EDGE ( 'NONE', *, *, #10795, .F. ) ;
#2355 = ORIENTED_EDGE ( 'NONE', *, *, #9029, .T. ) ;
#2356 = CARTESIAN_POINT ( 'NONE',  ( 231.7500000000000000, 45.39999999999999858, 0.000000000000000000 ) ) ;
#2357 = AXIS2_PLACEMENT_3D ( 'NONE', #2342, #3232, #6597 ) ;
#2358 = DIRECTION ( 'NONE',  ( 0.000000000000000000, 0.000000000000000000, 1.000000000000000000 ) ) ;
#2359 = DIRECTION ( 'NONE',  ( -0.000000000000000000, -0.000000000000000000, -1.000000000000000000 ) ) ;
#2360 = ORIENTED_EDGE ( 'NONE', *, *, #8881, .T. ) ;
#2361 = CARTESIAN_POINT ( 'NONE',  ( 193.3000000000000966, -32.05000000000007532, 6.349999999999999645 ) ) ;
#2362 = DIRECTION ( 'NONE',  ( -1.000000000000000000, 0.000000000000000000, 0.000000000000000000 ) ) ;
#2363 = EDGE_CURVE ( 'NONE', #5238, #799, #2257, .T. ) ;
#2364 = EDGE_CURVE ( 'NONE', #7678, #1778, #6575, .T. ) ;
#2365 = DIRECTION ( 'NONE',  ( 1.000000000000000000, 0.000000000000000000, 0.000000000000000000 ) ) ;
#2366 = ORIENTED_EDGE ( 'NONE', *, *, #5522, .F. ) ;
#2367 = ORIENTED_EDGE ( 'NONE', *, *, #6426, .F. ) ;
#2368 = DIRECTION ( 'NONE',  ( 0.000000000000000000, 0.000000000000000000, -1.000000000000000000 ) ) ;
#2369 = CARTESIAN_POINT ( 'NONE',  ( 300.2000000000000455, -5.400000000000000355, 6.349999999999999645 ) ) ;
#2370 = ORIENTED_EDGE ( 'NONE', *, *, #3851, .F. ) ;
#2371 = CARTESIAN_POINT ( 'NONE',  ( 20.26000000000000156, -20.00000000000000000, 6.349999999999999645 ) ) ;
#2372 = DIRECTION ( 'NONE',  ( 1.000000000000000000, 0.000000000000000000, 0.000000000000000000 ) ) ;
#2373 = ORIENTED_EDGE ( 'NONE', *, *, #8894, .T. ) ;
#2374 = LINE ( 'NONE', #2549, #10459 ) ;
#2375 = ORIENTED_EDGE ( 'NONE', *, *, #10849, .F. ) ;
#2376 = AXIS2_PLACEMENT_3D ( 'NONE', #6244, #2043, #6087 ) ;
#2377 = CARTESIAN_POINT ( 'NONE',  ( 160.2000000000001023, -19.99999999999992184, 6.349999999999999645 ) ) ;
#2378 = DIRECTION ( 'NONE',  ( -0.000000000000000000, -0.000000000000000000, -1.000000000000000000 ) ) ;
#2379 = VERTEX_POINT ( 'NONE', #3147 ) ;
#2380 = ORIENTED_EDGE ( 'NONE', *, *, #7047, .F. ) ;
#2381 = CARTESIAN_POINT ( 'NONE',  ( 263.3000000000000682, -45.40000000000003411, 6.349999999999999645 ) ) ;
#2382 = VERTEX_POINT ( 'NONE', #6512 ) ;
#2383 = AXIS2_PLACEMENT_3D ( 'NONE', #4252, #7612, #24 ) ;
#2384 = VECTOR ( 'NONE', #1170, 1000.000000000000000 ) ;
#2385 = CYLINDRICAL_SURFACE ( 'NONE', #5230, 1.549999999999995826 ) ;
#2386 = LINE ( 'NONE', #4113, #10824 ) ;
#2387 = EDGE_CURVE ( 'NONE', #531, #4409, #9884, .T. ) ;
#2388 = CIRCLE ( 'NONE', #9984, 1.549999999999988942 ) ;
#2389 = CARTESIAN_POINT ( 'NONE',  ( 193.3000000000000966, 32.05000000000005400, 0.000000000000000000 ) ) ;
#2390 = AXIS2_PLACEMENT_3D ( 'NONE', #1777, #5985, #4106 ) ;
#2391 = CARTESIAN_POINT ( 'NONE',  ( 231.7500000000000000, 5.399999999999998579, 6.349999999999999645 ) ) ;
#2392 = ORIENTED_EDGE ( 'NONE', *, *, #9992, .T. ) ;
#2393 = DIRECTION ( 'NONE',  ( 0.000000000000000000, 0.000000000000000000, -1.000000000000000000 ) ) ;
#2394 = ORIENTED_EDGE ( 'NONE', *, *, #8501, .T. ) ;
#2395 = DIRECTION ( 'NONE',  ( -0.000000000000000000, -0.000000000000000000, -1.000000000000000000 ) ) ;
#2396 = VERTEX_POINT ( 'NONE', #583 ) ;
#2397 = DIRECTION ( 'NONE',  ( 1.000000000000000000, 0.000000000000000000, 0.000000000000000000 ) ) ;
#2398 = DIRECTION ( 'NONE',  ( 1.000000000000000000, 0.000000000000000000, 0.000000000000000000 ) ) ;
#2399 = VECTOR ( 'NONE', #5441, 1000.000000000000000 ) ;
#2400 = DIRECTION ( 'NONE',  ( -1.000000000000000000, -1.387778780781445478E-15, 0.000000000000000000 ) ) ;
#2401 = CARTESIAN_POINT ( 'NONE',  ( 230.2000000000000739, -5.400000000000050981, 6.349999999999999645 ) ) ;
#2402 = ORIENTED_EDGE ( 'NONE', *, *, #1680, .T. ) ;
#2403 = AXIS2_PLACEMENT_3D ( 'NONE', #1984, #9558, #256 ) ;
#2404 = EDGE_CURVE ( 'NONE', #4330, #2379, #7332, .T. ) ;
#2405 = ADVANCED_FACE ( 'NONE', ( #9052 ), #1469, .T. ) ;
#2406 = AXIS2_PLACEMENT_3D ( 'NONE', #8178, #3259, #3328 ) ;
#2407 = DIRECTION ( 'NONE',  ( -1.000000000000000000, 0.000000000000000000, 0.000000000000000000 ) ) ;
#2408 = CIRCLE ( 'NONE', #9471, 1.549999999999988942 ) ;
#2409 = VECTOR ( 'NONE', #1640, 1000.000000000000000 ) ;
#2410 = EDGE_LOOP ( 'NONE', ( #9876, #7300, #3970, #3202 ) ) ;
#2411 = LINE ( 'NONE', #8324, #3979 ) ;
#2412 = ORIENTED_EDGE ( 'NONE', *, *, #9077, .F. ) ;
#2413 = VERTEX_POINT ( 'NONE', #3784 ) ;
#2414 = DIRECTION ( 'NONE',  ( 0.000000000000000000, 0.000000000000000000, 1.000000000000000000 ) ) ;
#2415 = VECTOR ( 'NONE', #5625, 1000.000000000000000 ) ;
#2416 = CARTESIAN_POINT ( 'NONE',  ( 260.1999999999999886, 5.399999999999998579, 6.349999999999999645 ) ) ;
#2417 = CARTESIAN_POINT ( 'NONE',  ( 241.7500000000000284, 45.39999999999999858, 6.349999999999999645 ) ) ;
#2418 = ORIENTED_EDGE ( 'NONE', *, *, #2908, .T. ) ;
#2419 = CARTESIAN_POINT ( 'NONE',  ( 140.2000000000001023, 32.05000000000005400, 6.349999999999999645 ) ) ;
#2420 = AXIS2_PLACEMENT_3D ( 'NONE', #126, #4455, #6045 ) ;
#2421 = EDGE_CURVE ( 'NONE', #7065, #1089, #7103, .T. ) ;
#2422 = EDGE_CURVE ( 'NONE', #9116, #690, #1274, .T. ) ;
#2423 = CARTESIAN_POINT ( 'NONE',  ( 170.2000000000001023, 20.00000000000000355, 6.349999999999999645 ) ) ;
#2424 = FACE_OUTER_BOUND ( 'NONE', #10801, .T. ) ;
#2425 = AXIS2_PLACEMENT_3D ( 'NONE', #3513, #2563, #9961 ) ;
#2426 = LINE ( 'NONE', #7578, #6285 ) ;
#2427 = ORIENTED_EDGE ( 'NONE', *, *, #8426, .T. ) ;
#2428 = ORIENTED_EDGE ( 'NONE', *, *, #3759, .F. ) ;
#2429 = CARTESIAN_POINT ( 'NONE',  ( -2.099656937138137081E-14, 57.15000000000000568, 0.000000000000000000 ) ) ;
#2430 = CARTESIAN_POINT ( 'NONE',  ( 53.29999999999999716, 20.00000000000000355, 6.349999999999999645 ) ) ;
#2431 = ORIENTED_EDGE ( 'NONE', *, *, #8656, .F. ) ;
#2432 = LINE ( 'NONE', #4049, #10188 ) ;
#2433 = DIRECTION ( 'NONE',  ( 0.000000000000000000, 0.000000000000000000, 1.000000000000000000 ) ) ;
#2434 = ORIENTED_EDGE ( 'NONE', *, *, #5075, .F. ) ;
#2435 = VECTOR ( 'NONE', #7242, 1000.000000000000000 ) ;
#2436 = VECTOR ( 'NONE', #4581, 1000.000000000000000 ) ;
#2437 = CARTESIAN_POINT ( 'NONE',  ( 260.1999999999999886, 45.39999999999999858, 0.000000000000000000 ) ) ;
#2438 = EDGE_CURVE ( 'NONE', #2147, #10343, #8164, .T. ) ;
#2439 = EDGE_CURVE ( 'NONE', #10343, #9282, #2163, .T. ) ;
#2440 = VERTEX_POINT ( 'NONE', #9739 ) ;
#2441 = CIRCLE ( 'NONE', #2802, 1.549999999999995826 ) ;
#2442 = DIRECTION ( 'NONE',  ( 0.000000000000000000, 0.000000000000000000, -1.000000000000000000 ) ) ;
#2443 = VECTOR ( 'NONE', #7025, 1000.000000000000000 ) ;
#2444 = CARTESIAN_POINT ( 'NONE',  ( 71.75000000000001421, 20.00000000000000355, 0.000000000000000000 ) ) ;
#2445 = ORIENTED_EDGE ( 'NONE', *, *, #4146, .T. ) ;
#2446 = VERTEX_POINT ( 'NONE', #7869 ) ;
#2447 = LINE ( 'NONE', #10742, #3061 ) ;
#2448 = AXIS2_PLACEMENT_3D ( 'NONE', #33, #9109, #10945 ) ;
#2449 = ORIENTED_EDGE ( 'NONE', *, *, #3247, .F. ) ;
#2450 = CARTESIAN_POINT ( 'NONE',  ( 170.2000000000000739, 72.05000000000005400, 6.349999999999999645 ) ) ;
#2451 = FACE_OUTER_BOUND ( 'NONE', #128, .T. ) ;
#2452 = CIRCLE ( 'NONE', #10925, 1.549999999999982059 ) ;
#2453 = DIRECTION ( 'NONE',  ( -0.000000000000000000, -0.000000000000000000, -1.000000000000000000 ) ) ;
#2454 = CLOSED_SHELL ( 'NONE', ( #1207, #9960, #8990, #9575, #7093, #1035, #7864, #1824, #8349, #9284, #1209, #7775, #7015, #872, #1294, #465, #1010, #8113, #2337, #4458, #1060, #2621, #8777, #4775, #5931, #1602, #6961, #5850, #6697, #772, #10094, #3276, #3233, #9967, #4912, #9698, #9860, #2720, #8273, #1907, #5809, #8776, #4837, #6832, #4116, #5456, #449, #9779, #709, #2057, #3912, #8773, #4067, #10865, #7665, #4209, #7310, #6603, #3314, #8760, #10391, #434, #1612, #8237, #5635, #4579, #10867, #3674, #8308, #758, #10536, #1471, #3296, #7468, #932, #1825, #6892, #3637, #247, #303, #2810, #3439, #10461, #10077, #1955, #4850, #2648, #10658, #3764, #6799, #5345, #7909, #7774, #3355, #5060, #5647, #7571, #7940, #1844, #9628, #1276, #67, #8825, #2961, #1128, #8629, #2284, #2332, #1116, #3165, #535, #4260, #1892, #4923, #10621, #4274, #5671, #5690, #10884, #2834, #6561, #10809, #5385, #1310, #4707, #828, #5390, #3511, #945, #4102, #9891, #10472, #3822, #4777, #3298, #5280, #7157, #3562, #485, #1666, #9159, #2500, #2470, #3721, #9057, #5313, #1542, #10796, #10125, #5820, #8713, #3317, #6083, #262, #1356, #6207, #7674, #7278, #6208, #120, #5324, #399, #2141, #10750, #3658, #9401, #522, #154, #6275, #6756, #8309, #1430, #6663, #3639, #8962, #2405, #4867, #1663, #4838, #3791, #8816, #6340, #10206, #4259, #6513, #8140, #6386, #6382, #10364, #5133, #5787, #10585, #803, #5457, #2738, #4333, #385, #9831, #1639, #2511, #9015, #6067, #1082, #2185, #5994, #10390, #2587, #55, #2071, #9332, #3204, #6946, #6741, #3992, #8153, #287, #7264, #10310, #9733, #6150, #5949, #5135, #569, #263, #10221, #9533, #4544, #8554, #9847, #10260, #6982, #10321, #9589, #1306, #5100, #4443, #336, #1194, #7966, #2299, #9466, #3097, #6274, #8332, #1260, #6148, #10886, #5772, #5503, #2917, #1734, #6883, #8761, #5405, #6238, #1192, #7646, #3175, #10684, #9993, #6315, #1027, #4991, #5404, #5391, #4921, #3627, #6995, #10943, #3422, #4444, #9563, #9792, #2551, #4057, #8457, #5059, #8573, #4788, #5538, #8130, #9511, #5659, #4133, #9190, #1853, #6816, #5997, #1413, #5917, #2699, #10209, #858, #3657, #4802, #10659, #10720, #8240, #6713, #6053, #5523, #9600, #3841, #9929, #3948, #5279, #6263, #1178, #7996, #6549, #961, #104, #5866, #10261 ) ) ;
#2455 = DIRECTION ( 'NONE',  ( -0.000000000000000000, -0.000000000000000000, -1.000000000000000000 ) ) ;
#2456 = ORIENTED_EDGE ( 'NONE', *, *, #8515, .T. ) ;
#2457 = DIRECTION ( 'NONE',  ( 0.000000000000000000, 0.000000000000000000, 1.000000000000000000 ) ) ;
#2458 = ORIENTED_EDGE ( 'NONE', *, *, #5808, .T. ) ;
#2459 = EDGE_CURVE ( 'NONE', #5687, #176, #5381, .T. ) ;
#2460 = CARTESIAN_POINT ( 'NONE',  ( 141.7500000000000000, -20.00000000000003197, 6.349999999999999645 ) ) ;
#2461 = EDGE_LOOP ( 'NONE', ( #5519, #8510, #7757, #2105 ) ) ;
#2462 = CARTESIAN_POINT ( 'NONE',  ( 31.75000000000008527, 32.05000000000005400, 0.000000000000000000 ) ) ;
#2463 = DIRECTION ( 'NONE',  ( -0.000000000000000000, -0.000000000000000000, -1.000000000000000000 ) ) ;
#2464 = DIRECTION ( 'NONE',  ( 6.938893903907228378E-16, -1.000000000000000000, 0.000000000000000000 ) ) ;
#2465 = DIRECTION ( 'NONE',  ( -0.000000000000000000, -0.000000000000000000, -1.000000000000000000 ) ) ;
#2466 = VERTEX_POINT ( 'NONE', #3839 ) ;
#2467 = CARTESIAN_POINT ( 'NONE',  ( 17.16000000000000014, -20.00000000000000000, 0.000000000000000000 ) ) ;
#2468 = FACE_OUTER_BOUND ( 'NONE', #9599, .T. ) ;
#2469 = ORIENTED_EDGE ( 'NONE', *, *, #5879, .T. ) ;
#2470 = ADVANCED_FACE ( 'NONE', ( #5329 ), #8750, .F. ) ;
#2471 = EDGE_CURVE ( 'NONE', #5734, #4233, #10420, .T. ) ;
#2472 = CYLINDRICAL_SURFACE ( 'NONE', #10511, 1.549999999999995826 ) ;
#2473 = VERTEX_POINT ( 'NONE', #1172 ) ;
#2474 = EDGE_LOOP ( 'NONE', ( #6625, #5830, #7122, #149 ) ) ;
#2475 = DIRECTION ( 'NONE',  ( -6.938893903907227392E-16, 1.000000000000000000, 0.000000000000000000 ) ) ;
#2476 = LINE ( 'NONE', #4362, #9483 ) ;
#2477 = FACE_OUTER_BOUND ( 'NONE', #3110, .T. ) ;
#2478 = ORIENTED_EDGE ( 'NONE', *, *, #8031, .F. ) ;
#2479 = DIRECTION ( 'NONE',  ( -0.000000000000000000, -0.000000000000000000, -1.000000000000000000 ) ) ;
#2480 = CARTESIAN_POINT ( 'NONE',  ( 263.3000000000000114, -5.400000000000027001, 6.349999999999999645 ) ) ;
#2481 = FACE_OUTER_BOUND ( 'NONE', #3554, .T. ) ;
#2482 = ORIENTED_EDGE ( 'NONE', *, *, #9302, .F. ) ;
#2483 = CARTESIAN_POINT ( 'NONE',  ( 90.20000000000008811, 32.05000000000005400, 6.349999999999999645 ) ) ;
#2484 = EDGE_LOOP ( 'NONE', ( #2643, #2558, #10141, #2814 ) ) ;
#2485 = ORIENTED_EDGE ( 'NONE', *, *, #6474, .F. ) ;
#2486 = CARTESIAN_POINT ( 'NONE',  ( 140.2000000000001307, -32.05000000000007532, 0.000000000000000000 ) ) ;
#2487 = EDGE_CURVE ( 'NONE', #7602, #1487, #6212, .T. ) ;
#2488 = EDGE_CURVE ( 'NONE', #3358, #5144, #6423, .T. ) ;
#2489 = DIRECTION ( 'NONE',  ( -0.000000000000000000, -0.000000000000000000, -1.000000000000000000 ) ) ;
#2490 = ORIENTED_EDGE ( 'NONE', *, *, #510, .T. ) ;
#2491 = LINE ( 'NONE', #9839, #990 ) ;
#2492 = CARTESIAN_POINT ( 'NONE',  ( 329.6714292284635235, -20.00000000000000355, 0.000000000000000000 ) ) ;
#2493 = ORIENTED_EDGE ( 'NONE', *, *, #8656, .T. ) ;
#2494 = LINE ( 'NONE', #5741, #7452 ) ;
#2495 = EDGE_LOOP ( 'NONE', ( #639, #6026, #1706, #1247 ) ) ;
#2496 = CARTESIAN_POINT ( 'NONE',  ( 18.70999999999999730, 20.00000000000000000, 0.000000000000000000 ) ) ;
#2497 = DIRECTION ( 'NONE',  ( 0.000000000000000000, 0.000000000000000000, 1.000000000000000000 ) ) ;
#2498 = ORIENTED_EDGE ( 'NONE', *, *, #8021, .F. ) ;
#2499 = ORIENTED_EDGE ( 'NONE', *, *, #9452, .T. ) ;
#2500 = ADVANCED_FACE ( 'NONE', ( #1329 ), #9791, .T. ) ;
#2501 = CARTESIAN_POINT ( 'NONE',  ( 271.7500000000000568, -5.400000000000020783, 6.349999999999999645 ) ) ;
#2502 = EDGE_CURVE ( 'NONE', #5265, #10045, #10517, .T. ) ;
#2503 = EDGE_CURVE ( 'NONE', #6339, #3031, #8696, .T. ) ;
#2504 = ORIENTED_EDGE ( 'NONE', *, *, #2459, .F. ) ;
#2505 = DIRECTION ( 'NONE',  ( -0.000000000000000000, -0.000000000000000000, -1.000000000000000000 ) ) ;
#2506 = DIRECTION ( 'NONE',  ( -0.000000000000000000, -1.000000000000000000, -0.000000000000000000 ) ) ;
#2507 = LINE ( 'NONE', #2389, #7733 ) ;
#2508 = CARTESIAN_POINT ( 'NONE',  ( 230.2000000000001023, -45.40000000000004832, 6.349999999999999645 ) ) ;
#2509 = EDGE_LOOP ( 'NONE', ( #6703, #7345, #5486, #5355 ) ) ;
#2510 = CARTESIAN_POINT ( 'NONE',  ( 193.3000000000001251, -72.05000000000008242, 6.349999999999999645 ) ) ;
#2511 = ADVANCED_FACE ( 'NONE', ( #10580 ), #3011, .T. ) ;
#2512 = EDGE_LOOP ( 'NONE', ( #9351, #358, #7390, #156 ) ) ;
#2513 = VERTEX_POINT ( 'NONE', #1228 ) ;
#2514 = CARTESIAN_POINT ( 'NONE',  ( 110.2000000000000881, 20.00000000000000355, 0.000000000000000000 ) ) ;
#2515 = VECTOR ( 'NONE', #3262, 1000.000000000000000 ) ;
#2516 = ORIENTED_EDGE ( 'NONE', *, *, #4131, .F. ) ;
#2517 = CARTESIAN_POINT ( 'NONE',  ( 243.3000000000000682, -5.400000000000041211, 6.349999999999999645 ) ) ;
#2518 = LINE ( 'NONE', #6051, #2006 ) ;
#2519 = ORIENTED_EDGE ( 'NONE', *, *, #7069, .T. ) ;
#2520 = CIRCLE ( 'NONE', #9223, 1.549999999999995826 ) ;
#2521 = AXIS2_PLACEMENT_3D ( 'NONE', #3733, #6259, #4564 ) ;
#2522 = DIRECTION ( 'NONE',  ( -0.000000000000000000, -0.000000000000000000, -1.000000000000000000 ) ) ;
#2523 = CARTESIAN_POINT ( 'NONE',  ( 111.7500000000000853, 32.05000000000005400, 6.349999999999999645 ) ) ;
#2524 = ORIENTED_EDGE ( 'NONE', *, *, #1943, .T. ) ;
#2525 = DIRECTION ( 'NONE',  ( -0.000000000000000000, -0.000000000000000000, -1.000000000000000000 ) ) ;
#2526 = EDGE_LOOP ( 'NONE', ( #4364, #245, #8659, #5032 ) ) ;
#2527 = DIRECTION ( 'NONE',  ( -0.000000000000000000, -0.000000000000000000, -1.000000000000000000 ) ) ;
#2528 = CARTESIAN_POINT ( 'NONE',  ( 280.1999999999999886, 45.39999999999999858, 0.000000000000000000 ) ) ;
#2529 = FACE_OUTER_BOUND ( 'NONE', #8338, .T. ) ;
#2530 = VECTOR ( 'NONE', #2026, 1000.000000000000000 ) ;
#2531 = ORIENTED_EDGE ( 'NONE', *, *, #7361, .T. ) ;
#2532 = AXIS2_PLACEMENT_3D ( 'NONE', #1784, #895, #9470 ) ;
#2533 = DIRECTION ( 'NONE',  ( 1.000000000000000000, 0.000000000000000000, 0.000000000000000000 ) ) ;
#2534 = EDGE_CURVE ( 'NONE', #3852, #8428, #7995, .T. ) ;
#2535 = LINE ( 'NONE', #2480, #4193 ) ;
#2536 = VECTOR ( 'NONE', #2857, 1000.000000000000000 ) ;
#2537 = AXIS2_PLACEMENT_3D ( 'NONE', #4892, #8266, #10858 ) ;
#2538 = DIRECTION ( 'NONE',  ( -0.000000000000000000, -1.000000000000000000, -0.000000000000000000 ) ) ;
#2539 = ORIENTED_EDGE ( 'NONE', *, *, #10826, .T. ) ;
#2540 = DIRECTION ( 'NONE',  ( 0.000000000000000000, 0.000000000000000000, 1.000000000000000000 ) ) ;
#2541 = ORIENTED_EDGE ( 'NONE', *, *, #10673, .T. ) ;
#2542 = ORIENTED_EDGE ( 'NONE', *, *, #5261, .F. ) ;
#2543 = CARTESIAN_POINT ( 'NONE',  ( 41.75000000000000000, 20.00000000000000355, 6.349999999999999645 ) ) ;
#2544 = CARTESIAN_POINT ( 'NONE',  ( 181.7500000000001137, 32.05000000000005400, 6.349999999999999645 ) ) ;
#2545 = EDGE_LOOP ( 'NONE', ( #1874, #910, #8718, #3871 ) ) ;
#2546 = CARTESIAN_POINT ( 'NONE',  ( 280.1999999999999886, 5.399999999999998579, 6.349999999999999645 ) ) ;
#2547 = FACE_OUTER_BOUND ( 'NONE', #10059, .T. ) ;
#2548 = ORIENTED_EDGE ( 'NONE', *, *, #1956, .F. ) ;
#2549 = CARTESIAN_POINT ( 'NONE',  ( 223.3000000000000966, -19.99999999999992184, 6.349999999999999645 ) ) ;
#2550 = ORIENTED_EDGE ( 'NONE', *, *, #1972, .F. ) ;
#2551 = ADVANCED_FACE ( 'NONE', ( #9693 ), #6370, .T. ) ;
#2552 = EDGE_CURVE ( 'NONE', #4308, #4877, #8862, .T. ) ;
#2553 = DIRECTION ( 'NONE',  ( -0.000000000000000000, -0.000000000000000000, -1.000000000000000000 ) ) ;
#2554 = CARTESIAN_POINT ( 'NONE',  ( 223.3000000000000966, -19.99999999999992184, 6.349999999999999645 ) ) ;
#2555 = VERTEX_POINT ( 'NONE', #6638 ) ;
#2556 = ORIENTED_EDGE ( 'NONE', *, *, #3638, .F. ) ;
#2557 = CARTESIAN_POINT ( 'NONE',  ( 113.3000000000000824, -19.99999999999992184, 6.349999999999999645 ) ) ;
#2558 = ORIENTED_EDGE ( 'NONE', *, *, #6248, .T. ) ;
#2559 = CYLINDRICAL_SURFACE ( 'NONE', #8041, 1.549999999999982059 ) ;
#2560 = DIRECTION ( 'NONE',  ( 1.040834085586084059E-15, -1.000000000000000000, 0.000000000000000000 ) ) ;
#2561 = EDGE_CURVE ( 'NONE', #2241, #4662, #1390, .T. ) ;
#2562 = EDGE_CURVE ( 'NONE', #9546, #10920, #2447, .T. ) ;
#2563 = DIRECTION ( 'NONE',  ( -0.000000000000000000, -0.000000000000000000, -1.000000000000000000 ) ) ;
#2564 = DIRECTION ( 'NONE',  ( -1.000000000000000000, 0.000000000000000000, 0.000000000000000000 ) ) ;
#2565 = ORIENTED_EDGE ( 'NONE', *, *, #10537, .T. ) ;
#2566 = CARTESIAN_POINT ( 'NONE',  ( 231.7500000000000568, -5.400000000000049205, 6.349999999999999645 ) ) ;
#2567 = CIRCLE ( 'NONE', #6805, 1.549999999999995826 ) ;
#2568 = EDGE_LOOP ( 'NONE', ( #6092, #1411, #9755, #3799 ) ) ;
#2569 = CIRCLE ( 'NONE', #7147, 1.549999999999995826 ) ;
#2570 = ORIENTED_EDGE ( 'NONE', *, *, #4567, .T. ) ;
#2571 = LINE ( 'NONE', #1675, #10557 ) ;
#2572 = EDGE_LOOP ( 'NONE', ( #10741, #954, #5869, #7808 ) ) ;
#2573 = CYLINDRICAL_SURFACE ( 'NONE', #1726, 1.549999999999995826 ) ;
#2574 = CARTESIAN_POINT ( 'NONE',  ( 213.3000000000000966, -32.05000000000007532, -0.000000000000000000 ) ) ;
#2575 = VERTEX_POINT ( 'NONE', #8303 ) ;
#2576 = VECTOR ( 'NONE', #7481, 1000.000000000000000 ) ;
#2577 = EDGE_CURVE ( 'NONE', #9044, #884, #3594, .T. ) ;
#2578 = EDGE_CURVE ( 'NONE', #3943, #6938, #9020, .T. ) ;
#2579 = AXIS2_PLACEMENT_3D ( 'NONE', #1669, #10917, #10197 ) ;
#2580 = LINE ( 'NONE', #5009, #3661 ) ;
#2581 = ORIENTED_EDGE ( 'NONE', *, *, #9236, .F. ) ;
#2582 = VECTOR ( 'NONE', #3062, 1000.000000000000000 ) ;
#2583 = FACE_OUTER_BOUND ( 'NONE', #7444, .T. ) ;
#2584 = ORIENTED_EDGE ( 'NONE', *, *, #1749, .F. ) ;
#2585 = DIRECTION ( 'NONE',  ( 1.387778780781445478E-15, -1.000000000000000000, -0.000000000000000000 ) ) ;
#2586 = VECTOR ( 'NONE', #5857, 1000.000000000000000 ) ;
#2587 = ADVANCED_FACE ( 'NONE', ( #4769 ), #1607, .F. ) ;
#2588 = AXIS2_PLACEMENT_3D ( 'NONE', #8570, #3716, #7802 ) ;
#2589 = FACE_OUTER_BOUND ( 'NONE', #1591, .T. ) ;
#2590 = CARTESIAN_POINT ( 'NONE',  ( 161.7499999999999716, -20.00000000000003197, 6.349999999999999645 ) ) ;
#2591 = EDGE_LOOP ( 'NONE', ( #6965, #3309, #10928, #10053 ) ) ;
#2592 = DIRECTION ( 'NONE',  ( -0.000000000000000000, 0.000000000000000000, -1.000000000000000000 ) ) ;
#2593 = CIRCLE ( 'NONE', #8764, 1.549999999999982059 ) ;
#2594 = CIRCLE ( 'NONE', #10535, 1.549999999999999378 ) ;
#2595 = FACE_OUTER_BOUND ( 'NONE', #9299, .T. ) ;
#2596 = DIRECTION ( 'NONE',  ( 1.000000000000000000, 0.000000000000000000, 0.000000000000000000 ) ) ;
#2597 = VECTOR ( 'NONE', #9729, 1000.000000000000000 ) ;
#2598 = ORIENTED_EDGE ( 'NONE', *, *, #5042, .T. ) ;
#2599 = DIRECTION ( 'NONE',  ( -0.000000000000000000, -0.000000000000000000, -1.000000000000000000 ) ) ;
#2600 = EDGE_LOOP ( 'NONE', ( #9030, #1877, #9981, #9095 ) ) ;
#2601 = VERTEX_POINT ( 'NONE', #6581 ) ;
#2602 = LINE ( 'NONE', #10112, #5617 ) ;
#2603 = EDGE_CURVE ( 'NONE', #1429, #3093, #3111, .T. ) ;
#2604 = LINE ( 'NONE', #10062, #450 ) ;
#2605 = VECTOR ( 'NONE', #3359, 1000.000000000000000 ) ;
#2606 = ORIENTED_EDGE ( 'NONE', *, *, #8727, .F. ) ;
#2607 = CARTESIAN_POINT ( 'NONE',  ( 293.3000000000000114, 45.40000000000000568, 0.000000000000000000 ) ) ;
#2608 = LINE ( 'NONE', #2662, #7102 ) ;
#2609 = EDGE_LOOP ( 'NONE', ( #70, #1606, #9966, #4244 ) ) ;
#2610 = CARTESIAN_POINT ( 'NONE',  ( 303.3000000000000114, 5.399999999999999467, 0.000000000000000000 ) ) ;
#2611 = AXIS2_PLACEMENT_3D ( 'NONE', #4470, #2129, #7832 ) ;
#2612 = VERTEX_POINT ( 'NONE', #2381 ) ;
#2613 = AXIS2_PLACEMENT_3D ( 'NONE', #8423, #844, #2849 ) ;
#2614 = DIRECTION ( 'NONE',  ( 1.000000000000000000, 0.000000000000000000, 0.000000000000000000 ) ) ;
#2615 = LINE ( 'NONE', #10014, #8581 ) ;
#2616 = ORIENTED_EDGE ( 'NONE', *, *, #3451, .T. ) ;
#2617 = ORIENTED_EDGE ( 'NONE', *, *, #8378, .F. ) ;
#2618 = AXIS2_PLACEMENT_3D ( 'NONE', #9269, #1690, #5072 ) ;
#2619 = DIRECTION ( 'NONE',  ( -0.000000000000000000, -0.000000000000000000, -1.000000000000000000 ) ) ;
#2620 = CIRCLE ( 'NONE', #7554, 1.549999999999995826 ) ;
#2621 = ADVANCED_FACE ( 'NONE', ( #6704 ), #4984, .T. ) ;
#2622 = ORIENTED_EDGE ( 'NONE', *, *, #190, .T. ) ;
#2623 = DIRECTION ( 'NONE',  ( 0.000000000000000000, 0.000000000000000000, 1.000000000000000000 ) ) ;
#2624 = VECTOR ( 'NONE', #1009, 1000.000000000000000 ) ;
#2625 = CARTESIAN_POINT ( 'NONE',  ( 213.2999999999999829, 20.00000000000000355, 6.349999999999999645 ) ) ;
#2626 = CARTESIAN_POINT ( 'NONE',  ( 241.7500000000000284, 45.39999999999999858, 6.349999999999999645 ) ) ;
#2627 = EDGE_CURVE ( 'NONE', #10887, #7851, #4818, .T. ) ;
#2628 = AXIS2_PLACEMENT_3D ( 'NONE', #5574, #9113, #4920 ) ;
#2629 = DIRECTION ( 'NONE',  ( 1.000000000000000000, 0.000000000000000000, 0.000000000000000000 ) ) ;
#2630 = DIRECTION ( 'NONE',  ( -0.000000000000000000, -0.000000000000000000, -1.000000000000000000 ) ) ;
#2631 = ORIENTED_EDGE ( 'NONE', *, *, #7047, .T. ) ;
#2632 = DIRECTION ( 'NONE',  ( -0.000000000000000000, -0.000000000000000000, -1.000000000000000000 ) ) ;
#2633 = VERTEX_POINT ( 'NONE', #7467 ) ;
#2634 = ORIENTED_EDGE ( 'NONE', *, *, #7556, .T. ) ;
#2635 = EDGE_CURVE ( 'NONE', #430, #5398, #4061, .T. ) ;
#2636 = VECTOR ( 'NONE', #4795, 1000.000000000000000 ) ;
#2637 = EDGE_CURVE ( 'NONE', #10878, #9353, #5750, .T. ) ;
#2638 = CARTESIAN_POINT ( 'NONE',  ( 93.30000000000011084, -32.05000000000007532, 6.349999999999999645 ) ) ;
#2639 = DIRECTION ( 'NONE',  ( -0.000000000000000000, -0.000000000000000000, -1.000000000000000000 ) ) ;
#2640 = ORIENTED_EDGE ( 'NONE', *, *, #7453, .F. ) ;
#2641 = VECTOR ( 'NONE', #3643, 1000.000000000000000 ) ;
#2642 = CARTESIAN_POINT ( 'NONE',  ( 71.75000000000008527, 32.05000000000005400, 0.000000000000000000 ) ) ;
#2643 = ORIENTED_EDGE ( 'NONE', *, *, #5261, .T. ) ;
#2644 = CARTESIAN_POINT ( 'NONE',  ( 113.3000000000000682, 72.05000000000005400, 6.349999999999999645 ) ) ;
#2645 = ORIENTED_EDGE ( 'NONE', *, *, #1720, .T. ) ;
#2646 = DIRECTION ( 'NONE',  ( -0.000000000000000000, -0.000000000000000000, -1.000000000000000000 ) ) ;
#2647 = EDGE_CURVE ( 'NONE', #10086, #10085, #4482, .T. ) ;
#2648 = ADVANCED_FACE ( 'NONE', ( #4109 ), #9073, .F. ) ;
#2649 = DIRECTION ( 'NONE',  ( 0.000000000000000000, 0.000000000000000000, 1.000000000000000000 ) ) ;
#2650 = DIRECTION ( 'NONE',  ( -1.000000000000000000, 0.000000000000000000, 0.000000000000000000 ) ) ;
#2651 = ORIENTED_EDGE ( 'NONE', *, *, #8712, .F. ) ;
#2652 = CARTESIAN_POINT ( 'NONE',  ( 281.7500000000000000, 5.399999999999998579, 6.349999999999999645 ) ) ;
#2653 = DIRECTION ( 'NONE',  ( -0.000000000000000000, -0.000000000000000000, -1.000000000000000000 ) ) ;
#2654 = ORIENTED_EDGE ( 'NONE', *, *, #6474, .T. ) ;
#2655 = DIRECTION ( 'NONE',  ( -3.469446951953620598E-16, 1.000000000000000000, 0.000000000000000000 ) ) ;
#2656 = EDGE_LOOP ( 'NONE', ( #29, #5024, #6770, #5022 ) ) ;
#2657 = VERTEX_POINT ( 'NONE', #5645 ) ;
#2658 = LINE ( 'NONE', #1817, #6327 ) ;
#2659 = CARTESIAN_POINT ( 'NONE',  ( 211.7500000000001705, -72.05000000000008242, 6.349999999999999645 ) ) ;
#2660 = VERTEX_POINT ( 'NONE', #3341 ) ;
#2661 = CARTESIAN_POINT ( 'NONE',  ( 203.3000000000000682, 72.05000000000005400, 6.349999999999999645 ) ) ;
#2662 = CARTESIAN_POINT ( 'NONE',  ( 63.30000000000007532, -19.99999999999992184, 0.000000000000000000 ) ) ;
#2663 = ORIENTED_EDGE ( 'NONE', *, *, #7296, .F. ) ;
#2664 = CARTESIAN_POINT ( 'NONE',  ( 33.30000000000006821, 72.05000000000005400, 6.349999999999999645 ) ) ;
#2665 = EDGE_CURVE ( 'NONE', #8472, #4812, #3227, .T. ) ;
#2666 = LINE ( 'NONE', #9403, #2816 ) ;
#2667 = DIRECTION ( 'NONE',  ( 1.387778780781445676E-15, -1.000000000000000000, 0.000000000000000000 ) ) ;
#2668 = VERTEX_POINT ( 'NONE', #8250 ) ;
#2669 = ORIENTED_EDGE ( 'NONE', *, *, #2968, .F. ) ;
#2670 = DIRECTION ( 'NONE',  ( 1.000000000000000000, 1.734723475976806848E-16, -0.000000000000000000 ) ) ;
#2671 = CARTESIAN_POINT ( 'NONE',  ( 240.2000000000000739, -5.400000000000042100, 6.349999999999999645 ) ) ;
#2672 = ORIENTED_EDGE ( 'NONE', *, *, #2322, .T. ) ;
#2673 = CARTESIAN_POINT ( 'NONE',  ( 50.20000000000009521, 32.05000000000005400, 6.349999999999999645 ) ) ;
#2674 = CIRCLE ( 'NONE', #1921, 1.549999999999995826 ) ;
#2675 = CARTESIAN_POINT ( 'NONE',  ( 253.3000000000000114, 5.399999999999999467, 6.349999999999999645 ) ) ;
#2676 = CARTESIAN_POINT ( 'NONE',  ( 43.30000000000015348, -72.05000000000008242, 6.349999999999999645 ) ) ;
#2677 = EDGE_CURVE ( 'NONE', #10085, #7224, #665, .T. ) ;
#2678 = DIRECTION ( 'NONE',  ( -3.469446951953620598E-16, 1.000000000000000000, 0.000000000000000000 ) ) ;
#2679 = FACE_OUTER_BOUND ( 'NONE', #8886, .T. ) ;
#2680 = ORIENTED_EDGE ( 'NONE', *, *, #1521, .T. ) ;
#2681 = CYLINDRICAL_SURFACE ( 'NONE', #466, 1.549999999999995826 ) ;
#2682 = EDGE_LOOP ( 'NONE', ( #2556, #7882, #7934, #3467 ) ) ;
#2683 = ORIENTED_EDGE ( 'NONE', *, *, #386, .T. ) ;
#2684 = DIRECTION ( 'NONE',  ( 1.000000000000000000, 0.000000000000000000, 0.000000000000000000 ) ) ;
#2685 = LINE ( 'NONE', #3406, #2896 ) ;
#2686 = DIRECTION ( 'NONE',  ( 1.000000000000000000, 0.000000000000000000, 0.000000000000000000 ) ) ;
#2687 = EDGE_CURVE ( 'NONE', #6785, #1449, #5818, .T. ) ;
#2688 = DIRECTION ( 'NONE',  ( 0.000000000000000000, 0.000000000000000000, 1.000000000000000000 ) ) ;
#2689 = VERTEX_POINT ( 'NONE', #5592 ) ;
#2690 = DIRECTION ( 'NONE',  ( -0.000000000000000000, -1.000000000000000000, -0.000000000000000000 ) ) ;
#2691 = ORIENTED_EDGE ( 'NONE', *, *, #6486, .T. ) ;
#2692 = LINE ( 'NONE', #5296, #10543 ) ;
#2693 = CARTESIAN_POINT ( 'NONE',  ( 183.3000000000000966, -32.05000000000007532, 6.349999999999999645 ) ) ;
#2694 = CARTESIAN_POINT ( 'NONE',  ( 220.2000000000001307, -32.05000000000007532, 6.349999999999999645 ) ) ;
#2695 = ORIENTED_EDGE ( 'NONE', *, *, #5727, .F. ) ;
#2696 = EDGE_CURVE ( 'NONE', #7394, #7898, #8135, .T. ) ;
#2697 = AXIS2_PLACEMENT_3D ( 'NONE', #7924, #543, #8852 ) ;
#2698 = AXIS2_PLACEMENT_3D ( 'NONE', #10836, #8295, #8468 ) ;
#2699 = ADVANCED_FACE ( 'NONE', ( #8415 ), #3608, .F. ) ;
#2700 = EDGE_CURVE ( 'NONE', #2660, #3171, #941, .T. ) ;
#2701 = EDGE_CURVE ( 'NONE', #3984, #7989, #10242, .T. ) ;
#2702 = LINE ( 'NONE', #8614, #280 ) ;
#2703 = DIRECTION ( 'NONE',  ( -1.000000000000000000, 0.000000000000000000, 0.000000000000000000 ) ) ;
#2704 = ORIENTED_EDGE ( 'NONE', *, *, #8298, .F. ) ;
#2705 = CIRCLE ( 'NONE', #10108, 1.549999999999995826 ) ;
#2706 = LINE ( 'NONE', #6073, #4514 ) ;
#2707 = ORIENTED_EDGE ( 'NONE', *, *, #6290, .F. ) ;
#2708 = EDGE_LOOP ( 'NONE', ( #3541, #4287, #9553, #4140 ) ) ;
#2709 = DIRECTION ( 'NONE',  ( -0.000000000000000000, -0.000000000000000000, -1.000000000000000000 ) ) ;
#2710 = AXIS2_PLACEMENT_3D ( 'NONE', #836, #2670, #3390 ) ;
#2711 = FACE_OUTER_BOUND ( 'NONE', #1359, .T. ) ;
#2712 = VERTEX_POINT ( 'NONE', #10129 ) ;
#2713 = LINE ( 'NONE', #5975, #1341 ) ;
#2714 = DIRECTION ( 'NONE',  ( -3.469446951953620598E-16, 1.000000000000000000, 0.000000000000000000 ) ) ;
#2715 = ORIENTED_EDGE ( 'NONE', *, *, #2696, .T. ) ;
#2716 = CARTESIAN_POINT ( 'NONE',  ( 83.30000000000006821, 32.05000000000005400, 6.349999999999999645 ) ) ;
#2717 = AXIS2_PLACEMENT_3D ( 'NONE', #8498, #6843, #2650 ) ;
#2718 = CIRCLE ( 'NONE', #9246, 1.549999999999968070 ) ;
#2719 = EDGE_CURVE ( 'NONE', #4577, #8432, #7642, .T. ) ;
#2720 = ADVANCED_FACE ( 'NONE', ( #2725 ), #5871, .T. ) ;
#2721 = LINE ( 'NONE', #1883, #8440 ) ;
#2722 = DIRECTION ( 'NONE',  ( 1.000000000000000000, 0.000000000000000000, 0.000000000000000000 ) ) ;
#2723 = ORIENTED_EDGE ( 'NONE', *, *, #7212, .T. ) ;
#2724 = ORIENTED_EDGE ( 'NONE', *, *, #7016, .F. ) ;
#2725 = FACE_OUTER_BOUND ( 'NONE', #3518, .T. ) ;
#2726 = FACE_BOUND ( 'NONE', #1819, .T. ) ;
#2727 = ORIENTED_EDGE ( 'NONE', *, *, #8700, .F. ) ;
#2728 = CARTESIAN_POINT ( 'NONE',  ( 120.7857146142317504, 30.31245605000008680, 0.000000000000000000 ) ) ;
#2729 = AXIS2_PLACEMENT_3D ( 'NONE', #2294, #6657, #5832 ) ;
#2730 = EDGE_CURVE ( 'NONE', #2763, #10361, #9407, .T. ) ;
#2731 = CARTESIAN_POINT ( 'NONE',  ( 100.2000000000001023, -19.99999999999992184, 0.000000000000000000 ) ) ;
#2732 = PLANE ( 'NONE',  #5893 ) ;
#2733 = FACE_OUTER_BOUND ( 'NONE', #3050, .T. ) ;
#2734 = CARTESIAN_POINT ( 'NONE',  ( 60.20000000000013074, -32.05000000000007532, 6.349999999999999645 ) ) ;
#2735 = ORIENTED_EDGE ( 'NONE', *, *, #2934, .T. ) ;
#2736 = DIRECTION ( 'NONE',  ( -1.000000000000000000, 0.000000000000000000, 0.000000000000000000 ) ) ;
#2737 = VERTEX_POINT ( 'NONE', #216 ) ;
#2738 = ADVANCED_FACE ( 'NONE', ( #1832 ), #9359, .F. ) ;
#2739 = LINE ( 'NONE', #2066, #7911 ) ;
#2740 = CARTESIAN_POINT ( 'NONE',  ( 328.1214292284635690, 19.99999999999999645, 6.349999999999999645 ) ) ;
#2741 = DIRECTION ( 'NONE',  ( -1.387778780781445478E-15, 1.000000000000000000, -0.000000000000000000 ) ) ;
#2742 = CIRCLE ( 'NONE', #7502, 1.549999999999968070 ) ;
#2743 = DIRECTION ( 'NONE',  ( 0.000000000000000000, 0.000000000000000000, 1.000000000000000000 ) ) ;
#2744 = ORIENTED_EDGE ( 'NONE', *, *, #9191, .F. ) ;
#2745 = FACE_OUTER_BOUND ( 'NONE', #8481, .T. ) ;
#2746 = EDGE_LOOP ( 'NONE', ( #5967, #4508, #8635, #7059 ) ) ;
#2747 = CARTESIAN_POINT ( 'NONE',  ( 191.7499999999999716, 20.00000000000000355, 0.000000000000000000 ) ) ;
#2748 = EDGE_CURVE ( 'NONE', #7339, #1631, #8574, .T. ) ;
#2749 = EDGE_CURVE ( 'NONE', #1488, #6808, #7560, .T. ) ;
#2750 = CARTESIAN_POINT ( 'NONE',  ( 73.29999999999999716, 20.00000000000000355, 0.000000000000000000 ) ) ;
#2751 = DIRECTION ( 'NONE',  ( -1.000000000000000000, 0.000000000000000000, 0.000000000000000000 ) ) ;
#2752 = EDGE_LOOP ( 'NONE', ( #8939, #373, #908, #6913 ) ) ;
#2753 = CIRCLE ( 'NONE', #8917, 1.549999999999995826 ) ;
#2754 = VECTOR ( 'NONE', #10798, 1000.000000000000000 ) ;
#2755 = DIRECTION ( 'NONE',  ( -0.000000000000000000, -0.000000000000000000, -1.000000000000000000 ) ) ;
#2756 = VECTOR ( 'NONE', #1003, 1000.000000000000000 ) ;
#2758 = CARTESIAN_POINT ( 'NONE',  ( 240.2000000000000739, -5.400000000000042100, 6.349999999999999645 ) ) ;
#2757 = AXIS2_PLACEMENT_3D ( 'NONE', #561, #4016, #4395 ) ;
#2759 = VERTEX_POINT ( 'NONE', #10075 ) ;
#2760 = AXIS2_PLACEMENT_3D ( 'NONE', #8412, #2497, #5868 ) ;
#2761 = DIRECTION ( 'NONE',  ( 0.000000000000000000, 0.000000000000000000, 1.000000000000000000 ) ) ;
#2762 = ORIENTED_EDGE ( 'NONE', *, *, #5483, .T. ) ;
#2763 = VERTEX_POINT ( 'NONE', #998 ) ;
#2764 = CARTESIAN_POINT ( 'NONE',  ( 143.3000000000000966, -19.99999999999992184, 6.349999999999999645 ) ) ;
#2765 = DIRECTION ( 'NONE',  ( -0.000000000000000000, -0.000000000000000000, -1.000000000000000000 ) ) ;
#2766 = ORIENTED_EDGE ( 'NONE', *, *, #7634, .F. ) ;
#2767 = DIRECTION ( 'NONE',  ( 1.000000000000000000, 0.000000000000000000, 0.000000000000000000 ) ) ;
#2768 = DIRECTION ( 'NONE',  ( -6.938893903907228378E-16, 1.000000000000000000, 0.000000000000000000 ) ) ;
#2769 = ORIENTED_EDGE ( 'NONE', *, *, #6589, .T. ) ;
#2770 = EDGE_CURVE ( 'NONE', #8451, #5392, #6810, .T. ) ;
#2771 = EDGE_CURVE ( 'NONE', #3669, #786, #3444, .T. ) ;
#2772 = DIRECTION ( 'NONE',  ( -1.000000000000000000, 0.000000000000000000, 0.000000000000000000 ) ) ;
#2773 = VECTOR ( 'NONE', #9028, 1000.000000000000000 ) ;
#2774 = CIRCLE ( 'NONE', #1163, 1.549999999999995826 ) ;
#2775 = AXIS2_PLACEMENT_3D ( 'NONE', #6362, #2152, #6252 ) ;
#2776 = DIRECTION ( 'NONE',  ( 0.000000000000000000, 1.000000000000000000, 0.000000000000000000 ) ) ;
#2777 = VECTOR ( 'NONE', #3410, 1000.000000000000000 ) ;
#2778 = DIRECTION ( 'NONE',  ( -1.000000000000000000, 0.000000000000000000, 0.000000000000000000 ) ) ;
#2779 = EDGE_LOOP ( 'NONE', ( #5622, #10155, #2490, #10606 ) ) ;
#2780 = VERTEX_POINT ( 'NONE', #5 ) ;
#2781 = CARTESIAN_POINT ( 'NONE',  ( 280.1999999999999886, 45.39999999999999858, 6.349999999999999645 ) ) ;
#2782 = VECTOR ( 'NONE', #6847, 1000.000000000000000 ) ;
#2783 = FACE_BOUND ( 'NONE', #3352, .T. ) ;
#2784 = VERTEX_POINT ( 'NONE', #6035 ) ;
#2785 = ORIENTED_EDGE ( 'NONE', *, *, #6724, .T. ) ;
#2786 = DIRECTION ( 'NONE',  ( -0.000000000000000000, -0.000000000000000000, -1.000000000000000000 ) ) ;
#2787 = DIRECTION ( 'NONE',  ( -0.000000000000000000, -0.000000000000000000, -1.000000000000000000 ) ) ;
#2788 = EDGE_CURVE ( 'NONE', #615, #415, #10184, .T. ) ;
#2789 = AXIS2_PLACEMENT_3D ( 'NONE', #7729, #144, #8385 ) ;
#2790 = EDGE_CURVE ( 'NONE', #2272, #10617, #3555, .T. ) ;
#2791 = CARTESIAN_POINT ( 'NONE',  ( 328.1214292284635690, 19.99999999999999645, 6.349999999999999645 ) ) ;
#2792 = FACE_OUTER_BOUND ( 'NONE', #8517, .T. ) ;
#2793 = CIRCLE ( 'NONE', #3321, 1.549999999999968070 ) ;
#2794 = AXIS2_PLACEMENT_3D ( 'NONE', #3360, #1839, #6550 ) ;
#2795 = VECTOR ( 'NONE', #7259, 1000.000000000000000 ) ;
#2796 = CARTESIAN_POINT ( 'NONE',  ( 0.000000000000000000, 0.000000000000000000, 0.000000000000000000 ) ) ;
#2797 = LINE ( 'NONE', #1957, #3684 ) ;
#2798 = VECTOR ( 'NONE', #5169, 1000.000000000000000 ) ;
#2799 = CARTESIAN_POINT ( 'NONE',  ( 221.7500000000000000, -20.00000000000003197, 6.349999999999999645 ) ) ;
#2800 = ORIENTED_EDGE ( 'NONE', *, *, #1138, .F. ) ;
#2801 = CARTESIAN_POINT ( 'NONE',  ( 193.3000000000000966, -19.99999999999992184, 6.349999999999999645 ) ) ;
#2802 = AXIS2_PLACEMENT_3D ( 'NONE', #4764, #8131, #546 ) ;
#2803 = ORIENTED_EDGE ( 'NONE', *, *, #2730, .F. ) ;
#2804 = DIRECTION ( 'NONE',  ( -3.469446951953613696E-16, 1.000000000000000000, 0.000000000000000000 ) ) ;
#2805 = DIRECTION ( 'NONE',  ( 1.000000000000000000, 1.040834085586084059E-15, -0.000000000000000000 ) ) ;
#2806 = DIRECTION ( 'NONE',  ( -0.000000000000000000, -0.000000000000000000, -1.000000000000000000 ) ) ;
#2807 = AXIS2_PLACEMENT_3D ( 'NONE', #3503, #4332, #7697 ) ;
#2808 = CIRCLE ( 'NONE', #1023, 1.549999999999988942 ) ;
#2809 = LINE ( 'NONE', #3792, #4015 ) ;
#2810 = ADVANCED_FACE ( 'NONE', ( #5155 ), #9300, .F. ) ;
#2811 = VECTOR ( 'NONE', #4216, 1000.000000000000000 ) ;
#2812 = EDGE_LOOP ( 'NONE', ( #10564, #6250, #5797, #1959 ) ) ;
#2813 = CARTESIAN_POINT ( 'NONE',  ( 183.2999999999999545, 20.00000000000000355, 6.349999999999999645 ) ) ;
#2814 = ORIENTED_EDGE ( 'NONE', *, *, #6618, .T. ) ;
#2815 = CARTESIAN_POINT ( 'NONE',  ( 243.3000000000000114, 45.40000000000000568, 0.000000000000000000 ) ) ;
#2816 = VECTOR ( 'NONE', #2102, 1000.000000000000000 ) ;
#2817 = DIRECTION ( 'NONE',  ( -1.000000000000000000, 0.000000000000000000, 0.000000000000000000 ) ) ;
#2818 = CARTESIAN_POINT ( 'NONE',  ( 113.3000000000000824, -19.99999999999992184, 6.349999999999999645 ) ) ;
#2819 = ORIENTED_EDGE ( 'NONE', *, *, #9543, .T. ) ;
#2820 = DIRECTION ( 'NONE',  ( 1.734723475976806848E-16, -1.000000000000000000, -0.000000000000000000 ) ) ;
#2821 = EDGE_CURVE ( 'NONE', #6146, #4727, #5106, .T. ) ;
#2822 = LINE ( 'NONE', #2758, #9862 ) ;
#2823 = EDGE_LOOP ( 'NONE', ( #6460, #5961, #7154, #8228 ) ) ;
#2824 = DIRECTION ( 'NONE',  ( 1.000000000000000000, 0.000000000000000000, 0.000000000000000000 ) ) ;
#2825 = VERTEX_POINT ( 'NONE', #8523 ) ;
#2826 = ORIENTED_EDGE ( 'NONE', *, *, #2086, .F. ) ;
#2827 = DIRECTION ( 'NONE',  ( -1.000000000000000000, 0.000000000000000000, 0.000000000000000000 ) ) ;
#2828 = DIRECTION ( 'NONE',  ( 0.000000000000000000, 0.000000000000000000, 1.000000000000000000 ) ) ;
#2829 = DIRECTION ( 'NONE',  ( 0.000000000000000000, 0.000000000000000000, 1.000000000000000000 ) ) ;
#2830 = DIRECTION ( 'NONE',  ( -1.000000000000000000, 0.000000000000000000, 0.000000000000000000 ) ) ;
#2831 = EDGE_CURVE ( 'NONE', #2575, #4756, #842, .T. ) ;
#2832 = ORIENTED_EDGE ( 'NONE', *, *, #9191, .T. ) ;
#2833 = CARTESIAN_POINT ( 'NONE',  ( 160.2000000000001023, 32.05000000000005400, 6.349999999999999645 ) ) ;
#2834 = ADVANCED_FACE ( 'NONE', ( #111 ), #10345, .T. ) ;
#2835 = LINE ( 'NONE', #6031, #9155 ) ;
#2836 = EDGE_CURVE ( 'NONE', #5870, #4982, #6149, .T. ) ;
#2837 = EDGE_CURVE ( 'NONE', #7851, #4137, #9849, .T. ) ;
#2838 = CYLINDRICAL_SURFACE ( 'NONE', #3800, 1.549999999999995826 ) ;
#2839 = VERTEX_POINT ( 'NONE', #8899 ) ;
#2840 = VERTEX_POINT ( 'NONE', #5370 ) ;
#2841 = DIRECTION ( 'NONE',  ( -0.000000000000000000, -0.000000000000000000, -1.000000000000000000 ) ) ;
#2842 = FACE_BOUND ( 'NONE', #9045, .T. ) ;
#2843 = ORIENTED_EDGE ( 'NONE', *, *, #6455, .F. ) ;
#2844 = ORIENTED_EDGE ( 'NONE', *, *, #435, .T. ) ;
#2845 = LINE ( 'NONE', #2943, #7532 ) ;
#2846 = CARTESIAN_POINT ( 'NONE',  ( 329.6714292284635235, -20.00000000000000355, 6.349999999999999645 ) ) ;
#2847 = LINE ( 'NONE', #1165, #628 ) ;
#2848 = EDGE_CURVE ( 'NONE', #7602, #3339, #8627, .T. ) ;
#2849 = DIRECTION ( 'NONE',  ( 1.000000000000000000, 0.000000000000000000, 0.000000000000000000 ) ) ;
#2850 = EDGE_CURVE ( 'NONE', #10334, #4812, #5422, .T. ) ;
#2851 = EDGE_CURVE ( 'NONE', #8428, #8372, #1105, .T. ) ;
#2852 = CARTESIAN_POINT ( 'NONE',  ( 290.1999999999999886, 45.39999999999999858, 0.000000000000000000 ) ) ;
#2853 = ORIENTED_EDGE ( 'NONE', *, *, #2790, .T. ) ;
#2854 = CARTESIAN_POINT ( 'NONE',  ( 230.2000000000000171, 5.399999999999998579, 6.349999999999999645 ) ) ;
#2855 = ORIENTED_EDGE ( 'NONE', *, *, #8909, .T. ) ;
#2856 = DIRECTION ( 'NONE',  ( 0.000000000000000000, 0.000000000000000000, -1.000000000000000000 ) ) ;
#2857 = DIRECTION ( 'NONE',  ( -1.387778780781445478E-15, 1.000000000000000000, -0.000000000000000000 ) ) ;
#2858 = CARTESIAN_POINT ( 'NONE',  ( 163.3000000000000682, 32.05000000000005400, 6.349999999999999645 ) ) ;
#2859 = LINE ( 'NONE', #7938, #8774 ) ;
#2860 = EDGE_CURVE ( 'NONE', #10775, #6270, #309, .T. ) ;
#2861 = VERTEX_POINT ( 'NONE', #7183 ) ;
#2862 = LINE ( 'NONE', #5450, #7155 ) ;
#2863 = ORIENTED_EDGE ( 'NONE', *, *, #9499, .T. ) ;
#2864 = DIRECTION ( 'NONE',  ( 1.000000000000000000, 0.000000000000000000, 0.000000000000000000 ) ) ;
#2865 = CARTESIAN_POINT ( 'NONE',  ( 140.2000000000001023, -19.99999999999992184, 6.349999999999999645 ) ) ;
#2866 = CARTESIAN_POINT ( 'NONE',  ( 10.25999999999999446, 20.00000000000000000, 6.349999999999999645 ) ) ;
#2867 = VERTEX_POINT ( 'NONE', #4647 ) ;
#2868 = CARTESIAN_POINT ( 'NONE',  ( 110.2000000000000881, 32.05000000000005400, 6.349999999999999645 ) ) ;
#2869 = ORIENTED_EDGE ( 'NONE', *, *, #8478, .F. ) ;
#2870 = CARTESIAN_POINT ( 'NONE',  ( 203.3000000000000966, -19.99999999999992184, 6.349999999999999645 ) ) ;
#2871 = ORIENTED_EDGE ( 'NONE', *, *, #6962, .T. ) ;
#2872 = VERTEX_POINT ( 'NONE', #428 ) ;
#2873 = DIRECTION ( 'NONE',  ( 0.000000000000000000, 0.000000000000000000, 1.000000000000000000 ) ) ;
#2874 = CARTESIAN_POINT ( 'NONE',  ( 63.29999999999999716, 20.00000000000000355, 6.349999999999999645 ) ) ;
#2875 = FACE_BOUND ( 'NONE', #2545, .T. ) ;
#2876 = EDGE_LOOP ( 'NONE', ( #2431, #9125, #9794, #6179 ) ) ;
#2877 = AXIS2_PLACEMENT_3D ( 'NONE', #209, #1253, #10556 ) ;
#2878 = CYLINDRICAL_SURFACE ( 'NONE', #9238, 1.549999999999988942 ) ;
#2879 = EDGE_CURVE ( 'NONE', #6167, #4856, #3865, .T. ) ;
#2880 = AXIS2_PLACEMENT_3D ( 'NONE', #1416, #4797, #8329 ) ;
#2881 = VECTOR ( 'NONE', #5695, 1000.000000000000000 ) ;
#2882 = DIRECTION ( 'NONE',  ( -3.469446951953613696E-16, 1.000000000000000000, 0.000000000000000000 ) ) ;
#2883 = FACE_OUTER_BOUND ( 'NONE', #232, .T. ) ;
#2884 = VERTEX_POINT ( 'NONE', #7856 ) ;
#2885 = ORIENTED_EDGE ( 'NONE', *, *, #9707, .F. ) ;
#2886 = CARTESIAN_POINT ( 'NONE',  ( 100.2000000000000881, 32.05000000000005400, 0.000000000000000000 ) ) ;
#2887 = FACE_BOUND ( 'NONE', #2609, .T. ) ;
#2888 = ORIENTED_EDGE ( 'NONE', *, *, #5027, .T. ) ;
#2889 = ORIENTED_EDGE ( 'NONE', *, *, #3149, .F. ) ;
#2890 = CARTESIAN_POINT ( 'NONE',  ( 70.20000000000010232, -19.99999999999992184, 6.349999999999999645 ) ) ;
#2891 = DIRECTION ( 'NONE',  ( -0.000000000000000000, 1.000000000000000000, -0.000000000000000000 ) ) ;
#2892 = EDGE_LOOP ( 'NONE', ( #8444, #7150, #9620, #8989 ) ) ;
#2893 = EDGE_CURVE ( 'NONE', #5971, #1564, #3331, .T. ) ;
#2894 = EDGE_CURVE ( 'NONE', #3388, #4145, #5521, .T. ) ;
#2895 = FACE_OUTER_BOUND ( 'NONE', #3804, .T. ) ;
#2896 = VECTOR ( 'NONE', #1678, 1000.000000000000000 ) ;
#2897 = VECTOR ( 'NONE', #2806, 1000.000000000000000 ) ;
#2898 = PLANE ( 'NONE',  #6135 ) ;
#2899 = DIRECTION ( 'NONE',  ( -1.460270790212613217E-16, 1.000000000000000000, 0.000000000000000000 ) ) ;
#2900 = ORIENTED_EDGE ( 'NONE', *, *, #7949, .F. ) ;
#2902 = AXIS2_PLACEMENT_3D ( 'NONE', #5031, #822, #9946 ) ;
#2901 = CARTESIAN_POINT ( 'NONE',  ( 170.2000000000001307, -32.05000000000007532, 6.349999999999999645 ) ) ;
#2903 = EDGE_LOOP ( 'NONE', ( #5270, #9172, #3418, #6890 ) ) ;
#2904 = DIRECTION ( 'NONE',  ( -0.000000000000000000, -0.000000000000000000, -1.000000000000000000 ) ) ;
#2905 = CYLINDRICAL_SURFACE ( 'NONE', #3403, 1.549999999999995826 ) ;
#2906 = LINE ( 'NONE', #6216, #8106 ) ;
#2907 = EDGE_CURVE ( 'NONE', #1778, #4677, #1948, .T. ) ;
#2908 = EDGE_CURVE ( 'NONE', #5687, #3577, #6247, .T. ) ;
#2909 = LINE ( 'NONE', #8657, #1174 ) ;
#2910 = ORIENTED_EDGE ( 'NONE', *, *, #10104, .F. ) ;
#2911 = CARTESIAN_POINT ( 'NONE',  ( 30.20000000000012719, -32.05000000000007532, 6.349999999999999645 ) ) ;
#2912 = ORIENTED_EDGE ( 'NONE', *, *, #7881, .T. ) ;
#2913 = LINE ( 'NONE', #3578, #2078 ) ;
#2914 = DIRECTION ( 'NONE',  ( -1.000000000000000000, -6.938893903907227392E-16, 0.000000000000000000 ) ) ;
#2915 = CARTESIAN_POINT ( 'NONE',  ( 261.7500000000000568, 45.39999999999999858, 0.000000000000000000 ) ) ;
#2916 = ORIENTED_EDGE ( 'NONE', *, *, #3734, .T. ) ;
#2917 = ADVANCED_FACE ( 'NONE', ( #7073 ), #3665, .T. ) ;
#2918 = EDGE_CURVE ( 'NONE', #3704, #1108, #8684, .T. ) ;
#2919 = VECTOR ( 'NONE', #8459, 1000.000000000000000 ) ;
#2920 = PLANE ( 'NONE',  #9120 ) ;
#2921 = ORIENTED_EDGE ( 'NONE', *, *, #3720, .F. ) ;
#2922 = DIRECTION ( 'NONE',  ( -0.000000000000000000, -0.000000000000000000, -1.000000000000000000 ) ) ;
#2923 = ORIENTED_EDGE ( 'NONE', *, *, #3573, .F. ) ;
#2924 = ORIENTED_EDGE ( 'NONE', *, *, #3993, .F. ) ;
#2925 = CARTESIAN_POINT ( 'NONE',  ( 43.30000000000011084, -32.05000000000007532, 6.349999999999999645 ) ) ;
#2926 = VECTOR ( 'NONE', #722, 1000.000000000000000 ) ;
#2927 = CARTESIAN_POINT ( 'NONE',  ( 91.75000000000011369, -32.05000000000007532, 6.349999999999999645 ) ) ;
#2928 = FACE_BOUND ( 'NONE', #9817, .T. ) ;
#2929 = EDGE_LOOP ( 'NONE', ( #6621, #10255, #9521, #9681 ) ) ;
#2930 = AXIS2_PLACEMENT_3D ( 'NONE', #8038, #9750, #1287 ) ;
#2931 = CARTESIAN_POINT ( 'NONE',  ( 191.7500000000001421, -32.05000000000007532, 0.000000000000000000 ) ) ;
#2932 = AXIS2_PLACEMENT_3D ( 'NONE', #108, #4165, #3499 ) ;
#2933 = DIRECTION ( 'NONE',  ( -1.000000000000000000, 0.000000000000000000, 0.000000000000000000 ) ) ;
#2934 = EDGE_CURVE ( 'NONE', #3994, #4934, #1156, .T. ) ;
#2935 = CARTESIAN_POINT ( 'NONE',  ( 10.26000000000000156, -20.00000000000000000, 0.000000000000000000 ) ) ;
#2936 = ORIENTED_EDGE ( 'NONE', *, *, #10410, .F. ) ;
#2937 = ORIENTED_EDGE ( 'NONE', *, *, #7056, .T. ) ;
#2938 = FACE_OUTER_BOUND ( 'NONE', #2779, .T. ) ;
#2939 = FACE_BOUND ( 'NONE', #4472, .T. ) ;
#2940 = ORIENTED_EDGE ( 'NONE', *, *, #1458, .T. ) ;
#2941 = VECTOR ( 'NONE', #8089, 1000.000000000000000 ) ;
#2942 = EDGE_LOOP ( 'NONE', ( #3292, #10657, #8557, #7885 ) ) ;
#2943 = CARTESIAN_POINT ( 'NONE',  ( 193.3000000000000966, -32.05000000000007532, 6.349999999999999645 ) ) ;
#2944 = CARTESIAN_POINT ( 'NONE',  ( 270.1999999999999886, 5.399999999999998579, 6.349999999999999645 ) ) ;
#2945 = VERTEX_POINT ( 'NONE', #2886 ) ;
#2946 = VECTOR ( 'NONE', #1645, 1000.000000000000000 ) ;
#2947 = LINE ( 'NONE', #3051, #7715 ) ;
#2948 = VERTEX_POINT ( 'NONE', #374 ) ;
#2949 = VECTOR ( 'NONE', #9274, 1000.000000000000000 ) ;
#2950 = VECTOR ( 'NONE', #9107, 1000.000000000000000 ) ;
#2951 = LINE ( 'NONE', #10623, #5272 ) ;
#2952 = EDGE_CURVE ( 'NONE', #1845, #65, #3768, .T. ) ;
#2953 = DIRECTION ( 'NONE',  ( -1.000000000000000000, 0.000000000000000000, 0.000000000000000000 ) ) ;
#2954 = ORIENTED_EDGE ( 'NONE', *, *, #8139, .F. ) ;
#2955 = DIRECTION ( 'NONE',  ( 1.000000000000000000, 0.000000000000000000, -0.000000000000000000 ) ) ;
#2956 = VECTOR ( 'NONE', #10455, 1000.000000000000000 ) ;
#2957 = ORIENTED_EDGE ( 'NONE', *, *, #7156, .T. ) ;
#2958 = VECTOR ( 'NONE', #2522, 1000.000000000000000 ) ;
#2959 = LINE ( 'NONE', #670, #2582 ) ;
#2960 = DIRECTION ( 'NONE',  ( -1.387778780781445676E-15, 1.000000000000000000, -0.000000000000000000 ) ) ;
#2961 = ADVANCED_FACE ( 'NONE', ( #2938 ), #6304, .T. ) ;
#2962 = DIRECTION ( 'NONE',  ( 1.000000000000000000, 0.000000000000000000, 0.000000000000000000 ) ) ;
#2963 = VECTOR ( 'NONE', #9414, 1000.000000000000000 ) ;
#2964 = CIRCLE ( 'NONE', #2245, 1.549999999999968070 ) ;
#2965 = VECTOR ( 'NONE', #5789, 1000.000000000000000 ) ;
#2966 = CARTESIAN_POINT ( 'NONE',  ( 60.20000000000008100, 72.05000000000005400, 0.000000000000000000 ) ) ;
#2967 = AXIS2_PLACEMENT_3D ( 'NONE', #7254, #8257, #6429 ) ;
#2968 = EDGE_CURVE ( 'NONE', #13, #9395, #1424, .T. ) ;
#2969 = EDGE_CURVE ( 'NONE', #7625, #10139, #6669, .T. ) ;
#2970 = EDGE_LOOP ( 'NONE', ( #1723, #8383, #916, #1951 ) ) ;
#2971 = CARTESIAN_POINT ( 'NONE',  ( 303.3000000000000114, -5.399999999999999467, 6.349999999999999645 ) ) ;
#2972 = VERTEX_POINT ( 'NONE', #4806 ) ;
#2974 = DIRECTION ( 'NONE',  ( 0.000000000000000000, 0.000000000000000000, 1.000000000000000000 ) ) ;
#2973 = CIRCLE ( 'NONE', #5266, 1.549999999999968070 ) ;
#2975 = VECTOR ( 'NONE', #5297, 1000.000000000000000 ) ;
#2976 = CARTESIAN_POINT ( 'NONE',  ( 103.3000000000001108, -32.05000000000007532, 6.349999999999999645 ) ) ;
#2977 = DIRECTION ( 'NONE',  ( -3.469446951953620598E-16, 1.000000000000000000, 0.000000000000000000 ) ) ;
#2978 = ORIENTED_EDGE ( 'NONE', *, *, #802, .F. ) ;
#2979 = VECTOR ( 'NONE', #2776, 1000.000000000000000 ) ;
#2980 = AXIS2_PLACEMENT_3D ( 'NONE', #9460, #8637, #5206 ) ;
#2981 = LINE ( 'NONE', #572, #1890 ) ;
#2982 = EDGE_CURVE ( 'NONE', #163, #7114, #2315, .T. ) ;
#2983 = EDGE_CURVE ( 'NONE', #677, #5311, #1534, .T. ) ;
#2984 = ORIENTED_EDGE ( 'NONE', *, *, #2700, .F. ) ;
#2985 = AXIS2_PLACEMENT_3D ( 'NONE', #6243, #10447, #2882 ) ;
#2986 = CARTESIAN_POINT ( 'NONE',  ( 210.2000000000001023, 20.00000000000000355, 6.349999999999999645 ) ) ;
#2987 = ORIENTED_EDGE ( 'NONE', *, *, #7436, .T. ) ;
#2988 = ORIENTED_EDGE ( 'NONE', *, *, #8575, .F. ) ;
#2989 = FACE_OUTER_BOUND ( 'NONE', #3701, .T. ) ;
#2990 = CARTESIAN_POINT ( 'NONE',  ( 173.3000000000000966, -19.99999999999992184, 0.000000000000000000 ) ) ;
#2991 = FACE_BOUND ( 'NONE', #1968, .T. ) ;
#2992 = ORIENTED_EDGE ( 'NONE', *, *, #10320, .F. ) ;
#2993 = AXIS2_PLACEMENT_3D ( 'NONE', #925, #2709, #1872 ) ;
#2994 = FACE_OUTER_BOUND ( 'NONE', #2656, .T. ) ;
#2995 = DIRECTION ( 'NONE',  ( -0.000000000000000000, -0.000000000000000000, -1.000000000000000000 ) ) ;
#2996 = CARTESIAN_POINT ( 'NONE',  ( 220.2000000000001592, -72.05000000000008242, 0.000000000000000000 ) ) ;
#2997 = DIRECTION ( 'NONE',  ( 1.000000000000000000, 0.000000000000000000, 0.000000000000000000 ) ) ;
#2998 = ORIENTED_EDGE ( 'NONE', *, *, #2350, .F. ) ;
#2999 = EDGE_LOOP ( 'NONE', ( #8339, #4371, #2317, #2819 ) ) ;
#3000 = DIRECTION ( 'NONE',  ( -1.000000000000000000, 0.000000000000000000, 0.000000000000000000 ) ) ;
#3001 = CARTESIAN_POINT ( 'NONE',  ( 61.75000000000000000, 20.00000000000000355, 0.000000000000000000 ) ) ;
#3002 = EDGE_LOOP ( 'NONE', ( #541, #3320, #10488, #5667 ) ) ;
#3003 = CARTESIAN_POINT ( 'NONE',  ( 140.2000000000000739, 72.05000000000005400, 6.349999999999999645 ) ) ;
#3004 = DIRECTION ( 'NONE',  ( -1.000000000000000000, 0.000000000000000000, 0.000000000000000000 ) ) ;
#3005 = ORIENTED_EDGE ( 'NONE', *, *, #2771, .T. ) ;
#3006 = CARTESIAN_POINT ( 'NONE',  ( 31.75000000000000000, -20.00000000000003197, 6.349999999999999645 ) ) ;
#3007 = EDGE_CURVE ( 'NONE', #1227, #10820, #1914, .T. ) ;
#3008 = DIRECTION ( 'NONE',  ( 1.000000000000000000, 0.000000000000000000, 0.000000000000000000 ) ) ;
#3009 = LINE ( 'NONE', #9788, #8932 ) ;
#3010 = ORIENTED_EDGE ( 'NONE', *, *, #8152, .F. ) ;
#3011 = PLANE ( 'NONE',  #8352 ) ;
#3012 = ORIENTED_EDGE ( 'NONE', *, *, #3068, .F. ) ;
#3013 = CARTESIAN_POINT ( 'NONE',  ( 251.7500000000001421, -45.40000000000003411, 6.349999999999999645 ) ) ;
#3014 = DIRECTION ( 'NONE',  ( -1.000000000000000000, 0.000000000000000000, 0.000000000000000000 ) ) ;
#3015 = DIRECTION ( 'NONE',  ( -1.000000000000000000, 0.000000000000000000, 0.000000000000000000 ) ) ;
#3016 = EDGE_CURVE ( 'NONE', #10918, #1487, #7451, .T. ) ;
#3017 = DIRECTION ( 'NONE',  ( -0.000000000000000000, -0.000000000000000000, -1.000000000000000000 ) ) ;
#3018 = CARTESIAN_POINT ( 'NONE',  ( 90.20000000000013074, -32.05000000000007532, 0.000000000000000000 ) ) ;
#3019 = ORIENTED_EDGE ( 'NONE', *, *, #9734, .F. ) ;
#3020 = FACE_OUTER_BOUND ( 'NONE', #7317, .T. ) ;
#3021 = ORIENTED_EDGE ( 'NONE', *, *, #6248, .F. ) ;
#3022 = CARTESIAN_POINT ( 'NONE',  ( 63.30000000000006111, 32.05000000000005400, 0.000000000000000000 ) ) ;
#3023 = LINE ( 'NONE', #2343, #10208 ) ;
#3024 = CARTESIAN_POINT ( 'NONE',  ( 73.30000000000005400, 32.05000000000005400, 6.349999999999999645 ) ) ;
#3025 = ORIENTED_EDGE ( 'NONE', *, *, #8576, .F. ) ;
#3026 = EDGE_CURVE ( 'NONE', #6553, #200, #9061, .T. ) ;
#3027 = DIRECTION ( 'NONE',  ( 1.000000000000000000, 3.469446951953613696E-16, -0.000000000000000000 ) ) ;
#3028 = VERTEX_POINT ( 'NONE', #10001 ) ;
#3029 = DIRECTION ( 'NONE',  ( 1.000000000000000000, 0.000000000000000000, 0.000000000000000000 ) ) ;
#3030 = VERTEX_POINT ( 'NONE', #539 ) ;
#3031 = VERTEX_POINT ( 'NONE', #2429 ) ;
#3032 = DIRECTION ( 'NONE',  ( -1.000000000000000000, 0.000000000000000000, 0.000000000000000000 ) ) ;
#3033 = EDGE_CURVE ( 'NONE', #430, #219, #4732, .T. ) ;
#3034 = LINE ( 'NONE', #6447, #6841 ) ;
#3035 = FACE_BOUND ( 'NONE', #7823, .T. ) ;
#3036 = VERTEX_POINT ( 'NONE', #1376 ) ;
#3037 = DIRECTION ( 'NONE',  ( -0.000000000000000000, -0.000000000000000000, -1.000000000000000000 ) ) ;
#3038 = EDGE_CURVE ( 'NONE', #1595, #6698, #9008, .T. ) ;
#3039 = EDGE_CURVE ( 'NONE', #7625, #1426, #7401, .T. ) ;
#3040 = CARTESIAN_POINT ( 'NONE',  ( 173.3000000000000966, -32.05000000000007532, 6.349999999999999645 ) ) ;
#3041 = DIRECTION ( 'NONE',  ( 0.000000000000000000, 0.000000000000000000, 1.000000000000000000 ) ) ;
#3042 = DIRECTION ( 'NONE',  ( 0.000000000000000000, 0.000000000000000000, 1.000000000000000000 ) ) ;
#3043 = EDGE_LOOP ( 'NONE', ( #10063, #1234, #1933, #8121 ) ) ;
#3044 = ORIENTED_EDGE ( 'NONE', *, *, #7032, .F. ) ;
#3045 = DIRECTION ( 'NONE',  ( -0.000000000000000000, -0.000000000000000000, -1.000000000000000000 ) ) ;
#3046 = DIRECTION ( 'NONE',  ( -0.000000000000000000, -0.000000000000000000, -1.000000000000000000 ) ) ;
#3047 = ORIENTED_EDGE ( 'NONE', *, *, #1244, .T. ) ;
#3048 = CARTESIAN_POINT ( 'NONE',  ( 40.20000000000016627, -72.05000000000008242, 6.349999999999999645 ) ) ;
#3049 = DIRECTION ( 'NONE',  ( 2.289122957394680433E-16, -1.000000000000000000, -0.000000000000000000 ) ) ;
#3050 = EDGE_LOOP ( 'NONE', ( #4022, #9538, #7171, #6467 ) ) ;
#3051 = CARTESIAN_POINT ( 'NONE',  ( 283.3000000000000114, -5.400000000000013678, 6.349999999999999645 ) ) ;
#3052 = EDGE_CURVE ( 'NONE', #6029, #7623, #9174, .T. ) ;
#3053 = EDGE_CURVE ( 'NONE', #1595, #978, #3156, .T. ) ;
#3054 = VECTOR ( 'NONE', #4382, 1000.000000000000000 ) ;
#3055 = CARTESIAN_POINT ( 'NONE',  ( 223.3000000000000682, 32.05000000000005400, 0.000000000000000000 ) ) ;
#3056 = DIRECTION ( 'NONE',  ( -1.000000000000000000, 0.000000000000000000, 0.000000000000000000 ) ) ;
#3057 = ORIENTED_EDGE ( 'NONE', *, *, #10421, .T. ) ;
#3058 = ORIENTED_EDGE ( 'NONE', *, *, #9400, .F. ) ;
#3059 = CARTESIAN_POINT ( 'NONE',  ( 310.2000000000000455, 5.399999999999998579, 6.349999999999999645 ) ) ;
#3060 = ORIENTED_EDGE ( 'NONE', *, *, #10576, .T. ) ;
#3061 = VECTOR ( 'NONE', #9189, 1000.000000000000000 ) ;
#3062 = DIRECTION ( 'NONE',  ( 1.734723475976806848E-16, -1.000000000000000000, -0.000000000000000000 ) ) ;
#3063 = CARTESIAN_POINT ( 'NONE',  ( 303.3000000000000682, -45.40000000000000568, 6.349999999999999645 ) ) ;
#3064 = VECTOR ( 'NONE', #1848, 1000.000000000000000 ) ;
#3065 = CARTESIAN_POINT ( 'NONE',  ( 101.7500000000001705, -72.05000000000008242, 6.349999999999999645 ) ) ;
#3066 = DIRECTION ( 'NONE',  ( 0.000000000000000000, 0.000000000000000000, 1.000000000000000000 ) ) ;
#3067 = EDGE_LOOP ( 'NONE', ( #6734, #3500, #9536, #3060 ) ) ;
#3068 = EDGE_CURVE ( 'NONE', #95, #7748, #9778, .T. ) ;
#3069 = DIRECTION ( 'NONE',  ( -1.000000000000000000, 0.000000000000000000, 0.000000000000000000 ) ) ;
#3070 = ORIENTED_EDGE ( 'NONE', *, *, #2099, .T. ) ;
#3071 = CARTESIAN_POINT ( 'NONE',  ( 190.2000000000001592, -32.05000000000007532, 0.000000000000000000 ) ) ;
#3072 = LINE ( 'NONE', #9870, #4501 ) ;
#3073 = CARTESIAN_POINT ( 'NONE',  ( 221.7500000000001137, -32.05000000000007532, 6.349999999999999645 ) ) ;
#3074 = CARTESIAN_POINT ( 'NONE',  ( 33.30000000000006821, 32.05000000000005400, 0.000000000000000000 ) ) ;
#3075 = ORIENTED_EDGE ( 'NONE', *, *, #10037, .T. ) ;
#3076 = CIRCLE ( 'NONE', #6948, 1.549999999999982059 ) ;
#3077 = CARTESIAN_POINT ( 'NONE',  ( 210.2000000000001592, -72.05000000000008242, 6.349999999999999645 ) ) ;
#3078 = EDGE_LOOP ( 'NONE', ( #8736, #10110, #3548, #3263 ) ) ;
#3079 = EDGE_CURVE ( 'NONE', #884, #531, #4858, .T. ) ;
#3080 = EDGE_CURVE ( 'NONE', #2303, #1475, #3885, .T. ) ;
#3081 = CARTESIAN_POINT ( 'NONE',  ( 151.7500000000000000, 20.00000000000000355, 6.349999999999999645 ) ) ;
#3082 = ORIENTED_EDGE ( 'NONE', *, *, #2908, .F. ) ;
#3083 = ORIENTED_EDGE ( 'NONE', *, *, #3392, .T. ) ;
#3084 = CARTESIAN_POINT ( 'NONE',  ( 10.26000000000000156, -20.00000000000000000, 6.349999999999999645 ) ) ;
#3085 = LINE ( 'NONE', #637, #10718 ) ;
#3086 = DIRECTION ( 'NONE',  ( -1.000000000000000000, 0.000000000000000000, 0.000000000000000000 ) ) ;
#3087 = ORIENTED_EDGE ( 'NONE', *, *, #237, .F. ) ;
#3088 = FACE_OUTER_BOUND ( 'NONE', #900, .T. ) ;
#3089 = DIRECTION ( 'NONE',  ( 0.000000000000000000, 0.000000000000000000, 1.000000000000000000 ) ) ;
#3091 = CARTESIAN_POINT ( 'NONE',  ( 10.26000000000000156, -20.00000000000000000, 6.349999999999999645 ) ) ;
#3090 = VECTOR ( 'NONE', #6443, 1000.000000000000000 ) ;
#3092 = DIRECTION ( 'NONE',  ( -0.000000000000000000, -0.000000000000000000, -1.000000000000000000 ) ) ;
#3093 = VERTEX_POINT ( 'NONE', #6519 ) ;
#3094 = EDGE_LOOP ( 'NONE', ( #10924, #5424, #4767, #1532 ) ) ;
#3095 = DIRECTION ( 'NONE',  ( 1.000000000000000000, 0.000000000000000000, 0.000000000000000000 ) ) ;
#3096 = EDGE_CURVE ( 'NONE', #8863, #2612, #2259, .T. ) ;
#3097 = ADVANCED_FACE ( 'NONE', ( #647 ), #2202, .T. ) ;
#3098 = DIRECTION ( 'NONE',  ( 0.000000000000000000, 0.000000000000000000, 1.000000000000000000 ) ) ;
#3099 = ORIENTED_EDGE ( 'NONE', *, *, #321, .F. ) ;
#3100 = DIRECTION ( 'NONE',  ( -1.000000000000000000, 0.000000000000000000, 0.000000000000000000 ) ) ;
#3101 = CARTESIAN_POINT ( 'NONE',  ( 53.30000000000011084, -32.05000000000007532, -0.000000000000000000 ) ) ;
#3102 = ORIENTED_EDGE ( 'NONE', *, *, #7196, .T. ) ;
#3103 = DIRECTION ( 'NONE',  ( 1.387778780781445676E-15, -1.000000000000000000, 0.000000000000000000 ) ) ;
#3104 = CIRCLE ( 'NONE', #5567, 1.549999999999995826 ) ;
#3105 = CIRCLE ( 'NONE', #6619, 1.549999999999988942 ) ;
#3106 = DIRECTION ( 'NONE',  ( 1.000000000000000000, 0.000000000000000000, 0.000000000000000000 ) ) ;
#3107 = AXIS2_PLACEMENT_3D ( 'NONE', #3344, #6706, #5158 ) ;
#3108 = DIRECTION ( 'NONE',  ( -1.000000000000000000, 0.000000000000000000, 0.000000000000000000 ) ) ;
#3109 = VERTEX_POINT ( 'NONE', #5735 ) ;
#3110 = EDGE_LOOP ( 'NONE', ( #6554, #6956, #8969, #8687 ) ) ;
#3111 = LINE ( 'NONE', #2326, #559 ) ;
#3112 = AXIS2_PLACEMENT_3D ( 'NONE', #3595, #10397, #8560 ) ;
#3113 = EDGE_CURVE ( 'NONE', #6738, #9873, #10737, .T. ) ;
#3114 = EDGE_CURVE ( 'NONE', #4905, #2861, #8954, .T. ) ;
#3115 = AXIS2_PLACEMENT_3D ( 'NONE', #5037, #889, #10904 ) ;
#3116 = ORIENTED_EDGE ( 'NONE', *, *, #4414, .T. ) ;
#3117 = CARTESIAN_POINT ( 'NONE',  ( 326.5714292284635576, 19.99999999999999645, 6.349999999999999645 ) ) ;
#3118 = FACE_OUTER_BOUND ( 'NONE', #2008, .T. ) ;
#3119 = AXIS2_PLACEMENT_3D ( 'NONE', #3420, #5019, #10102 ) ;
#3120 = CARTESIAN_POINT ( 'NONE',  ( 180.2000000000001592, -72.05000000000008242, 0.000000000000000000 ) ) ;
#3121 = AXIS2_PLACEMENT_3D ( 'NONE', #9667, #9714, #9509 ) ;
#3122 = DIRECTION ( 'NONE',  ( -0.000000000000000000, -0.000000000000000000, -1.000000000000000000 ) ) ;
#3123 = CARTESIAN_POINT ( 'NONE',  ( 293.3000000000000114, -5.400000000000006573, 0.000000000000000000 ) ) ;
#3124 = VERTEX_POINT ( 'NONE', #10950 ) ;
#3125 = VECTOR ( 'NONE', #860, 1000.000000000000000 ) ;
#3126 = LINE ( 'NONE', #7546, #1864 ) ;
#3127 = ORIENTED_EDGE ( 'NONE', *, *, #4790, .F. ) ;
#3128 = LINE ( 'NONE', #4183, #10907 ) ;
#3129 = FACE_OUTER_BOUND ( 'NONE', #3457, .T. ) ;
#3130 = DIRECTION ( 'NONE',  ( -0.000000000000000000, -0.000000000000000000, -1.000000000000000000 ) ) ;
#3131 = CARTESIAN_POINT ( 'NONE',  ( 273.3000000000000114, 5.399999999999999467, 6.349999999999999645 ) ) ;
#3132 = EDGE_LOOP ( 'NONE', ( #9630, #9278, #4566, #8493 ) ) ;
#3133 = VECTOR ( 'NONE', #2025, 1000.000000000000000 ) ;
#3134 = EDGE_CURVE ( 'NONE', #10007, #7126, #5142, .T. ) ;
#3135 = CIRCLE ( 'NONE', #4557, 1.549999999999995826 ) ;
#3136 = CARTESIAN_POINT ( 'NONE',  ( 100.2000000000001307, -32.05000000000007532, 6.349999999999999645 ) ) ;
#3137 = AXIS2_PLACEMENT_3D ( 'NONE', #10641, #2239, #622 ) ;
#3138 = ORIENTED_EDGE ( 'NONE', *, *, #1244, .F. ) ;
#3139 = PLANE ( 'NONE',  #9795 ) ;
#3140 = ORIENTED_EDGE ( 'NONE', *, *, #1224, .T. ) ;
#3141 = ORIENTED_EDGE ( 'NONE', *, *, #667, .F. ) ;
#3142 = CARTESIAN_POINT ( 'NONE',  ( 31.75000000000007816, 72.05000000000005400, 0.000000000000000000 ) ) ;
#3143 = AXIS2_PLACEMENT_3D ( 'NONE', #2211, #8966, #3008 ) ;
#3144 = CARTESIAN_POINT ( 'NONE',  ( 190.2000000000001023, 32.05000000000005400, 6.349999999999999645 ) ) ;
#3145 = FACE_BOUND ( 'NONE', #3766, .T. ) ;
#3146 = ORIENTED_EDGE ( 'NONE', *, *, #5467, .F. ) ;
#3147 = CARTESIAN_POINT ( 'NONE',  ( 170.2000000000001023, 32.05000000000005400, 0.000000000000000000 ) ) ;
#3148 = AXIS2_PLACEMENT_3D ( 'NONE', #6565, #9890, #8230 ) ;
#3149 = EDGE_CURVE ( 'NONE', #1503, #8898, #2658, .T. ) ;
#3150 = CYLINDRICAL_SURFACE ( 'NONE', #8584, 1.549999999999988942 ) ;
#3151 = AXIS2_PLACEMENT_3D ( 'NONE', #6299, #7337, #10722 ) ;
#3152 = CARTESIAN_POINT ( 'NONE',  ( 163.3000000000000682, 72.05000000000005400, 0.000000000000000000 ) ) ;
#3153 = CARTESIAN_POINT ( 'NONE',  ( 173.2999999999999545, 20.00000000000000355, 6.349999999999999645 ) ) ;
#3154 = ORIENTED_EDGE ( 'NONE', *, *, #4164, .T. ) ;
#3155 = ORIENTED_EDGE ( 'NONE', *, *, #7435, .F. ) ;
#3156 = LINE ( 'NONE', #10777, #7919 ) ;
#3157 = VECTOR ( 'NONE', #4907, 1000.000000000000000 ) ;
#3158 = CARTESIAN_POINT ( 'NONE',  ( 261.7500000000001705, -45.40000000000002700, 0.000000000000000000 ) ) ;
#3159 = ORIENTED_EDGE ( 'NONE', *, *, #5878, .F. ) ;
#3160 = DIRECTION ( 'NONE',  ( 0.000000000000000000, 0.000000000000000000, 1.000000000000000000 ) ) ;
#3161 = CYLINDRICAL_SURFACE ( 'NONE', #9049, 1.549999999999999378 ) ;
#3162 = ORIENTED_EDGE ( 'NONE', *, *, #7485, .F. ) ;
#3163 = VECTOR ( 'NONE', #6949, 1000.000000000000000 ) ;
#3164 = EDGE_CURVE ( 'NONE', #146, #2473, #817, .T. ) ;
#3165 = ADVANCED_FACE ( 'NONE', ( #5250 ), #10061, .T. ) ;
#3166 = DIRECTION ( 'NONE',  ( 0.000000000000000000, 1.000000000000000000, 0.000000000000000000 ) ) ;
#3167 = PLANE ( 'NONE',  #804 ) ;
#3168 = EDGE_LOOP ( 'NONE', ( #5572, #10579, #4125, #2493 ) ) ;
#3169 = VERTEX_POINT ( 'NONE', #5193 ) ;
#3170 = CARTESIAN_POINT ( 'NONE',  ( 291.7500000000000000, 5.399999999999998579, 6.349999999999999645 ) ) ;
#3171 = VERTEX_POINT ( 'NONE', #8558 ) ;
#3172 = DIRECTION ( 'NONE',  ( 0.000000000000000000, 1.000000000000000000, 0.000000000000000000 ) ) ;
#3173 = CARTESIAN_POINT ( 'NONE',  ( 210.2000000000001307, -32.05000000000007532, 6.349999999999999645 ) ) ;
#3174 = EDGE_CURVE ( 'NONE', #3030, #7858, #9227, .T. ) ;
#3175 = ADVANCED_FACE ( 'NONE', ( #979 ), #4154, .T. ) ;
#3176 = EDGE_CURVE ( 'NONE', #9450, #10756, #2602, .T. ) ;
#3177 = CYLINDRICAL_SURFACE ( 'NONE', #6665, 1.549999999999995826 ) ;
#3178 = LINE ( 'NONE', #9909, #6104 ) ;
#3179 = CARTESIAN_POINT ( 'NONE',  ( 90.20000000000008811, 72.05000000000005400, 0.000000000000000000 ) ) ;
#3180 = ORIENTED_EDGE ( 'NONE', *, *, #9318, .T. ) ;
#3181 = DIRECTION ( 'NONE',  ( -6.938893903907241197E-16, 1.000000000000000000, 0.000000000000000000 ) ) ;
#3182 = ORIENTED_EDGE ( 'NONE', *, *, #6352, .F. ) ;
#3183 = CARTESIAN_POINT ( 'NONE',  ( 43.30000000000015348, -72.05000000000008242, 0.000000000000000000 ) ) ;
#3184 = CARTESIAN_POINT ( 'NONE',  ( 103.3000000000000824, -19.99999999999992184, 6.349999999999999645 ) ) ;
#3185 = CYLINDRICAL_SURFACE ( 'NONE', #2246, 1.549999999999995826 ) ;
#3186 = CARTESIAN_POINT ( 'NONE',  ( 161.7500000000001421, -72.05000000000008242, 0.000000000000000000 ) ) ;
#3187 = ORIENTED_EDGE ( 'NONE', *, *, #3809, .F. ) ;
#3188 = EDGE_CURVE ( 'NONE', #8898, #4014, #3325, .T. ) ;
#3189 = CARTESIAN_POINT ( 'NONE',  ( 301.7500000000000000, 45.39999999999999858, 6.349999999999999645 ) ) ;
#3190 = ORIENTED_EDGE ( 'NONE', *, *, #6855, .F. ) ;
#3191 = DIRECTION ( 'NONE',  ( -1.000000000000000000, -1.387778780781445478E-15, 0.000000000000000000 ) ) ;
#3192 = EDGE_LOOP ( 'NONE', ( #5721, #1263, #5633, #4729 ) ) ;
#3193 = ORIENTED_EDGE ( 'NONE', *, *, #8945, .T. ) ;
#3194 = DIRECTION ( 'NONE',  ( 0.000000000000000000, 0.000000000000000000, 1.000000000000000000 ) ) ;
#3195 = CARTESIAN_POINT ( 'NONE',  ( 111.7500000000000853, 32.05000000000005400, 0.000000000000000000 ) ) ;
#3196 = DIRECTION ( 'NONE',  ( -0.000000000000000000, -0.000000000000000000, -1.000000000000000000 ) ) ;
#3197 = EDGE_LOOP ( 'NONE', ( #2278, #7048, #3732, #186 ) ) ;
#3198 = CARTESIAN_POINT ( 'NONE',  ( 260.2000000000000455, -5.400000000000027889, 0.000000000000000000 ) ) ;
#3199 = DIRECTION ( 'NONE',  ( 0.000000000000000000, 0.000000000000000000, 1.000000000000000000 ) ) ;
#3200 = FACE_OUTER_BOUND ( 'NONE', #4714, .T. ) ;
#3201 = VERTEX_POINT ( 'NONE', #6688 ) ;
#3202 = ORIENTED_EDGE ( 'NONE', *, *, #5243, .T. ) ;
#3203 = CARTESIAN_POINT ( 'NONE',  ( 230.2000000000000171, 5.399999999999998579, 6.349999999999999645 ) ) ;
#3204 = ADVANCED_FACE ( 'NONE', ( #1648 ), #3376, .F. ) ;
#3205 = LINE ( 'NONE', #5636, #7530 ) ;
#3206 = EDGE_LOOP ( 'NONE', ( #1243, #6431, #2354, #7270 ) ) ;
#3207 = CARTESIAN_POINT ( 'NONE',  ( 230.2000000000000171, 5.399999999999998579, 0.000000000000000000 ) ) ;
#3208 = CARTESIAN_POINT ( 'NONE',  ( 17.16000000000000014, -20.00000000000000000, 6.349999999999999645 ) ) ;
#3209 = ORIENTED_EDGE ( 'NONE', *, *, #1747, .T. ) ;
#3210 = DIRECTION ( 'NONE',  ( -0.000000000000000000, -0.000000000000000000, -1.000000000000000000 ) ) ;
#3211 = ORIENTED_EDGE ( 'NONE', *, *, #2156, .F. ) ;
#3212 = CARTESIAN_POINT ( 'NONE',  ( 171.7500000000000000, -20.00000000000003197, 6.349999999999999645 ) ) ;
#3213 = LINE ( 'NONE', #6578, #9468 ) ;
#3214 = ORIENTED_EDGE ( 'NONE', *, *, #3676, .T. ) ;
#3215 = VERTEX_POINT ( 'NONE', #2486 ) ;
#3216 = DIRECTION ( 'NONE',  ( -0.000000000000000000, -0.000000000000000000, -1.000000000000000000 ) ) ;
#3217 = EDGE_CURVE ( 'NONE', #8084, #5398, #4318, .T. ) ;
#3218 = EDGE_CURVE ( 'NONE', #5144, #10169, #7570, .T. ) ;
#3219 = ORIENTED_EDGE ( 'NONE', *, *, #2918, .T. ) ;
#3220 = CARTESIAN_POINT ( 'NONE',  ( 150.2000000000001307, -32.05000000000007532, 6.349999999999999645 ) ) ;
#3221 = LINE ( 'NONE', #507, #10304 ) ;
#3222 = AXIS2_PLACEMENT_3D ( 'NONE', #1070, #4460, #2067 ) ;
#3223 = CARTESIAN_POINT ( 'NONE',  ( 70.20000000000010232, 32.05000000000005400, 0.000000000000000000 ) ) ;
#3224 = LINE ( 'NONE', #9962, #4854 ) ;
#3225 = ORIENTED_EDGE ( 'NONE', *, *, #3188, .T. ) ;
#3227 = CIRCLE ( 'NONE', #6934, 1.549999999999995826 ) ;
#3226 = LINE ( 'NONE', #9144, #10357 ) ;
#3228 = VERTEX_POINT ( 'NONE', #7680 ) ;
#3229 = LINE ( 'NONE', #7373, #10874 ) ;
#3230 = ORIENTED_EDGE ( 'NONE', *, *, #4503, .T. ) ;
#3231 = DIRECTION ( 'NONE',  ( 0.000000000000000000, 0.000000000000000000, 1.000000000000000000 ) ) ;
#3232 = DIRECTION ( 'NONE',  ( -0.000000000000000000, -0.000000000000000000, -1.000000000000000000 ) ) ;
#3233 = ADVANCED_FACE ( 'NONE', ( #5910 ), #93, .F. ) ;
#3234 = EDGE_CURVE ( 'NONE', #8236, #1380, #4267, .T. ) ;
#3235 = LINE ( 'NONE', #8928, #4394 ) ;
#3236 = DIRECTION ( 'NONE',  ( 0.000000000000000000, 0.000000000000000000, 1.000000000000000000 ) ) ;
#3237 = ORIENTED_EDGE ( 'NONE', *, *, #10640, .T. ) ;
#3238 = VECTOR ( 'NONE', #1020, 1000.000000000000000 ) ;
#3239 = VECTOR ( 'NONE', #3960, 1000.000000000000000 ) ;
#3240 = VERTEX_POINT ( 'NONE', #39 ) ;
#3241 = DIRECTION ( 'NONE',  ( -1.387778780781445478E-15, 1.000000000000000000, -0.000000000000000000 ) ) ;
#3242 = VERTEX_POINT ( 'NONE', #3429 ) ;
#3243 = ORIENTED_EDGE ( 'NONE', *, *, #8425, .T. ) ;
#3244 = CARTESIAN_POINT ( 'NONE',  ( 280.1999999999999886, -5.400000000000014566, 6.349999999999999645 ) ) ;
#3245 = CIRCLE ( 'NONE', #4142, 1.549999999999995826 ) ;
#3246 = EDGE_CURVE ( 'NONE', #9764, #6924, #6794, .T. ) ;
#3247 = EDGE_CURVE ( 'NONE', #2840, #6839, #8272, .T. ) ;
#3248 = CARTESIAN_POINT ( 'NONE',  ( 93.30000000000011084, -32.05000000000007532, -0.000000000000000000 ) ) ;
#3249 = LINE ( 'NONE', #4961, #4473 ) ;
#3250 = ORIENTED_EDGE ( 'NONE', *, *, #2142, .F. ) ;
#3251 = LINE ( 'NONE', #5848, #2409 ) ;
#3252 = CARTESIAN_POINT ( 'NONE',  ( 213.3000000000001535, -72.05000000000008242, 6.349999999999999645 ) ) ;
#3253 = CARTESIAN_POINT ( 'NONE',  ( 100.2000000000000881, 20.00000000000000355, 6.349999999999999645 ) ) ;
#3254 = ORIENTED_EDGE ( 'NONE', *, *, #3858, .T. ) ;
#3255 = ORIENTED_EDGE ( 'NONE', *, *, #3900, .F. ) ;
#3256 = CARTESIAN_POINT ( 'NONE',  ( 140.2000000000001023, -19.99999999999992184, 0.000000000000000000 ) ) ;
#3257 = CARTESIAN_POINT ( 'NONE',  ( 53.30000000000011084, -32.05000000000007532, 6.349999999999999645 ) ) ;
#3258 = EDGE_LOOP ( 'NONE', ( #9281, #3012, #7501, #3211 ) ) ;
#3259 = DIRECTION ( 'NONE',  ( -1.000000000000000000, -3.469446951953620598E-16, 0.000000000000000000 ) ) ;
#3260 = CARTESIAN_POINT ( 'NONE',  ( 103.2999999999999972, 20.00000000000000355, 6.349999999999999645 ) ) ;
#3261 = ORIENTED_EDGE ( 'NONE', *, *, #2212, .T. ) ;
#3262 = DIRECTION ( 'NONE',  ( -0.000000000000000000, -1.000000000000000000, -0.000000000000000000 ) ) ;
#3263 = ORIENTED_EDGE ( 'NONE', *, *, #4706, .T. ) ;
#3264 = VECTOR ( 'NONE', #2599, 1000.000000000000000 ) ;
#3265 = EDGE_CURVE ( 'NONE', #741, #3445, #6024, .T. ) ;
#3266 = CARTESIAN_POINT ( 'NONE',  ( 140.2000000000001023, 32.05000000000005400, 0.000000000000000000 ) ) ;
#3267 = DIRECTION ( 'NONE',  ( -0.000000000000000000, -0.000000000000000000, -1.000000000000000000 ) ) ;
#3268 = ORIENTED_EDGE ( 'NONE', *, *, #1682, .T. ) ;
#3269 = VERTEX_POINT ( 'NONE', #8726 ) ;
#3270 = DIRECTION ( 'NONE',  ( -1.000000000000000000, 0.000000000000000000, 0.000000000000000000 ) ) ;
#3271 = ORIENTED_EDGE ( 'NONE', *, *, #6486, .F. ) ;
#3272 = VECTOR ( 'NONE', #10438, 1000.000000000000000 ) ;
#3273 = AXIS2_PLACEMENT_3D ( 'NONE', #7931, #4505, #3731 ) ;
#3274 = FACE_OUTER_BOUND ( 'NONE', #6902, .T. ) ;
#3275 = CARTESIAN_POINT ( 'NONE',  ( 270.1999999999999886, 45.39999999999999858, 6.349999999999999645 ) ) ;
#3276 = ADVANCED_FACE ( 'NONE', ( #3754 ), #7846, .T. ) ;
#3277 = CIRCLE ( 'NONE', #1159, 1.549999999999982059 ) ;
#3278 = VECTOR ( 'NONE', #1618, 1000.000000000000000 ) ;
#3279 = CARTESIAN_POINT ( 'NONE',  ( 153.3000000000000966, -32.05000000000007532, -0.000000000000000000 ) ) ;
#3280 = AXIS2_PLACEMENT_3D ( 'NONE', #995, #3605, #8634 ) ;
#3281 = DIRECTION ( 'NONE',  ( -1.000000000000000000, 0.000000000000000000, 0.000000000000000000 ) ) ;
#3282 = ORIENTED_EDGE ( 'NONE', *, *, #1364, .T. ) ;
#3283 = DIRECTION ( 'NONE',  ( -0.000000000000000000, -0.000000000000000000, -1.000000000000000000 ) ) ;
#3284 = ORIENTED_EDGE ( 'NONE', *, *, #3748, .F. ) ;
#3285 = FACE_OUTER_BOUND ( 'NONE', #401, .T. ) ;
#3286 = ORIENTED_EDGE ( 'NONE', *, *, #4415, .F. ) ;
#3287 = LINE ( 'NONE', #6771, #133 ) ;
#3288 = CARTESIAN_POINT ( 'NONE',  ( 243.3000000000000114, 5.399999999999999467, 6.349999999999999645 ) ) ;
#3289 = VECTOR ( 'NONE', #4258, 1000.000000000000000 ) ;
#3290 = LINE ( 'NONE', #2638, #7735 ) ;
#3291 = DIRECTION ( 'NONE',  ( -0.000000000000000000, -0.000000000000000000, -1.000000000000000000 ) ) ;
#3292 = ORIENTED_EDGE ( 'NONE', *, *, #8630, .F. ) ;
#3293 = VECTOR ( 'NONE', #3377, 1000.000000000000000 ) ;
#3294 = VECTOR ( 'NONE', #5093, 1000.000000000000000 ) ;
#3295 = UNCERTAINTY_MEASURE_WITH_UNIT (LENGTH_MEASURE( 1.000000000000000082E-05 ), #5362, 'distance_accuracy_value', 'NONE');
#3296 = ADVANCED_FACE ( 'NONE', ( #4481 ), #6133, .F. ) ;
#3297 = FACE_OUTER_BOUND ( 'NONE', #5232, .T. ) ;
#3298 = ADVANCED_FACE ( 'NONE', ( #8836 ), #9506, .F. ) ;
#3299 = FACE_OUTER_BOUND ( 'NONE', #10555, .T. ) ;
#3300 = AXIS2_PLACEMENT_3D ( 'NONE', #7308, #4944, #5764 ) ;
#3301 = VECTOR ( 'NONE', #8666, 1000.000000000000000 ) ;
#3302 = EDGE_LOOP ( 'NONE', ( #9785, #10166, #3553, #2445 ) ) ;
#3303 = CARTESIAN_POINT ( 'NONE',  ( 311.7500000000000000, 45.39999999999999858, 0.000000000000000000 ) ) ;
#3304 = ORIENTED_EDGE ( 'NONE', *, *, #2969, .F. ) ;
#3305 = VERTEX_POINT ( 'NONE', #4590 ) ;
#3306 = CARTESIAN_POINT ( 'NONE',  ( 220.2000000000001307, 32.05000000000005400, 0.000000000000000000 ) ) ;
#3307 = DIRECTION ( 'NONE',  ( -1.000000000000000000, 0.000000000000000000, 0.000000000000000000 ) ) ;
#3308 = FACE_OUTER_BOUND ( 'NONE', #551, .T. ) ;
#3309 = ORIENTED_EDGE ( 'NONE', *, *, #992, .T. ) ;
#3310 = LINE ( 'NONE', #9218, #1513 ) ;
#3311 = AXIS2_PLACEMENT_3D ( 'NONE', #6331, #5388, #10311 ) ;
#3312 = VECTOR ( 'NONE', #5386, 1000.000000000000000 ) ;
#3313 = VECTOR ( 'NONE', #3907, 1000.000000000000000 ) ;
#3314 = ADVANCED_FACE ( 'NONE', ( #2989 ), #4635, .F. ) ;
#3315 = EDGE_CURVE ( 'NONE', #3368, #9765, #4739, .T. ) ;
#3316 = VECTOR ( 'NONE', #7152, 1000.000000000000000 ) ;
#3317 = ADVANCED_FACE ( 'NONE', ( #317 ), #8003, .T. ) ;
#3318 = PLANE ( 'NONE',  #6296 ) ;
#3319 = DIRECTION ( 'NONE',  ( -1.000000000000000000, 0.000000000000000000, 0.000000000000000000 ) ) ;
#3320 = ORIENTED_EDGE ( 'NONE', *, *, #7693, .F. ) ;
#3321 = AXIS2_PLACEMENT_3D ( 'NONE', #2123, #4882, #8141 ) ;
#3322 = DIRECTION ( 'NONE',  ( -1.000000000000000000, 0.000000000000000000, 0.000000000000000000 ) ) ;
#3323 = ORIENTED_EDGE ( 'NONE', *, *, #7221, .F. ) ;
#3324 = ORIENTED_EDGE ( 'NONE', *, *, #3033, .T. ) ;
#3325 = LINE ( 'NONE', #5090, #853 ) ;
#3326 = CARTESIAN_POINT ( 'NONE',  ( 41.75000000000000000, -20.00000000000003197, 6.349999999999999645 ) ) ;
#3327 = ORIENTED_EDGE ( 'NONE', *, *, #686, .T. ) ;
#3328 = DIRECTION ( 'NONE',  ( 3.469446951953620598E-16, -1.000000000000000000, 0.000000000000000000 ) ) ;
#3329 = CARTESIAN_POINT ( 'NONE',  ( 203.3000000000000682, 32.05000000000005400, 0.000000000000000000 ) ) ;
#3330 = EDGE_LOOP ( 'NONE', ( #2869, #9603, #10407, #9593 ) ) ;
#3331 = CIRCLE ( 'NONE', #1549, 1.549999999999988942 ) ;
#3332 = FACE_OUTER_BOUND ( 'NONE', #10765, .T. ) ;
#3333 = AXIS2_PLACEMENT_3D ( 'NONE', #7142, #10524, #9743 ) ;
#3334 = VERTEX_POINT ( 'NONE', #2093 ) ;
#3335 = EDGE_CURVE ( 'NONE', #3489, #10694, #9557, .T. ) ;
#3336 = LINE ( 'NONE', #5745, #10385 ) ;
#3337 = CIRCLE ( 'NONE', #10401, 1.549999999999968070 ) ;
#3338 = LINE ( 'NONE', #6701, #3465 ) ;
#3339 = VERTEX_POINT ( 'NONE', #2764 ) ;
#3340 = VERTEX_POINT ( 'NONE', #5411 ) ;
#3341 = CARTESIAN_POINT ( 'NONE',  ( 163.3000000000001535, -72.05000000000008242, 6.349999999999999645 ) ) ;
#3342 = VECTOR ( 'NONE', #106, 1000.000000000000000 ) ;
#3343 = ORIENTED_EDGE ( 'NONE', *, *, #523, .T. ) ;
#3344 = CARTESIAN_POINT ( 'NONE',  ( 281.7500000000000568, -5.400000000000014566, 6.349999999999999645 ) ) ;
#3345 = CARTESIAN_POINT ( 'NONE',  ( 191.7500000000000853, 72.05000000000005400, 6.349999999999999645 ) ) ;
#3346 = CARTESIAN_POINT ( 'NONE',  ( 53.30000000000008242, -19.99999999999992184, 0.000000000000000000 ) ) ;
#3347 = LINE ( 'NONE', #2508, #7508 ) ;
#3348 = EDGE_LOOP ( 'NONE', ( #8398, #8959, #9166, #8287 ) ) ;
#3349 = DIRECTION ( 'NONE',  ( 1.000000000000000000, 0.000000000000000000, 0.000000000000000000 ) ) ;
#3350 = ORIENTED_EDGE ( 'NONE', *, *, #57, .T. ) ;
#3351 = CARTESIAN_POINT ( 'NONE',  ( 273.3000000000000682, -5.400000000000019895, 6.349999999999999645 ) ) ;
#3352 = EDGE_LOOP ( 'NONE', ( #1791, #10204, #2255, #8504 ) ) ;
#3353 = DIRECTION ( 'NONE',  ( 0.000000000000000000, 0.000000000000000000, 1.000000000000000000 ) ) ;
#3354 = EDGE_LOOP ( 'NONE', ( #5189, #4088, #7711, #5249 ) ) ;
#3355 = ADVANCED_FACE ( 'NONE', ( #362 ), #1144, .T. ) ;
#3356 = CARTESIAN_POINT ( 'NONE',  ( 193.3000000000000966, -19.99999999999992184, 0.000000000000000000 ) ) ;
#3357 = LINE ( 'NONE', #10146, #3064 ) ;
#3358 = VERTEX_POINT ( 'NONE', #3710 ) ;
#3359 = DIRECTION ( 'NONE',  ( -0.000000000000000000, -0.000000000000000000, -1.000000000000000000 ) ) ;
#3360 = CARTESIAN_POINT ( 'NONE',  ( 41.75000000000007816, 72.05000000000005400, 0.000000000000000000 ) ) ;
#3361 = ORIENTED_EDGE ( 'NONE', *, *, #3016, .F. ) ;
#3362 = CARTESIAN_POINT ( 'NONE',  ( 83.29999999999998295, 20.00000000000000355, 6.349999999999999645 ) ) ;
#3363 = ORIENTED_EDGE ( 'NONE', *, *, #6008, .T. ) ;
#3364 = DIRECTION ( 'NONE',  ( 6.938893903907227392E-16, -1.000000000000000000, 0.000000000000000000 ) ) ;
#3365 = EDGE_CURVE ( 'NONE', #567, #10169, #9607, .T. ) ;
#3366 = CARTESIAN_POINT ( 'NONE',  ( 311.7500000000000000, -5.399999999999991473, 0.000000000000000000 ) ) ;
#3367 = CARTESIAN_POINT ( 'NONE',  ( 103.3000000000000682, 32.05000000000005400, 6.349999999999999645 ) ) ;
#3368 = VERTEX_POINT ( 'NONE', #1201 ) ;
#3369 = LINE ( 'NONE', #10941, #2949 ) ;
#3370 = LINE ( 'NONE', #810, #292 ) ;
#3371 = DIRECTION ( 'NONE',  ( 1.000000000000000000, 0.000000000000000000, 0.000000000000000000 ) ) ;
#3372 = ORIENTED_EDGE ( 'NONE', *, *, #2167, .T. ) ;
#3373 = DIRECTION ( 'NONE',  ( 0.000000000000000000, 0.000000000000000000, 1.000000000000000000 ) ) ;
#3374 = EDGE_LOOP ( 'NONE', ( #4239, #2456, #2531, #1054 ) ) ;
#3375 = ORIENTED_EDGE ( 'NONE', *, *, #1808, .F. ) ;
#3376 = CYLINDRICAL_SURFACE ( 'NONE', #2993, 1.549999999999968070 ) ;
#3377 = DIRECTION ( 'NONE',  ( -6.938893903907227392E-16, 1.000000000000000000, -0.000000000000000000 ) ) ;
#3378 = VERTEX_POINT ( 'NONE', #3806 ) ;
#3379 = CARTESIAN_POINT ( 'NONE',  ( 33.30000000000011084, -32.05000000000007532, -0.000000000000000000 ) ) ;
#3380 = CARTESIAN_POINT ( 'NONE',  ( 18.70999999999999730, 20.00000000000000000, 6.349999999999999645 ) ) ;
#3381 = ORIENTED_EDGE ( 'NONE', *, *, #5903, .F. ) ;
#3382 = EDGE_CURVE ( 'NONE', #4381, #6117, #490, .T. ) ;
#3383 = EDGE_CURVE ( 'NONE', #4280, #3634, #3337, .T. ) ;
#3384 = LINE ( 'NONE', #6747, #1806 ) ;
#3385 = ORIENTED_EDGE ( 'NONE', *, *, #8139, .T. ) ;
#3386 = LINE ( 'NONE', #3438, #4033 ) ;
#3387 = DIRECTION ( 'NONE',  ( 0.000000000000000000, 0.000000000000000000, 1.000000000000000000 ) ) ;
#3388 = VERTEX_POINT ( 'NONE', #10396 ) ;
#3389 = VERTEX_POINT ( 'NONE', #7167 ) ;
#3390 = DIRECTION ( 'NONE',  ( -1.734723475976806848E-16, 1.000000000000000000, 0.000000000000000000 ) ) ;
#3391 = ORIENTED_EDGE ( 'NONE', *, *, #9518, .F. ) ;
#3392 = EDGE_CURVE ( 'NONE', #2612, #3340, #4536, .T. ) ;
#3393 = EDGE_CURVE ( 'NONE', #4330, #1503, #10575, .T. ) ;
#3394 = DIRECTION ( 'NONE',  ( 0.000000000000000000, 0.000000000000000000, 1.000000000000000000 ) ) ;
#3395 = DIRECTION ( 'NONE',  ( -0.000000000000000000, -0.000000000000000000, -1.000000000000000000 ) ) ;
#3396 = DIRECTION ( 'NONE',  ( 0.000000000000000000, 1.000000000000000000, 0.000000000000000000 ) ) ;
#3397 = PLANE ( 'NONE',  #6269 ) ;
#3398 = VERTEX_POINT ( 'NONE', #2925 ) ;
#3399 = FACE_OUTER_BOUND ( 'NONE', #4886, .T. ) ;
#3400 = ORIENTED_EDGE ( 'NONE', *, *, #1868, .T. ) ;
#3401 = EDGE_LOOP ( 'NONE', ( #9316, #5816, #1286, #1970 ) ) ;
#3402 = DIRECTION ( 'NONE',  ( 0.000000000000000000, 0.000000000000000000, 1.000000000000000000 ) ) ;
#3403 = AXIS2_PLACEMENT_3D ( 'NONE', #6265, #3687, #5384 ) ;
#3404 = ORIENTED_EDGE ( 'NONE', *, *, #10551, .F. ) ;
#3405 = DIRECTION ( 'NONE',  ( -0.000000000000000000, -1.000000000000000000, -0.000000000000000000 ) ) ;
#3406 = CARTESIAN_POINT ( 'NONE',  ( 163.3000000000000682, 32.05000000000005400, 6.349999999999999645 ) ) ;
#3407 = VERTEX_POINT ( 'NONE', #10767 ) ;
#3408 = CIRCLE ( 'NONE', #1625, 1.549999999999995826 ) ;
#3409 = AXIS2_PLACEMENT_3D ( 'NONE', #5438, #7041, #7933 ) ;
#3410 = DIRECTION ( 'NONE',  ( -3.469446951953613696E-16, 1.000000000000000000, 0.000000000000000000 ) ) ;
#3411 = EDGE_CURVE ( 'NONE', #218, #6738, #4844, .T. ) ;
#3412 = ORIENTED_EDGE ( 'NONE', *, *, #1083, .T. ) ;
#3413 = CARTESIAN_POINT ( 'NONE',  ( 213.3000000000000966, -32.05000000000007532, 6.349999999999999645 ) ) ;
#3414 = ORIENTED_EDGE ( 'NONE', *, *, #8830, .T. ) ;
#3415 = CARTESIAN_POINT ( 'NONE',  ( 8.709999999999995524, 20.00000000000000000, 6.349999999999999645 ) ) ;
#3416 = CARTESIAN_POINT ( 'NONE',  ( 51.75000000000000711, -20.00000000000003197, 6.349999999999999645 ) ) ;
#3417 = LINE ( 'NONE', #3533, #8336 ) ;
#3418 = ORIENTED_EDGE ( 'NONE', *, *, #6129, .F. ) ;
#3419 = AXIS2_PLACEMENT_3D ( 'NONE', #9194, #4773, #5650 ) ;
#3420 = CARTESIAN_POINT ( 'NONE',  ( 181.7500000000000000, 20.00000000000000355, 0.000000000000000000 ) ) ;
#3421 = CARTESIAN_POINT ( 'NONE',  ( 193.3000000000000966, -19.99999999999992184, 6.349999999999999645 ) ) ;
#3422 = ADVANCED_FACE ( 'NONE', ( #691 ), #8887, .T. ) ;
#3423 = VECTOR ( 'NONE', #9622, 1000.000000000000000 ) ;
#3424 = CARTESIAN_POINT ( 'NONE',  ( 190.2000000000001023, 32.05000000000005400, 0.000000000000000000 ) ) ;
#3425 = ORIENTED_EDGE ( 'NONE', *, *, #9023, .T. ) ;
#3426 = DIRECTION ( 'NONE',  ( 0.000000000000000000, 0.000000000000000000, 1.000000000000000000 ) ) ;
#3427 = ORIENTED_EDGE ( 'NONE', *, *, #135, .T. ) ;
#3428 = EDGE_LOOP ( 'NONE', ( #6132, #1887, #7756, #6357 ) ) ;
#3429 = CARTESIAN_POINT ( 'NONE',  ( 173.3000000000001535, -72.05000000000008242, 0.000000000000000000 ) ) ;
#3430 = CARTESIAN_POINT ( 'NONE',  ( 103.3000000000001108, -32.05000000000007532, 6.349999999999999645 ) ) ;
#3431 = ORIENTED_EDGE ( 'NONE', *, *, #9903, .T. ) ;
#3432 = CARTESIAN_POINT ( 'NONE',  ( 113.3000000000000824, -19.99999999999992184, 0.000000000000000000 ) ) ;
#3433 = CYLINDRICAL_SURFACE ( 'NONE', #557, 1.549999999999982059 ) ;
#3434 = EDGE_CURVE ( 'NONE', #3634, #8982, #1519, .T. ) ;
#3435 = ORIENTED_EDGE ( 'NONE', *, *, #6057, .T. ) ;
#3436 = LINE ( 'NONE', #2610, #3054 ) ;
#3437 = EDGE_LOOP ( 'NONE', ( #1119, #7162, #7804, #9740 ) ) ;
#3438 = CARTESIAN_POINT ( 'NONE',  ( 50.20000000000012363, -32.05000000000007532, 6.349999999999999645 ) ) ;
#3439 = ADVANCED_FACE ( 'NONE', ( #8997 ), #9819, .T. ) ;
#3440 = EDGE_CURVE ( 'NONE', #8671, #2825, #8111, .T. ) ;
#3441 = DIRECTION ( 'NONE',  ( 1.000000000000000000, 0.000000000000000000, 0.000000000000000000 ) ) ;
#3442 = ORIENTED_EDGE ( 'NONE', *, *, #10336, .F. ) ;
#3443 = ORIENTED_EDGE ( 'NONE', *, *, #5277, .T. ) ;
#3444 = LINE ( 'NONE', #9243, #4037 ) ;
#3445 = VERTEX_POINT ( 'NONE', #10652 ) ;
#3446 = LINE ( 'NONE', #274, #8541 ) ;
#3447 = DIRECTION ( 'NONE',  ( -1.000000000000000000, 0.000000000000000000, 0.000000000000000000 ) ) ;
#3448 = DIRECTION ( 'NONE',  ( -0.000000000000000000, -0.000000000000000000, -1.000000000000000000 ) ) ;
#3449 = VECTOR ( 'NONE', #2312, 1000.000000000000000 ) ;
#3450 = CARTESIAN_POINT ( 'NONE',  ( 241.7500000000001137, -45.40000000000003411, 0.000000000000000000 ) ) ;
#3451 = EDGE_CURVE ( 'NONE', #769, #1713, #9858, .T. ) ;
#3452 = EDGE_CURVE ( 'NONE', #1222, #8861, #6501, .T. ) ;
#3453 = CARTESIAN_POINT ( 'NONE',  ( 301.7500000000000568, -45.39999999999999858, 6.349999999999999645 ) ) ;
#3454 = VERTEX_POINT ( 'NONE', #6392 ) ;
#3455 = DIRECTION ( 'NONE',  ( -0.000000000000000000, -0.000000000000000000, -1.000000000000000000 ) ) ;
#3456 = VECTOR ( 'NONE', #2655, 1000.000000000000000 ) ;
#3457 = EDGE_LOOP ( 'NONE', ( #7400, #259, #7998, #5373 ) ) ;
#3458 = CIRCLE ( 'NONE', #7879, 1.549999999999995826 ) ;
#3459 = CARTESIAN_POINT ( 'NONE',  ( 173.3000000000000682, 72.05000000000005400, 0.000000000000000000 ) ) ;
#3460 = EDGE_LOOP ( 'NONE', ( #6800, #723, #1576, #5564 ) ) ;
#3461 = LINE ( 'NONE', #8817, #6484 ) ;
#3462 = FACE_OUTER_BOUND ( 'NONE', #8904, .T. ) ;
#3463 = DIRECTION ( 'NONE',  ( -0.000000000000000000, -0.000000000000000000, -1.000000000000000000 ) ) ;
#3464 = AXIS2_PLACEMENT_3D ( 'NONE', #4728, #8096, #513 ) ;
#3465 = VECTOR ( 'NONE', #10072, 1000.000000000000000 ) ;
#3466 = CARTESIAN_POINT ( 'NONE',  ( 180.2000000000001023, -19.99999999999992184, 6.349999999999999645 ) ) ;
#3467 = ORIENTED_EDGE ( 'NONE', *, *, #10068, .T. ) ;
#3468 = CIRCLE ( 'NONE', #10348, 1.549999999999982059 ) ;
#3469 = CARTESIAN_POINT ( 'NONE',  ( 283.3000000000000114, 5.399999999999999467, 6.349999999999999645 ) ) ;
#3470 = ORIENTED_EDGE ( 'NONE', *, *, #5707, .T. ) ;
#3471 = CARTESIAN_POINT ( 'NONE',  ( 313.3000000000000114, 5.399999999999999467, 6.349999999999999645 ) ) ;
#3472 = VECTOR ( 'NONE', #9943, 1000.000000000000000 ) ;
#3473 = VECTOR ( 'NONE', #5139, 1000.000000000000000 ) ;
#3474 = CYLINDRICAL_SURFACE ( 'NONE', #7897, 1.549999999999995826 ) ;
#3475 = DIRECTION ( 'NONE',  ( -0.000000000000000000, -0.000000000000000000, -1.000000000000000000 ) ) ;
#3476 = VERTEX_POINT ( 'NONE', #635 ) ;
#3477 = EDGE_CURVE ( 'NONE', #10029, #2396, #5508, .T. ) ;
#3478 = VECTOR ( 'NONE', #4679, 1000.000000000000000 ) ;
#3479 = DIRECTION ( 'NONE',  ( -0.000000000000000000, -0.000000000000000000, -1.000000000000000000 ) ) ;
#3480 = FACE_OUTER_BOUND ( 'NONE', #3956, .T. ) ;
#3481 = VECTOR ( 'NONE', #1771, 1000.000000000000000 ) ;
#3482 = VERTEX_POINT ( 'NONE', #5669 ) ;
#3483 = CARTESIAN_POINT ( 'NONE',  ( 103.3000000000000824, -19.99999999999992184, 0.000000000000000000 ) ) ;
#3484 = VERTEX_POINT ( 'NONE', #475 ) ;
#3485 = VERTEX_POINT ( 'NONE', #3872 ) ;
#3486 = CARTESIAN_POINT ( 'NONE',  ( 101.7500000000000853, 72.05000000000005400, 0.000000000000000000 ) ) ;
#3487 = FACE_OUTER_BOUND ( 'NONE', #3354, .T. ) ;
#3488 = VECTOR ( 'NONE', #2072, 1000.000000000000000 ) ;
#3489 = VERTEX_POINT ( 'NONE', #6555 ) ;
#3490 = DIRECTION ( 'NONE',  ( -3.469446951953620598E-16, 1.000000000000000000, 0.000000000000000000 ) ) ;
#3491 = CARTESIAN_POINT ( 'NONE',  ( 240.2000000000000171, 45.39999999999999858, 6.349999999999999645 ) ) ;
#3492 = VERTEX_POINT ( 'NONE', #5559 ) ;
#3493 = DIRECTION ( 'NONE',  ( 1.000000000000000000, 0.000000000000000000, 0.000000000000000000 ) ) ;
#3494 = EDGE_CURVE ( 'NONE', #8521, #5474, #2452, .T. ) ;
#3495 = VECTOR ( 'NONE', #6176, 1000.000000000000000 ) ;
#3496 = CIRCLE ( 'NONE', #8779, 1.549999999999982059 ) ;
#3497 = VECTOR ( 'NONE', #9, 1000.000000000000000 ) ;
#3498 = CARTESIAN_POINT ( 'NONE',  ( 223.3000000000000966, -32.05000000000007532, 0.000000000000000000 ) ) ;
#3499 = DIRECTION ( 'NONE',  ( 1.000000000000000000, 0.000000000000000000, 0.000000000000000000 ) ) ;
#3500 = ORIENTED_EDGE ( 'NONE', *, *, #8590, .F. ) ;
#3501 = ORIENTED_EDGE ( 'NONE', *, *, #3039, .T. ) ;
#3502 = CIRCLE ( 'NONE', #9671, 1.549999999999995826 ) ;
#3503 = CARTESIAN_POINT ( 'NONE',  ( 171.7500000000001137, -32.05000000000007532, 0.000000000000000000 ) ) ;
#3504 = VECTOR ( 'NONE', #4893, 1000.000000000000000 ) ;
#3505 = ORIENTED_EDGE ( 'NONE', *, *, #6548, .F. ) ;
#3506 = LINE ( 'NONE', #3671, #5187 ) ;
#3507 = EDGE_CURVE ( 'NONE', #706, #7492, #10603, .T. ) ;
#3508 = AXIS2_PLACEMENT_3D ( 'NONE', #10839, #2553, #6576 ) ;
#3509 = CARTESIAN_POINT ( 'NONE',  ( 180.2000000000001023, -19.99999999999992184, 6.349999999999999645 ) ) ;
#3510 = DIRECTION ( 'NONE',  ( 0.000000000000000000, 1.000000000000000000, 0.000000000000000000 ) ) ;
#3511 = ADVANCED_FACE ( 'NONE', ( #2251 ), #9927, .T. ) ;
#3512 = VECTOR ( 'NONE', #9393, 1000.000000000000000 ) ;
#3513 = CARTESIAN_POINT ( 'NONE',  ( 281.7500000000000568, -5.400000000000014566, 6.349999999999999645 ) ) ;
#3514 = VECTOR ( 'NONE', #4491, 1000.000000000000000 ) ;
#3515 = LINE ( 'NONE', #7710, #5045 ) ;
#3516 = ORIENTED_EDGE ( 'NONE', *, *, #1809, .F. ) ;
#3517 = FACE_OUTER_BOUND ( 'NONE', #4531, .T. ) ;
#3518 = EDGE_LOOP ( 'NONE', ( #1705, #3019, #6857, #1822 ) ) ;
#3519 = ORIENTED_EDGE ( 'NONE', *, *, #3735, .F. ) ;
#3520 = VECTOR ( 'NONE', #4430, 1000.000000000000000 ) ;
#3521 = DIRECTION ( 'NONE',  ( 1.000000000000000000, 0.000000000000000000, 0.000000000000000000 ) ) ;
#3522 = DIRECTION ( 'NONE',  ( 1.734723475976806848E-16, -1.000000000000000000, -0.000000000000000000 ) ) ;
#3523 = ORIENTED_EDGE ( 'NONE', *, *, #2821, .T. ) ;
#3524 = EDGE_CURVE ( 'NONE', #4902, #2440, #9099, .T. ) ;
#3525 = EDGE_CURVE ( 'NONE', #10139, #10812, #8940, .T. ) ;
#3526 = EDGE_CURVE ( 'NONE', #10029, #1978, #528, .T. ) ;
#3527 = CARTESIAN_POINT ( 'NONE',  ( 63.30000000000006111, 32.05000000000005400, 6.349999999999999645 ) ) ;
#3528 = ORIENTED_EDGE ( 'NONE', *, *, #1414, .T. ) ;
#3529 = LINE ( 'NONE', #9545, #10518 ) ;
#3530 = ORIENTED_EDGE ( 'NONE', *, *, #225, .F. ) ;
#3531 = CARTESIAN_POINT ( 'NONE',  ( 50.20000000000008100, 72.05000000000005400, 6.349999999999999645 ) ) ;
#3532 = FACE_OUTER_BOUND ( 'NONE', #1510, .T. ) ;
#3533 = CARTESIAN_POINT ( 'NONE',  ( 40.20000000000012363, -32.05000000000007532, 6.349999999999999645 ) ) ;
#3534 = ORIENTED_EDGE ( 'NONE', *, *, #5600, .F. ) ;
#3535 = EDGE_CURVE ( 'NONE', #3812, #8763, #9046, .T. ) ;
#3536 = EDGE_CURVE ( 'NONE', #9259, #9282, #6865, .T. ) ;
#3537 = DIRECTION ( 'NONE',  ( -0.000000000000000000, -0.000000000000000000, -1.000000000000000000 ) ) ;
#3538 = LINE ( 'NONE', #197, #7038 ) ;
#3539 = VERTEX_POINT ( 'NONE', #1464 ) ;
#3540 = LINE ( 'NONE', #4533, #4361 ) ;
#3541 = ORIENTED_EDGE ( 'NONE', *, *, #5378, .F. ) ;
#3542 = EDGE_LOOP ( 'NONE', ( #5502, #3519, #5693, #7657 ) ) ;
#3543 = DIRECTION ( 'NONE',  ( 0.000000000000000000, 0.000000000000000000, -1.000000000000000000 ) ) ;
#3544 = DIRECTION ( 'NONE',  ( 1.000000000000000000, 0.000000000000000000, 0.000000000000000000 ) ) ;
#3545 = ORIENTED_EDGE ( 'NONE', *, *, #5469, .F. ) ;
#3546 = LINE ( 'NONE', #4219, #7350 ) ;
#3547 = CARTESIAN_POINT ( 'NONE',  ( 80.20000000000017337, -72.05000000000008242, 0.000000000000000000 ) ) ;
#3548 = ORIENTED_EDGE ( 'NONE', *, *, #2879, .T. ) ;
#3549 = DIRECTION ( 'NONE',  ( -0.000000000000000000, -0.000000000000000000, -1.000000000000000000 ) ) ;
#3550 = DIRECTION ( 'NONE',  ( 0.000000000000000000, 0.000000000000000000, 1.000000000000000000 ) ) ;
#3551 = EDGE_CURVE ( 'NONE', #5539, #1573, #800, .T. ) ;
#3552 = LINE ( 'NONE', #6912, #4848 ) ;
#3553 = ORIENTED_EDGE ( 'NONE', *, *, #6664, .T. ) ;
#3554 = EDGE_LOOP ( 'NONE', ( #7024, #1273, #4779, #6743 ) ) ;
#3555 = LINE ( 'NONE', #2557, #10914 ) ;
#3556 = FACE_BOUND ( 'NONE', #4843, .T. ) ;
#3557 = ORIENTED_EDGE ( 'NONE', *, *, #7084, .F. ) ;
#3558 = PLANE ( 'NONE',  #4112 ) ;
#3559 = CYLINDRICAL_SURFACE ( 'NONE', #9813, 1.549999999999988942 ) ;
#3560 = DIRECTION ( 'NONE',  ( 1.000000000000000000, 0.000000000000000000, 0.000000000000000000 ) ) ;
#3561 = DIRECTION ( 'NONE',  ( -1.000000000000000000, 0.000000000000000000, 0.000000000000000000 ) ) ;
#3562 = ADVANCED_FACE ( 'NONE', ( #9214 ), #8384, .T. ) ;
#3563 = EDGE_CURVE ( 'NONE', #10450, #2633, #9338, .T. ) ;
#3564 = FACE_OUTER_BOUND ( 'NONE', #7993, .T. ) ;
#3565 = ORIENTED_EDGE ( 'NONE', *, *, #9992, .F. ) ;
#3566 = CARTESIAN_POINT ( 'NONE',  ( 271.7500000000000000, 5.399999999999998579, 6.349999999999999645 ) ) ;
#3567 = ORIENTED_EDGE ( 'NONE', *, *, #10158, .T. ) ;
#3568 = ORIENTED_EDGE ( 'NONE', *, *, #10435, .F. ) ;
#3569 = DIRECTION ( 'NONE',  ( -1.000000000000000000, 0.000000000000000000, 0.000000000000000000 ) ) ;
#3570 = CARTESIAN_POINT ( 'NONE',  ( 183.3000000000000966, -32.05000000000007532, 6.349999999999999645 ) ) ;
#3571 = CARTESIAN_POINT ( 'NONE',  ( 203.3000000000000682, 32.05000000000005400, 6.349999999999999645 ) ) ;
#3572 = DIRECTION ( 'NONE',  ( 0.000000000000000000, 0.000000000000000000, 1.000000000000000000 ) ) ;
#3573 = EDGE_CURVE ( 'NONE', #4083, #1845, #865, .T. ) ;
#3574 = EDGE_CURVE ( 'NONE', #8177, #5915, #4959, .T. ) ;
#3575 = ORIENTED_EDGE ( 'NONE', *, *, #4195, .F. ) ;
#3576 = CARTESIAN_POINT ( 'NONE',  ( 342.4714292284635349, 50.80000000000001137, 0.000000000000000000 ) ) ;
#3577 = VERTEX_POINT ( 'NONE', #7669 ) ;
#3578 = CARTESIAN_POINT ( 'NONE',  ( 93.30000000000008242, -19.99999999999992184, 0.000000000000000000 ) ) ;
#3579 = CARTESIAN_POINT ( 'NONE',  ( 170.2000000000001592, -72.05000000000008242, 6.349999999999999645 ) ) ;
#3580 = CARTESIAN_POINT ( 'NONE',  ( 33.30000000000008242, -19.99999999999992184, 0.000000000000000000 ) ) ;
#3581 = ORIENTED_EDGE ( 'NONE', *, *, #5199, .T. ) ;
#3582 = VECTOR ( 'NONE', #10318, 1000.000000000000000 ) ;
#3583 = VECTOR ( 'NONE', #5148, 1000.000000000000000 ) ;
#3584 = CARTESIAN_POINT ( 'NONE',  ( 18.71000000000000441, -20.00000000000000000, 0.000000000000000000 ) ) ;
#3585 = CARTESIAN_POINT ( 'NONE',  ( 0.000000000000000000, -57.15000000000000568, 6.349999999999999645 ) ) ;
#3586 = EDGE_CURVE ( 'NONE', #8196, #741, #26, .T. ) ;
#3587 = EDGE_CURVE ( 'NONE', #4805, #6183, #6483, .T. ) ;
#3588 = ORIENTED_EDGE ( 'NONE', *, *, #2024, .T. ) ;
#3589 = VECTOR ( 'NONE', #2977, 1000.000000000000000 ) ;
#3590 = CARTESIAN_POINT ( 'NONE',  ( 200.2000000000001023, 20.00000000000000355, 6.349999999999999645 ) ) ;
#3591 = ORIENTED_EDGE ( 'NONE', *, *, #5262, .F. ) ;
#3592 = ORIENTED_EDGE ( 'NONE', *, *, #4964, .T. ) ;
#3593 = CARTESIAN_POINT ( 'NONE',  ( 263.3000000000000114, -5.400000000000027001, 6.349999999999999645 ) ) ;
#3594 = CIRCLE ( 'NONE', #4813, 1.549999999999995826 ) ;
#3595 = CARTESIAN_POINT ( 'NONE',  ( 241.7500000000001137, -45.40000000000003411, 6.349999999999999645 ) ) ;
#3596 = ORIENTED_EDGE ( 'NONE', *, *, #7279, .T. ) ;
#3597 = DIRECTION ( 'NONE',  ( -1.000000000000000000, 0.000000000000000000, 0.000000000000000000 ) ) ;
#3598 = CARTESIAN_POINT ( 'NONE',  ( 101.7500000000000853, 72.05000000000005400, 6.349999999999999645 ) ) ;
#3599 = ORIENTED_EDGE ( 'NONE', *, *, #3706, .T. ) ;
#3600 = CARTESIAN_POINT ( 'NONE',  ( 53.30000000000013927, -72.05000000000008242, 6.349999999999999645 ) ) ;
#3601 = EDGE_CURVE ( 'NONE', #7489, #6152, #1632, .T. ) ;
#3602 = VECTOR ( 'NONE', #8865, 1000.000000000000000 ) ;
#3603 = AXIS2_PLACEMENT_3D ( 'NONE', #2626, #776, #5213 ) ;
#3604 = LINE ( 'NONE', #1100, #1735 ) ;
#3605 = DIRECTION ( 'NONE',  ( -1.000000000000000000, -3.469446951953613696E-16, 0.000000000000000000 ) ) ;
#3606 = ORIENTED_EDGE ( 'NONE', *, *, #2850, .F. ) ;
#3607 = ORIENTED_EDGE ( 'NONE', *, *, #10189, .T. ) ;
#3608 = CYLINDRICAL_SURFACE ( 'NONE', #6055, 1.549999999999995826 ) ;
#3609 = FACE_BOUND ( 'NONE', #4494, .T. ) ;
#3610 = ORIENTED_EDGE ( 'NONE', *, *, #5494, .T. ) ;
#3611 = ORIENTED_EDGE ( 'NONE', *, *, #7435, .T. ) ;
#3612 = CARTESIAN_POINT ( 'NONE',  ( 93.30000000000008242, -19.99999999999992184, 6.349999999999999645 ) ) ;
#3613 = VECTOR ( 'NONE', #6627, 1000.000000000000000 ) ;
#3614 = CARTESIAN_POINT ( 'NONE',  ( 30.20000000000012719, -32.05000000000007532, 6.349999999999999645 ) ) ;
#3615 = DIRECTION ( 'NONE',  ( -0.000000000000000000, -0.000000000000000000, -1.000000000000000000 ) ) ;
#3616 = EDGE_CURVE ( 'NONE', #7339, #4973, #7366, .T. ) ;
#3617 = DIRECTION ( 'NONE',  ( -0.000000000000000000, -0.000000000000000000, -1.000000000000000000 ) ) ;
#3618 = DIRECTION ( 'NONE',  ( 0.000000000000000000, 0.000000000000000000, 1.000000000000000000 ) ) ;
#3619 = VERTEX_POINT ( 'NONE', #9380 ) ;
#3620 = FACE_OUTER_BOUND ( 'NONE', #9751, .T. ) ;
#3621 = ORIENTED_EDGE ( 'NONE', *, *, #7321, .T. ) ;
#3622 = CYLINDRICAL_SURFACE ( 'NONE', #10525, 1.549999999999995826 ) ;
#3623 = DIRECTION ( 'NONE',  ( 1.000000000000000000, 1.040834085586084059E-15, -0.000000000000000000 ) ) ;
#3624 = DIRECTION ( 'NONE',  ( 1.000000000000000000, 0.000000000000000000, 0.000000000000000000 ) ) ;
#3625 = EDGE_CURVE ( 'NONE', #3030, #6748, #8327, .T. ) ;
#3626 = DIRECTION ( 'NONE',  ( -0.000000000000000000, -0.000000000000000000, -1.000000000000000000 ) ) ;
#3627 = ADVANCED_FACE ( 'NONE', ( #911 ), #1802, .F. ) ;
#3628 = EDGE_LOOP ( 'NONE', ( #3047, #377, #5725, #110 ) ) ;
#3629 = CARTESIAN_POINT ( 'NONE',  ( 221.8214292284634439, -82.54999999999998295, 6.349999999999999645 ) ) ;
#3630 = EDGE_LOOP ( 'NONE', ( #4324, #241, #5344, #985 ) ) ;
#3631 = DIRECTION ( 'NONE',  ( -0.000000000000000000, -0.000000000000000000, -1.000000000000000000 ) ) ;
#3632 = LINE ( 'NONE', #405, #3316 ) ;
#3633 = CARTESIAN_POINT ( 'NONE',  ( 153.3000000000000966, -19.99999999999992184, 6.349999999999999645 ) ) ;
#3634 = VERTEX_POINT ( 'NONE', #743 ) ;
#3635 = AXIS2_PLACEMENT_3D ( 'NONE', #617, #2395, #4181 ) ;
#3636 = AXIS2_PLACEMENT_3D ( 'NONE', #10028, #4286, #2564 ) ;
#3637 = ADVANCED_FACE ( 'NONE', ( #4359 ), #4254, .T. ) ;
#3638 = EDGE_CURVE ( 'NONE', #2759, #9879, #10873, .T. ) ;
#3639 = ADVANCED_FACE ( 'NONE', ( #7726 ), #10098, .T. ) ;
#3640 = DIRECTION ( 'NONE',  ( -1.040834085586084059E-15, 1.000000000000000000, 0.000000000000000000 ) ) ;
#3641 = AXIS2_PLACEMENT_3D ( 'NONE', #5540, #608, #9856 ) ;
#3643 = DIRECTION ( 'NONE',  ( -0.000000000000000000, -0.000000000000000000, -1.000000000000000000 ) ) ;
#3642 = CIRCLE ( 'NONE', #10160, 1.549999999999995826 ) ;
#3644 = EDGE_LOOP ( 'NONE', ( #152, #1636, #10229, #1252 ) ) ;
#3645 = CIRCLE ( 'NONE', #1692, 1.549999999999995826 ) ;
#3646 = LINE ( 'NONE', #5303, #3090 ) ;
#3647 = ORIENTED_EDGE ( 'NONE', *, *, #9122, .T. ) ;
#3648 = ORIENTED_EDGE ( 'NONE', *, *, #6893, .F. ) ;
#3649 = CARTESIAN_POINT ( 'NONE',  ( 80.20000000000008811, 32.05000000000005400, 0.000000000000000000 ) ) ;
#3650 = CARTESIAN_POINT ( 'NONE',  ( 83.30000000000011084, -32.05000000000007532, -0.000000000000000000 ) ) ;
#3651 = LINE ( 'NONE', #2990, #5950 ) ;
#3652 = FACE_OUTER_BOUND ( 'NONE', #6730, .T. ) ;
#3653 = ORIENTED_EDGE ( 'NONE', *, *, #7395, .F. ) ;
#3654 = VECTOR ( 'NONE', #3283, 1000.000000000000000 ) ;
#3655 = EDGE_CURVE ( 'NONE', #10241, #8956, #8447, .T. ) ;
#3656 = VECTOR ( 'NONE', #8793, 1000.000000000000000 ) ;
#3657 = ADVANCED_FACE ( 'NONE', ( #5898 ), #5957, .T. ) ;
#3658 = ADVANCED_FACE ( 'NONE', ( #9330 ), #5128, .F. ) ;
#3659 = VECTOR ( 'NONE', #1250, 1000.000000000000000 ) ;
#3660 = DIRECTION ( 'NONE',  ( -0.000000000000000000, -0.000000000000000000, -1.000000000000000000 ) ) ;
#3661 = VECTOR ( 'NONE', #10932, 1000.000000000000000 ) ;
#3662 = CARTESIAN_POINT ( 'NONE',  ( 50.20000000000012363, -32.05000000000007532, 6.349999999999999645 ) ) ;
#3663 = VERTEX_POINT ( 'NONE', #2021 ) ;
#3664 = ORIENTED_EDGE ( 'NONE', *, *, #1083, .F. ) ;
#3665 = PLANE ( 'NONE',  #7377 ) ;
#3666 = AXIS2_PLACEMENT_3D ( 'NONE', #8105, #4787, #1242 ) ;
#3667 = FACE_BOUND ( 'NONE', #159, .T. ) ;
#3668 = ORIENTED_EDGE ( 'NONE', *, *, #7067, .T. ) ;
#3669 = VERTEX_POINT ( 'NONE', #10480 ) ;
#3670 = CARTESIAN_POINT ( 'NONE',  ( 290.1999999999999886, -5.400000000000007461, 6.349999999999999645 ) ) ;
#3671 = CARTESIAN_POINT ( 'NONE',  ( 200.2000000000001592, -72.05000000000008242, 6.349999999999999645 ) ) ;
#3672 = AXIS2_PLACEMENT_3D ( 'NONE', #5899, #9270, #4305 ) ;
#3673 = FACE_OUTER_BOUND ( 'NONE', #5954, .T. ) ;
#3674 = ADVANCED_FACE ( 'NONE', ( #8605 ), #5341, .T. ) ;
#3675 = AXIS2_PLACEMENT_3D ( 'NONE', #10135, #9195, #4237 ) ;
#3676 = EDGE_CURVE ( 'NONE', #5594, #3124, #6689, .T. ) ;
#3677 = VECTOR ( 'NONE', #9752, 1000.000000000000000 ) ;
#3678 = DIRECTION ( 'NONE',  ( 0.000000000000000000, 0.000000000000000000, 1.000000000000000000 ) ) ;
#3679 = VECTOR ( 'NONE', #6718, 1000.000000000000000 ) ;
#3680 = CARTESIAN_POINT ( 'NONE',  ( 83.30000000000015348, -72.05000000000008242, 6.349999999999999645 ) ) ;
#3681 = EDGE_LOOP ( 'NONE', ( #441, #3286, #7250, #10894 ) ) ;
#3682 = CARTESIAN_POINT ( 'NONE',  ( 191.7500000000001421, -72.05000000000008242, 0.000000000000000000 ) ) ;
#3683 = EDGE_CURVE ( 'NONE', #2861, #5055, #1971, .T. ) ;
#3684 = VECTOR ( 'NONE', #5326, 1000.000000000000000 ) ;
#3685 = ORIENTED_EDGE ( 'NONE', *, *, #7589, .T. ) ;
#3686 = PLANE ( 'NONE',  #7160 ) ;
#3687 = DIRECTION ( 'NONE',  ( -0.000000000000000000, -0.000000000000000000, -1.000000000000000000 ) ) ;
#3688 = PLANE ( 'NONE',  #1759 ) ;
#3689 = VECTOR ( 'NONE', #1889, 1000.000000000000000 ) ;
#3690 = CIRCLE ( 'NONE', #9854, 1.549999999999995826 ) ;
#3691 = DIRECTION ( 'NONE',  ( -0.000000000000000000, -0.000000000000000000, -1.000000000000000000 ) ) ;
#3692 = VECTOR ( 'NONE', #7061, 1000.000000000000000 ) ;
#3693 = ORIENTED_EDGE ( 'NONE', *, *, #4642, .T. ) ;
#3694 = EDGE_CURVE ( 'NONE', #3124, #2513, #2913, .T. ) ;
#3695 = CARTESIAN_POINT ( 'NONE',  ( 100.2000000000000881, 32.05000000000005400, 6.349999999999999645 ) ) ;
#3696 = ORIENTED_EDGE ( 'NONE', *, *, #788, .F. ) ;
#3697 = DIRECTION ( 'NONE',  ( -0.000000000000000000, -0.000000000000000000, -1.000000000000000000 ) ) ;
#3698 = AXIS2_PLACEMENT_3D ( 'NONE', #10388, #7675, #6126 ) ;
#3699 = CARTESIAN_POINT ( 'NONE',  ( 110.2000000000000739, 72.05000000000005400, 0.000000000000000000 ) ) ;
#3700 = LINE ( 'NONE', #2866, #10121 ) ;
#3701 = EDGE_LOOP ( 'NONE', ( #1830, #4391, #5547, #1751 ) ) ;
#3702 = FACE_OUTER_BOUND ( 'NONE', #1647, .T. ) ;
#3703 = CARTESIAN_POINT ( 'NONE',  ( 90.20000000000008811, 32.05000000000005400, 6.349999999999999645 ) ) ;
#3704 = VERTEX_POINT ( 'NONE', #7943 ) ;
#3705 = EDGE_CURVE ( 'NONE', #3485, #1741, #8767, .T. ) ;
#3706 = EDGE_CURVE ( 'NONE', #1422, #5144, #4519, .T. ) ;
#3707 = DIRECTION ( 'NONE',  ( 1.000000000000000000, 0.000000000000000000, 0.000000000000000000 ) ) ;
#3708 = EDGE_LOOP ( 'NONE', ( #5195, #10901, #7054, #9888 ) ) ;
#3709 = EDGE_LOOP ( 'NONE', ( #10483, #7917, #6880, #7480 ) ) ;
#3710 = CARTESIAN_POINT ( 'NONE',  ( 240.2000000000000171, 45.39999999999999858, 0.000000000000000000 ) ) ;
#3711 = CARTESIAN_POINT ( 'NONE',  ( 80.20000000000010232, -19.99999999999992184, 0.000000000000000000 ) ) ;
#3712 = FACE_BOUND ( 'NONE', #5420, .T. ) ;
#3713 = ORIENTED_EDGE ( 'NONE', *, *, #4365, .F. ) ;
#3714 = FACE_OUTER_BOUND ( 'NONE', #3752, .T. ) ;
#3715 = FACE_OUTER_BOUND ( 'NONE', #3197, .T. ) ;
#3716 = DIRECTION ( 'NONE',  ( 0.000000000000000000, 0.000000000000000000, 1.000000000000000000 ) ) ;
#3717 = ORIENTED_EDGE ( 'NONE', *, *, #9793, .T. ) ;
#3718 = ORIENTED_EDGE ( 'NONE', *, *, #10596, .F. ) ;
#3719 = CARTESIAN_POINT ( 'NONE',  ( 61.75000000000012079, -32.05000000000007532, 6.349999999999999645 ) ) ;
#3720 = EDGE_CURVE ( 'NONE', #10842, #4522, #2692, .T. ) ;
#3721 = ADVANCED_FACE ( 'NONE', ( #6061 ), #1132, .T. ) ;
#3722 = FACE_BOUND ( 'NONE', #9398, .T. ) ;
#3723 = VERTEX_POINT ( 'NONE', #10316 ) ;
#3724 = ORIENTED_EDGE ( 'NONE', *, *, #4670, .F. ) ;
#3725 = CARTESIAN_POINT ( 'NONE',  ( 221.8214292284634439, -82.54999999999998295, 0.000000000000000000 ) ) ;
#3726 = DIRECTION ( 'NONE',  ( -1.000000000000000000, 0.000000000000000000, 0.000000000000000000 ) ) ;
#3727 = CARTESIAN_POINT ( 'NONE',  ( 260.2000000000000455, -5.400000000000027889, 6.349999999999999645 ) ) ;
#3728 = SHAPE_DEFINITION_REPRESENTATION ( #10707, #6192 ) ;
#3729 = CARTESIAN_POINT ( 'NONE',  ( 230.2000000000001023, -45.40000000000004832, 6.349999999999999645 ) ) ;
#3730 = VECTOR ( 'NONE', #3463, 1000.000000000000000 ) ;
#3731 = DIRECTION ( 'NONE',  ( -1.000000000000000000, 0.000000000000000000, 0.000000000000000000 ) ) ;
#3732 = ORIENTED_EDGE ( 'NONE', *, *, #3114, .T. ) ;
#3733 = CARTESIAN_POINT ( 'NONE',  ( 151.7500000000000000, -20.00000000000003197, 6.349999999999999645 ) ) ;
#3734 = EDGE_CURVE ( 'NONE', #2948, #9111, #5433, .T. ) ;
#3735 = EDGE_CURVE ( 'NONE', #4348, #8174, #4578, .T. ) ;
#3736 = ORIENTED_EDGE ( 'NONE', *, *, #6413, .F. ) ;
#3737 = LINE ( 'NONE', #9479, #1188 ) ;
#3738 = DIRECTION ( 'NONE',  ( -0.000000000000000000, -0.000000000000000000, -1.000000000000000000 ) ) ;
#3739 = LINE ( 'NONE', #4619, #6767 ) ;
#3740 = CARTESIAN_POINT ( 'NONE',  ( 181.7500000000000853, 72.05000000000005400, 6.349999999999999645 ) ) ;
#3741 = ORIENTED_EDGE ( 'NONE', *, *, #4691, .T. ) ;
#3742 = CYLINDRICAL_SURFACE ( 'NONE', #3464, 1.549999999999995826 ) ;
#3743 = ORIENTED_EDGE ( 'NONE', *, *, #10104, .T. ) ;
#3744 = CARTESIAN_POINT ( 'NONE',  ( 190.2000000000001023, -19.99999999999992184, 6.349999999999999645 ) ) ;
#3745 = CARTESIAN_POINT ( 'NONE',  ( 210.2000000000001023, 32.05000000000005400, 0.000000000000000000 ) ) ;
#3746 = CYLINDRICAL_SURFACE ( 'NONE', #5880, 1.549999999999995826 ) ;
#3747 = ORIENTED_EDGE ( 'NONE', *, *, #8208, .T. ) ;
#3748 = EDGE_CURVE ( 'NONE', #250, #9353, #5776, .T. ) ;
#3749 = CARTESIAN_POINT ( 'NONE',  ( 293.3000000000000114, 5.399999999999999467, 6.349999999999999645 ) ) ;
#3750 = ORIENTED_EDGE ( 'NONE', *, *, #8515, .F. ) ;
#3751 = DIRECTION ( 'NONE',  ( -0.000000000000000000, -0.000000000000000000, -1.000000000000000000 ) ) ;
#3752 = EDGE_LOOP ( 'NONE', ( #10176, #4622, #1218, #43 ) ) ;
#3753 = ORIENTED_EDGE ( 'NONE', *, *, #8284, .T. ) ;
#3754 = FACE_OUTER_BOUND ( 'NONE', #4548, .T. ) ;
#3755 = DIRECTION ( 'NONE',  ( -0.000000000000000000, -0.000000000000000000, -1.000000000000000000 ) ) ;
#3756 = FACE_BOUND ( 'NONE', #8602, .T. ) ;
#3757 = EDGE_LOOP ( 'NONE', ( #7844, #5461, #492, #10128 ) ) ;
#3758 = CARTESIAN_POINT ( 'NONE',  ( 113.3000000000000682, 32.05000000000005400, 0.000000000000000000 ) ) ;
#3759 = EDGE_CURVE ( 'NONE', #5632, #7075, #1922, .T. ) ;
#3760 = CARTESIAN_POINT ( 'NONE',  ( 173.3000000000000682, 72.05000000000005400, 6.349999999999999645 ) ) ;
#3761 = CIRCLE ( 'NONE', #2880, 6.000000000000005329 ) ;
#3762 = VECTOR ( 'NONE', #10844, 1000.000000000000000 ) ;
#3763 = LINE ( 'NONE', #9886, #8972 ) ;
#3764 = ADVANCED_FACE ( 'NONE', ( #8824 ), #7990, .F. ) ;
#3765 = CARTESIAN_POINT ( 'NONE',  ( 151.7500000000001421, -32.05000000000007532, 6.349999999999999645 ) ) ;
#3766 = EDGE_LOOP ( 'NONE', ( #2988, #10682, #9505, #1410 ) ) ;
#3767 = ORIENTED_EDGE ( 'NONE', *, *, #7436, .F. ) ;
#3768 = LINE ( 'NONE', #7123, #5444 ) ;
#3769 = FACE_BOUND ( 'NONE', #6227, .T. ) ;
#3770 = EDGE_LOOP ( 'NONE', ( #320, #9889, #9748, #5981 ) ) ;
#3771 = ORIENTED_EDGE ( 'NONE', *, *, #616, .T. ) ;
#3772 = DIRECTION ( 'NONE',  ( -1.387778780781445676E-15, 1.000000000000000000, 0.000000000000000000 ) ) ;
#3773 = PLANE ( 'NONE',  #6070 ) ;
#3774 = EDGE_LOOP ( 'NONE', ( #4958, #6769, #5414, #2631 ) ) ;
#3775 = CARTESIAN_POINT ( 'NONE',  ( 180.2000000000001023, 32.05000000000005400, 6.349999999999999645 ) ) ;
#3776 = AXIS2_PLACEMENT_3D ( 'NONE', #9036, #2465, #6599 ) ;
#3777 = CIRCLE ( 'NONE', #9937, 1.549999999999995826 ) ;
#3778 = ORIENTED_EDGE ( 'NONE', *, *, #6755, .F. ) ;
#3779 = EDGE_CURVE ( 'NONE', #4031, #1408, #2964, .T. ) ;
#3780 = EDGE_CURVE ( 'NONE', #3485, #7071, #1078, .T. ) ;
#3781 = DIRECTION ( 'NONE',  ( -0.000000000000000000, -0.000000000000000000, -1.000000000000000000 ) ) ;
#3782 = DIRECTION ( 'NONE',  ( 0.000000000000000000, 1.000000000000000000, 0.000000000000000000 ) ) ;
#3783 = VERTEX_POINT ( 'NONE', #2815 ) ;
#3785 = VECTOR ( 'NONE', #7376, 1000.000000000000000 ) ;
#3784 = CARTESIAN_POINT ( 'NONE',  ( 50.20000000000009521, 32.05000000000005400, 6.349999999999999645 ) ) ;
#3786 = EDGE_LOOP ( 'NONE', ( #8264, #8145, #6234, #9615 ) ) ;
#3787 = FACE_OUTER_BOUND ( 'NONE', #10394, .T. ) ;
#3788 = CYLINDRICAL_SURFACE ( 'NONE', #10648, 1.549999999999982059 ) ;
#3789 = FACE_OUTER_BOUND ( 'NONE', #188, .T. ) ;
#3790 = EDGE_CURVE ( 'NONE', #8134, #4330, #1856, .T. ) ;
#3791 = ADVANCED_FACE ( 'NONE', ( #9547 ), #299, .T. ) ;
#3792 = CARTESIAN_POINT ( 'NONE',  ( 243.3000000000000114, 5.399999999999999467, 0.000000000000000000 ) ) ;
#3793 = ORIENTED_EDGE ( 'NONE', *, *, #5948, .F. ) ;
#3794 = DIRECTION ( 'NONE',  ( 1.734723475976806848E-16, -1.000000000000000000, 0.000000000000000000 ) ) ;
#3795 = VERTEX_POINT ( 'NONE', #7216 ) ;
#3796 = DIRECTION ( 'NONE',  ( -0.000000000000000000, -0.000000000000000000, -1.000000000000000000 ) ) ;
#3797 = DIRECTION ( 'NONE',  ( 6.938893903907227392E-16, -1.000000000000000000, 0.000000000000000000 ) ) ;
#3798 = DIRECTION ( 'NONE',  ( 0.000000000000000000, 0.000000000000000000, 1.000000000000000000 ) ) ;
#3799 = ORIENTED_EDGE ( 'NONE', *, *, #5946, .T. ) ;
#3800 = AXIS2_PLACEMENT_3D ( 'NONE', #10342, #7853, #2778 ) ;
#3801 = CARTESIAN_POINT ( 'NONE',  ( 30.20000000000012719, -32.05000000000007532, 0.000000000000000000 ) ) ;
#3802 = ORIENTED_EDGE ( 'NONE', *, *, #3365, .F. ) ;
#3803 = CARTESIAN_POINT ( 'NONE',  ( 260.1999999999999886, 5.399999999999998579, 6.349999999999999645 ) ) ;
#3804 = EDGE_LOOP ( 'NONE', ( #1676, #53, #9241, #1241 ) ) ;
#3805 = VERTEX_POINT ( 'NONE', #3856 ) ;
#3806 = CARTESIAN_POINT ( 'NONE',  ( 326.5714292284635576, -20.00000000000000355, 6.349999999999999645 ) ) ;
#3807 = CIRCLE ( 'NONE', #5729, 1.549999999999995826 ) ;
#3808 = AXIS2_PLACEMENT_3D ( 'NONE', #5436, #1118, #10418 ) ;
#3809 = EDGE_CURVE ( 'NONE', #6444, #6175, #7313, .T. ) ;
#3810 = CARTESIAN_POINT ( 'NONE',  ( 233.3000000000000114, 5.399999999999999467, 6.349999999999999645 ) ) ;
#3811 = FACE_BOUND ( 'NONE', #4276, .T. ) ;
#3812 = VERTEX_POINT ( 'NONE', #8199 ) ;
#3813 = DIRECTION ( 'NONE',  ( 3.469446951953613696E-16, -1.000000000000000000, 0.000000000000000000 ) ) ;
#3814 = VECTOR ( 'NONE', #7884, 1000.000000000000000 ) ;
#3815 = CARTESIAN_POINT ( 'NONE',  ( 181.7500000000001705, -72.05000000000008242, 6.349999999999999645 ) ) ;
#3816 = AXIS2_PLACEMENT_3D ( 'NONE', #1213, #6197, #2722 ) ;
#3817 = CARTESIAN_POINT ( 'NONE',  ( 91.75000000000008527, 72.05000000000005400, 6.349999999999999645 ) ) ;
#3818 = FACE_OUTER_BOUND ( 'NONE', #6005, .T. ) ;
#3819 = ORIENTED_EDGE ( 'NONE', *, *, #8426, .F. ) ;
#3820 = ORIENTED_EDGE ( 'NONE', *, *, #5849, .T. ) ;
#3821 = DIRECTION ( 'NONE',  ( -6.938893903907227392E-16, 1.000000000000000000, -0.000000000000000000 ) ) ;
#3822 = ADVANCED_FACE ( 'NONE', ( #9804 ), #5548, .F. ) ;
#3823 = PLANE ( 'NONE',  #2040 ) ;
#3824 = AXIS2_PLACEMENT_3D ( 'NONE', #2168, #1280, #8915 ) ;
#3825 = ORIENTED_EDGE ( 'NONE', *, *, #5878, .T. ) ;
#3826 = CARTESIAN_POINT ( 'NONE',  ( 43.30000000000008242, -19.99999999999992184, 6.349999999999999645 ) ) ;
#3827 = DIRECTION ( 'NONE',  ( 6.938893903907227392E-16, -1.000000000000000000, 0.000000000000000000 ) ) ;
#3828 = EDGE_LOOP ( 'NONE', ( #8109, #9501, #6746, #9957 ) ) ;
#3829 = VECTOR ( 'NONE', #9672, 1000.000000000000000 ) ;
#3830 = CIRCLE ( 'NONE', #451, 1.549999999999988942 ) ;
#3831 = CARTESIAN_POINT ( 'NONE',  ( 53.30000000000008242, -19.99999999999992184, 6.349999999999999645 ) ) ;
#3832 = VECTOR ( 'NONE', #1381, 1000.000000000000000 ) ;
#3833 = ORIENTED_EDGE ( 'NONE', *, *, #9354, .F. ) ;
#3834 = AXIS2_PLACEMENT_3D ( 'NONE', #869, #8452, #2533 ) ;
#3835 = CIRCLE ( 'NONE', #6471, 1.549999999999988942 ) ;
#3836 = CARTESIAN_POINT ( 'NONE',  ( 160.2000000000001592, -72.05000000000008242, 0.000000000000000000 ) ) ;
#3837 = DIRECTION ( 'NONE',  ( 6.938893903907227392E-16, -1.000000000000000000, 0.000000000000000000 ) ) ;
#3838 = ORIENTED_EDGE ( 'NONE', *, *, #5199, .F. ) ;
#3839 = CARTESIAN_POINT ( 'NONE',  ( 300.2000000000000455, -5.400000000000000355, 0.000000000000000000 ) ) ;
#3840 = AXIS2_PLACEMENT_3D ( 'NONE', #8114, #529, #7272 ) ;
#3841 = ADVANCED_FACE ( 'NONE', ( #5657 ), #4832, .F. ) ;
#3842 = ORIENTED_EDGE ( 'NONE', *, *, #4512, .F. ) ;
#3843 = VECTOR ( 'NONE', #7985, 1000.000000000000000 ) ;
#3844 = PLANE ( 'NONE',  #7704 ) ;
#3845 = PLANE ( 'NONE',  #4489 ) ;
#3846 = CARTESIAN_POINT ( 'NONE',  ( 283.3000000000000114, 5.399999999999999467, 6.349999999999999645 ) ) ;
#3847 = AXIS2_PLACEMENT_3D ( 'NONE', #7375, #2974, #6494 ) ;
#3848 = AXIS2_PLACEMENT_3D ( 'NONE', #2976, #2914, #3797 ) ;
#3849 = CARTESIAN_POINT ( 'NONE',  ( 251.7500000000000853, -5.400000000000034994, 6.349999999999999645 ) ) ;
#3850 = AXIS2_PLACEMENT_3D ( 'NONE', #6256, #2005, #7929 ) ;
#3851 = EDGE_CURVE ( 'NONE', #5127, #1067, #7151, .T. ) ;
#3852 = VERTEX_POINT ( 'NONE', #10533 ) ;
#3853 = DIRECTION ( 'NONE',  ( 0.000000000000000000, 0.000000000000000000, 1.000000000000000000 ) ) ;
#3854 = ORIENTED_EDGE ( 'NONE', *, *, #7130, .F. ) ;
#3856 = CARTESIAN_POINT ( 'NONE',  ( 0.000000000000000000, -57.15000000000000568, 6.349999999999999645 ) ) ;
#3855 = CIRCLE ( 'NONE', #8256, 1.549999999999995826 ) ;
#3857 = EDGE_CURVE ( 'NONE', #6950, #6830, #7190, .T. ) ;
#3858 = EDGE_CURVE ( 'NONE', #3577, #4, #9914, .T. ) ;
#3859 = VECTOR ( 'NONE', #10451, 1000.000000000000000 ) ;
#3860 = EDGE_CURVE ( 'NONE', #4381, #3852, #1400, .T. ) ;
#3861 = CARTESIAN_POINT ( 'NONE',  ( 91.75000000000008527, 32.05000000000005400, 6.349999999999999645 ) ) ;
#3862 = DIRECTION ( 'NONE',  ( 1.000000000000000000, 0.000000000000000000, 0.000000000000000000 ) ) ;
#3863 = ORIENTED_EDGE ( 'NONE', *, *, #7321, .F. ) ;
#3864 = VECTOR ( 'NONE', #3781, 1000.000000000000000 ) ;
#3865 = CIRCLE ( 'NONE', #1370, 1.549999999999988942 ) ;
#3866 = DIRECTION ( 'NONE',  ( -6.938893903907241197E-16, 1.000000000000000000, 0.000000000000000000 ) ) ;
#3867 = ORIENTED_EDGE ( 'NONE', *, *, #8714, .T. ) ;
#3868 = AXIS2_PLACEMENT_3D ( 'NONE', #5851, #1701, #9221 ) ;
#3869 = LINE ( 'NONE', #10600, #9975 ) ;
#3870 = VERTEX_POINT ( 'NONE', #9033 ) ;
#3871 = ORIENTED_EDGE ( 'NONE', *, *, #8701, .F. ) ;
#3872 = CARTESIAN_POINT ( 'NONE',  ( 183.3000000000001535, -72.05000000000008242, 6.349999999999999645 ) ) ;
#3873 = EDGE_CURVE ( 'NONE', #8296, #218, #2293, .T. ) ;
#3874 = EDGE_CURVE ( 'NONE', #1536, #6938, #5258, .T. ) ;
#3875 = PLANE ( 'NONE',  #9659 ) ;
#3876 = DIRECTION ( 'NONE',  ( 1.387778780781445478E-15, -1.000000000000000000, 0.000000000000000000 ) ) ;
#3877 = ORIENTED_EDGE ( 'NONE', *, *, #3924, .T. ) ;
#3878 = VECTOR ( 'NONE', #1412, 1000.000000000000000 ) ;
#3879 = CARTESIAN_POINT ( 'NONE',  ( 91.75000000000017053, -72.05000000000008242, 0.000000000000000000 ) ) ;
#3880 = FACE_OUTER_BOUND ( 'NONE', #10378, .T. ) ;
#3881 = DIRECTION ( 'NONE',  ( -6.938893903907241197E-16, 1.000000000000000000, 0.000000000000000000 ) ) ;
#3882 = CARTESIAN_POINT ( 'NONE',  ( 41.75000000000016342, -72.05000000000008242, 6.349999999999999645 ) ) ;
#3883 = ORIENTED_EDGE ( 'NONE', *, *, #1391, .T. ) ;
#3884 = EDGE_LOOP ( 'NONE', ( #6726, #3271, #3268, #372 ) ) ;
#3885 = LINE ( 'NONE', #10615, #1731 ) ;
#3886 = DIRECTION ( 'NONE',  ( 1.000000000000000000, 0.000000000000000000, 0.000000000000000000 ) ) ;
#3887 = VERTEX_POINT ( 'NONE', #3183 ) ;
#3888 = CARTESIAN_POINT ( 'NONE',  ( 51.75000000000000711, 20.00000000000000355, 6.349999999999999645 ) ) ;
#3889 = CARTESIAN_POINT ( 'NONE',  ( 260.1999999999999886, 5.399999999999998579, 0.000000000000000000 ) ) ;
#3890 = ORIENTED_EDGE ( 'NONE', *, *, #6680, .F. ) ;
#3891 = DIRECTION ( 'NONE',  ( 1.000000000000000000, 0.000000000000000000, 0.000000000000000000 ) ) ;
#3892 = EDGE_CURVE ( 'NONE', #6830, #2045, #9085, .T. ) ;
#3893 = CARTESIAN_POINT ( 'NONE',  ( 30.20000000000010232, -19.99999999999992184, 0.000000000000000000 ) ) ;
#3894 = CARTESIAN_POINT ( 'NONE',  ( 210.2000000000001592, -72.05000000000008242, 6.349999999999999645 ) ) ;
#3895 = VERTEX_POINT ( 'NONE', #2127 ) ;
#3896 = DIRECTION ( 'NONE',  ( 0.000000000000000000, 0.000000000000000000, 1.000000000000000000 ) ) ;
#3897 = VERTEX_POINT ( 'NONE', #4782 ) ;
#3898 = DIRECTION ( 'NONE',  ( -1.387778780781445478E-15, 1.000000000000000000, -0.000000000000000000 ) ) ;
#3899 = DIRECTION ( 'NONE',  ( 1.387778780781445478E-15, -1.000000000000000000, 0.000000000000000000 ) ) ;
#3900 = EDGE_CURVE ( 'NONE', #6088, #6924, #6661, .T. ) ;
#3901 = EDGE_CURVE ( 'NONE', #9911, #4130, #8146, .T. ) ;
#3902 = LINE ( 'NONE', #3223, #9666 ) ;
#3903 = DIRECTION ( 'NONE',  ( -1.000000000000000000, 0.000000000000000000, 0.000000000000000000 ) ) ;
#3904 = ORIENTED_EDGE ( 'NONE', *, *, #23, .T. ) ;
#3905 = DIRECTION ( 'NONE',  ( 0.000000000000000000, 1.000000000000000000, 0.000000000000000000 ) ) ;
#3906 = EDGE_LOOP ( 'NONE', ( #10434, #4552, #9706, #151 ) ) ;
#3907 = DIRECTION ( 'NONE',  ( -0.000000000000000000, -0.000000000000000000, -1.000000000000000000 ) ) ;
#3908 = DIRECTION ( 'NONE',  ( -0.000000000000000000, -0.000000000000000000, -1.000000000000000000 ) ) ;
#3909 = LINE ( 'NONE', #7378, #9492 ) ;
#3910 = CARTESIAN_POINT ( 'NONE',  ( 100.2000000000001734, -72.05000000000008242, 6.349999999999999645 ) ) ;
#3911 = VERTEX_POINT ( 'NONE', #4730 ) ;
#3912 = ADVANCED_FACE ( 'NONE', ( #1289 ), #8985, .F. ) ;
#3913 = EDGE_CURVE ( 'NONE', #2327, #10918, #4674, .T. ) ;
#3914 = CARTESIAN_POINT ( 'NONE',  ( 280.1999999999999886, 5.399999999999998579, 0.000000000000000000 ) ) ;
#3915 = ORIENTED_EDGE ( 'NONE', *, *, #3477, .T. ) ;
#3916 = CARTESIAN_POINT ( 'NONE',  ( 280.2000000000000455, -45.40000000000001279, 0.000000000000000000 ) ) ;
#3917 = VERTEX_POINT ( 'NONE', #3071 ) ;
#3918 = ORIENTED_EDGE ( 'NONE', *, *, #2788, .T. ) ;
#3919 = CARTESIAN_POINT ( 'NONE',  ( 132.7857146142317788, -30.31245604999991983, 6.349999999999999645 ) ) ;
#3920 = CARTESIAN_POINT ( 'NONE',  ( 111.7500000000001563, -72.05000000000008242, 6.349999999999999645 ) ) ;
#3921 = FACE_BOUND ( 'NONE', #10419, .T. ) ;
#3922 = ORIENTED_EDGE ( 'NONE', *, *, #2100, .F. ) ;
#3923 = CARTESIAN_POINT ( 'NONE',  ( 101.7500000000000853, 32.05000000000005400, 6.349999999999999645 ) ) ;
#3924 = EDGE_CURVE ( 'NONE', #5125, #208, #563, .T. ) ;
#3925 = EDGE_CURVE ( 'NONE', #7723, #9257, #3128, .T. ) ;
#3926 = CARTESIAN_POINT ( 'NONE',  ( 161.7499999999999716, 20.00000000000000355, 6.349999999999999645 ) ) ;
#3927 = CARTESIAN_POINT ( 'NONE',  ( 161.7500000000000853, 32.05000000000005400, 6.349999999999999645 ) ) ;
#3928 = DIRECTION ( 'NONE',  ( -1.000000000000000000, 0.000000000000000000, 0.000000000000000000 ) ) ;
#3929 = ORIENTED_EDGE ( 'NONE', *, *, #1323, .F. ) ;
#3930 = ORIENTED_EDGE ( 'NONE', *, *, #7589, .F. ) ;
#3931 = DIRECTION ( 'NONE',  ( 1.000000000000000000, 0.000000000000000000, 0.000000000000000000 ) ) ;
#3932 = FACE_BOUND ( 'NONE', #5534, .T. ) ;
#3933 = EDGE_LOOP ( 'NONE', ( #7465, #5005, #3724, #7818 ) ) ;
#3934 = CARTESIAN_POINT ( 'NONE',  ( 271.7500000000000000, 5.399999999999998579, 6.349999999999999645 ) ) ;
#3935 = CYLINDRICAL_SURFACE ( 'NONE', #9427, 1.549999999999995826 ) ;
#3936 = ORIENTED_EDGE ( 'NONE', *, *, #9601, .F. ) ;
#3937 = CARTESIAN_POINT ( 'NONE',  ( 201.7499999999999716, 20.00000000000000355, 6.349999999999999645 ) ) ;
#3938 = CIRCLE ( 'NONE', #1283, 1.549999999999995826 ) ;
#3939 = AXIS2_PLACEMENT_3D ( 'NONE', #9902, #1435, #550 ) ;
#3940 = CARTESIAN_POINT ( 'NONE',  ( 93.30000000000008242, -19.99999999999992184, 6.349999999999999645 ) ) ;
#3941 = DIRECTION ( 'NONE',  ( 1.000000000000000000, 0.000000000000000000, 0.000000000000000000 ) ) ;
#3942 = ORIENTED_EDGE ( 'NONE', *, *, #8376, .F. ) ;
#3943 = VERTEX_POINT ( 'NONE', #5769 ) ;
#3944 = CARTESIAN_POINT ( 'NONE',  ( 213.3000000000000682, 32.05000000000005400, 6.349999999999999645 ) ) ;
#3945 = VERTEX_POINT ( 'NONE', #10857 ) ;
#3946 = VECTOR ( 'NONE', #10154, 1000.000000000000000 ) ;
#3947 = VECTOR ( 'NONE', #6920, 1000.000000000000000 ) ;
#3948 = ADVANCED_FACE ( 'NONE', ( #8316 ), #10034, .F. ) ;
#3949 = DIRECTION ( 'NONE',  ( 1.000000000000000000, 1.387778780781446070E-15, -0.000000000000000000 ) ) ;
#3950 = LINE ( 'NONE', #4822, #4490 ) ;
#3951 = CIRCLE ( 'NONE', #3222, 1.549999999999995826 ) ;
#3952 = AXIS2_PLACEMENT_3D ( 'NONE', #5375, #8742, #1162 ) ;
#3953 = PLANE ( 'NONE',  #5778 ) ;
#3954 = DIRECTION ( 'NONE',  ( 1.000000000000000000, 0.000000000000000000, 0.000000000000000000 ) ) ;
#3955 = CARTESIAN_POINT ( 'NONE',  ( 203.3000000000000966, -32.05000000000007532, 0.000000000000000000 ) ) ;
#3956 = EDGE_LOOP ( 'NONE', ( #3964, #5328, #1589, #9648 ) ) ;
#3957 = CARTESIAN_POINT ( 'NONE',  ( 210.2000000000001023, -19.99999999999992184, 6.349999999999999645 ) ) ;
#3958 = VERTEX_POINT ( 'NONE', #5117 ) ;
#3959 = CARTESIAN_POINT ( 'NONE',  ( 110.2000000000001307, -32.05000000000007532, 6.349999999999999645 ) ) ;
#3960 = DIRECTION ( 'NONE',  ( 0.000000000000000000, 1.000000000000000000, 0.000000000000000000 ) ) ;
#3961 = EDGE_CURVE ( 'NONE', #390, #10172, #835, .T. ) ;
#3962 = CARTESIAN_POINT ( 'NONE',  ( 43.30000000000006821, 72.05000000000005400, 6.349999999999999645 ) ) ;
#3963 = LINE ( 'NONE', #7379, #4654 ) ;
#3964 = ORIENTED_EDGE ( 'NONE', *, *, #4056, .T. ) ;
#3965 = EDGE_CURVE ( 'NONE', #3109, #1573, #8612, .T. ) ;
#3966 = DIRECTION ( 'NONE',  ( 1.040834085586084059E-15, -1.000000000000000000, 0.000000000000000000 ) ) ;
#3967 = EDGE_LOOP ( 'NONE', ( #7076, #4506, #7414, #3743 ) ) ;
#3968 = CARTESIAN_POINT ( 'NONE',  ( 132.7857146142317788, 30.31245605000008680, 6.349999999999999645 ) ) ;
#3969 = ORIENTED_EDGE ( 'NONE', *, *, #1521, .F. ) ;
#3970 = ORIENTED_EDGE ( 'NONE', *, *, #421, .T. ) ;
#3971 = DIRECTION ( 'NONE',  ( -0.000000000000000000, -0.000000000000000000, -1.000000000000000000 ) ) ;
#3972 = EDGE_CURVE ( 'NONE', #8740, #4036, #7194, .T. ) ;
#3973 = DIRECTION ( 'NONE',  ( -1.000000000000000000, 0.000000000000000000, 0.000000000000000000 ) ) ;
#3974 = CARTESIAN_POINT ( 'NONE',  ( 201.7500000000000568, 72.05000000000005400, 6.349999999999999645 ) ) ;
#3975 = ORIENTED_EDGE ( 'NONE', *, *, #7131, .F. ) ;
#3976 = EDGE_CURVE ( 'NONE', #8104, #4406, #3502, .T. ) ;
#3977 = DIRECTION ( 'NONE',  ( -1.000000000000000000, 0.000000000000000000, 0.000000000000000000 ) ) ;
#3978 = CARTESIAN_POINT ( 'NONE',  ( 280.1999999999999886, 45.39999999999999858, 6.349999999999999645 ) ) ;
#3980 = DIRECTION ( 'NONE',  ( 1.000000000000000000, 0.000000000000000000, 0.000000000000000000 ) ) ;
#3979 = VECTOR ( 'NONE', #5070, 1000.000000000000000 ) ;
#3981 = AXIS2_PLACEMENT_3D ( 'NONE', #2391, #3122, #9800 ) ;
#3982 = CARTESIAN_POINT ( 'NONE',  ( 313.3000000000000114, -5.399999999999992362, 6.349999999999999645 ) ) ;
#3983 = ORIENTED_EDGE ( 'NONE', *, *, #8239, .F. ) ;
#3984 = VERTEX_POINT ( 'NONE', #4074 ) ;
#3985 = CARTESIAN_POINT ( 'NONE',  ( 150.2000000000001023, -19.99999999999992184, 6.349999999999999645 ) ) ;
#3986 = CARTESIAN_POINT ( 'NONE',  ( 280.1999999999999886, 5.399999999999998579, 6.349999999999999645 ) ) ;
#3987 = VERTEX_POINT ( 'NONE', #6154 ) ;
#3988 = PLANE ( 'NONE',  #9654 ) ;
#3989 = CARTESIAN_POINT ( 'NONE',  ( 50.20000000000012363, -32.05000000000007532, 0.000000000000000000 ) ) ;
#3990 = ORIENTED_EDGE ( 'NONE', *, *, #5726, .T. ) ;
#3991 = EDGE_CURVE ( 'NONE', #1775, #2972, #2973, .T. ) ;
#3992 = ADVANCED_FACE ( 'NONE', ( #9970 ), #9149, .T. ) ;
#3993 = EDGE_CURVE ( 'NONE', #1380, #1171, #8371, .T. ) ;
#3994 = VERTEX_POINT ( 'NONE', #8433 ) ;
#3995 = VECTOR ( 'NONE', #10739, 1000.000000000000000 ) ;
#3996 = DIRECTION ( 'NONE',  ( -1.387778780781445478E-15, 1.000000000000000000, -0.000000000000000000 ) ) ;
#3997 = VECTOR ( 'NONE', #10190, 1000.000000000000000 ) ;
#3998 = LINE ( 'NONE', #2277, #6813 ) ;
#3999 = ORIENTED_EDGE ( 'NONE', *, *, #4670, .T. ) ;
#4000 = VERTEX_POINT ( 'NONE', #7483 ) ;
#4001 = CARTESIAN_POINT ( 'NONE',  ( 81.75000000000012790, -32.05000000000007532, 6.349999999999999645 ) ) ;
#4002 = VECTOR ( 'NONE', #8893, 1000.000000000000000 ) ;
#4003 = AXIS2_PLACEMENT_3D ( 'NONE', #10287, #1829, #1052 ) ;
#4004 = ORIENTED_EDGE ( 'NONE', *, *, #4385, .T. ) ;
#4005 = EDGE_CURVE ( 'NONE', #7629, #902, #3287, .T. ) ;
#4006 = LINE ( 'NONE', #8864, #9639 ) ;
#4007 = DIRECTION ( 'NONE',  ( 1.000000000000000000, 6.938893903907227392E-16, -0.000000000000000000 ) ) ;
#4008 = VECTOR ( 'NONE', #2479, 1000.000000000000000 ) ;
#4009 = VECTOR ( 'NONE', #9708, 1000.000000000000000 ) ;
#4010 = DIRECTION ( 'NONE',  ( 1.000000000000000000, 0.000000000000000000, 0.000000000000000000 ) ) ;
#4011 = AXIS2_PLACEMENT_3D ( 'NONE', #9117, #10670, #3100 ) ;
#4012 = DIRECTION ( 'NONE',  ( -1.000000000000000000, 0.000000000000000000, 0.000000000000000000 ) ) ;
#4013 = DIRECTION ( 'NONE',  ( -1.000000000000000000, -6.938893903907241197E-16, 0.000000000000000000 ) ) ;
#4014 = VERTEX_POINT ( 'NONE', #3459 ) ;
#4015 = VECTOR ( 'NONE', #6268, 1000.000000000000000 ) ;
#4016 = DIRECTION ( 'NONE',  ( 1.000000000000000000, 0.000000000000000000, 0.000000000000000000 ) ) ;
#4017 = ORIENTED_EDGE ( 'NONE', *, *, #337, .T. ) ;
#4018 = DIRECTION ( 'NONE',  ( -0.000000000000000000, -0.000000000000000000, -1.000000000000000000 ) ) ;
#4019 = CARTESIAN_POINT ( 'NONE',  ( 43.30000000000006821, 72.05000000000005400, 6.349999999999999645 ) ) ;
#4020 = DIRECTION ( 'NONE',  ( -6.938893903907227392E-16, 1.000000000000000000, 0.000000000000000000 ) ) ;
#4021 = PLANE ( 'NONE',  #5183 ) ;
#4022 = ORIENTED_EDGE ( 'NONE', *, *, #2167, .F. ) ;
#4023 = CIRCLE ( 'NONE', #7728, 1.549999999999988942 ) ;
#4024 = LINE ( 'NONE', #7559, #8775 ) ;
#4025 = EDGE_CURVE ( 'NONE', #2872, #7613, #6826, .T. ) ;
#4026 = AXIS2_PLACEMENT_3D ( 'NONE', #10431, #4420, #4466 ) ;
#4027 = VECTOR ( 'NONE', #6106, 1000.000000000000000 ) ;
#4028 = ORIENTED_EDGE ( 'NONE', *, *, #9016, .F. ) ;
#4029 = CARTESIAN_POINT ( 'NONE',  ( 231.7500000000000000, 45.39999999999999858, 6.349999999999999645 ) ) ;
#4030 = EDGE_LOOP ( 'NONE', ( #8970, #6605, #7042, #9580 ) ) ;
#4031 = VERTEX_POINT ( 'NONE', #9203 ) ;
#4032 = DIRECTION ( 'NONE',  ( -0.000000000000000000, -0.000000000000000000, -1.000000000000000000 ) ) ;
#4033 = VECTOR ( 'NONE', #7411, 1000.000000000000000 ) ;
#4034 = LINE ( 'NONE', #744, #10900 ) ;
#4035 = FACE_BOUND ( 'NONE', #3330, .T. ) ;
#4036 = VERTEX_POINT ( 'NONE', #1620 ) ;
#4037 = VECTOR ( 'NONE', #5267, 1000.000000000000000 ) ;
#4038 = CYLINDRICAL_SURFACE ( 'NONE', #6831, 1.549999999999982059 ) ;
#4039 = EDGE_CURVE ( 'NONE', #10344, #390, #2571, .T. ) ;
#4040 = EDGE_CURVE ( 'NONE', #2867, #3334, #3855, .T. ) ;
#4041 = AXIS2_PLACEMENT_3D ( 'NONE', #212, #7068, #6963 ) ;
#4042 = FACE_OUTER_BOUND ( 'NONE', #663, .T. ) ;
#4043 = CARTESIAN_POINT ( 'NONE',  ( 161.7500000000000568, 72.05000000000005400, 0.000000000000000000 ) ) ;
#4044 = VERTEX_POINT ( 'NONE', #2514 ) ;
#4045 = EDGE_LOOP ( 'NONE', ( #5528, #9520, #5480, #8233 ) ) ;
#4046 = CARTESIAN_POINT ( 'NONE',  ( 17.15999999999999304, 20.00000000000000000, 6.349999999999999645 ) ) ;
#4047 = CARTESIAN_POINT ( 'NONE',  ( 83.30000000000011084, -32.05000000000007532, 6.349999999999999645 ) ) ;
#4048 = VERTEX_POINT ( 'NONE', #9526 ) ;
#4049 = CARTESIAN_POINT ( 'NONE',  ( 303.3000000000000114, 5.399999999999999467, 6.349999999999999645 ) ) ;
#4050 = LINE ( 'NONE', #3260, #5015 ) ;
#4051 = VERTEX_POINT ( 'NONE', #851 ) ;
#4052 = DIRECTION ( 'NONE',  ( -1.000000000000000000, 0.000000000000000000, 0.000000000000000000 ) ) ;
#4053 = CIRCLE ( 'NONE', #3698, 1.549999999999995826 ) ;
#4054 = EDGE_LOOP ( 'NONE', ( #4440, #8262, #3282, #8205 ) ) ;
#4055 = LINE ( 'NONE', #10013, #7555 ) ;
#4056 = EDGE_CURVE ( 'NONE', #3031, #5165, #10923, .T. ) ;
#4057 = ADVANCED_FACE ( 'NONE', ( #5322 ), #4243, .F. ) ;
#4058 = CARTESIAN_POINT ( 'NONE',  ( 283.3000000000000114, 45.40000000000000568, 0.000000000000000000 ) ) ;
#4059 = EDGE_LOOP ( 'NONE', ( #2091, #7641, #1436, #2957 ) ) ;
#4060 = ORIENTED_EDGE ( 'NONE', *, *, #348, .T. ) ;
#4061 = LINE ( 'NONE', #714, #2881 ) ;
#4062 = ORIENTED_EDGE ( 'NONE', *, *, #9303, .T. ) ;
#4063 = CARTESIAN_POINT ( 'NONE',  ( 100.2000000000001307, -32.05000000000007532, 6.349999999999999645 ) ) ;
#4064 = CARTESIAN_POINT ( 'NONE',  ( 153.3000000000001535, -72.05000000000008242, 0.000000000000000000 ) ) ;
#4065 = DIRECTION ( 'NONE',  ( 1.000000000000000000, 0.000000000000000000, 0.000000000000000000 ) ) ;
#4066 = EDGE_CURVE ( 'NONE', #2633, #10004, #9315, .T. ) ;
#4067 = ADVANCED_FACE ( 'NONE', ( #4554 ), #9783, .F. ) ;
#4068 = DIRECTION ( 'NONE',  ( 0.000000000000000000, 0.000000000000000000, 1.000000000000000000 ) ) ;
#4069 = VERTEX_POINT ( 'NONE', #9683 ) ;
#4070 = CARTESIAN_POINT ( 'NONE',  ( 250.2000000000000455, 5.399999999999998579, 6.349999999999999645 ) ) ;
#4071 = ORIENTED_EDGE ( 'NONE', *, *, #4542, .F. ) ;
#4072 = FACE_BOUND ( 'NONE', #6113, .T. ) ;
#4073 = ORIENTED_EDGE ( 'NONE', *, *, #6875, .F. ) ;
#4074 = CARTESIAN_POINT ( 'NONE',  ( 190.2000000000001023, 72.05000000000005400, 6.349999999999999645 ) ) ;
#4075 = CYLINDRICAL_SURFACE ( 'NONE', #2357, 1.549999999999968070 ) ;
#4076 = DIRECTION ( 'NONE',  ( -1.000000000000000000, 0.000000000000000000, 0.000000000000000000 ) ) ;
#4077 = DIRECTION ( 'NONE',  ( -0.000000000000000000, -0.000000000000000000, -1.000000000000000000 ) ) ;
#4078 = VERTEX_POINT ( 'NONE', #7923 ) ;
#4079 = DIRECTION ( 'NONE',  ( -6.938893903907241197E-16, 1.000000000000000000, 0.000000000000000000 ) ) ;
#4080 = EDGE_LOOP ( 'NONE', ( #4419, #4793, #7969, #6905 ) ) ;
#4081 = LINE ( 'NONE', #10764, #6615 ) ;
#4082 = VECTOR ( 'NONE', #10147, 1000.000000000000000 ) ;
#4083 = VERTEX_POINT ( 'NONE', #10618 ) ;
#4084 = VERTEX_POINT ( 'NONE', #3826 ) ;
#4085 = DIRECTION ( 'NONE',  ( 0.000000000000000000, 0.000000000000000000, -1.000000000000000000 ) ) ;
#4086 = DIRECTION ( 'NONE',  ( -0.000000000000000000, -0.000000000000000000, -1.000000000000000000 ) ) ;
#4087 = FACE_BOUND ( 'NONE', #3043, .T. ) ;
#4088 = ORIENTED_EDGE ( 'NONE', *, *, #10840, .F. ) ;
#4089 = EDGE_CURVE ( 'NONE', #1183, #1197, #2110, .T. ) ;
#4090 = DIRECTION ( 'NONE',  ( -1.000000000000000000, -6.938893903907241197E-16, 0.000000000000000000 ) ) ;
#4091 = CARTESIAN_POINT ( 'NONE',  ( 160.2000000000000739, 72.05000000000005400, 6.349999999999999645 ) ) ;
#4092 = CARTESIAN_POINT ( 'NONE',  ( 220.2000000000001307, -19.99999999999992184, 6.349999999999999645 ) ) ;
#4093 = VERTEX_POINT ( 'NONE', #1220 ) ;
#4094 = VERTEX_POINT ( 'NONE', #2205 ) ;
#4095 = DIRECTION ( 'NONE',  ( 0.000000000000000000, 0.000000000000000000, 1.000000000000000000 ) ) ;
#4096 = CARTESIAN_POINT ( 'NONE',  ( 270.2000000000000455, -5.400000000000020783, 6.349999999999999645 ) ) ;
#4097 = VERTEX_POINT ( 'NONE', #431 ) ;
#4098 = LINE ( 'NONE', #6797, #10528 ) ;
#4099 = DIRECTION ( 'NONE',  ( 0.7808688094430306093, 0.6246950475544237324, 0.000000000000000000 ) ) ;
#4100 = VERTEX_POINT ( 'NONE', #493 ) ;
#4101 = FACE_OUTER_BOUND ( 'NONE', #10331, .T. ) ;
#4102 = ADVANCED_FACE ( 'NONE', ( #1317 ), #7860, .T. ) ;
#4103 = ORIENTED_EDGE ( 'NONE', *, *, #9990, .F. ) ;
#4104 = EDGE_CURVE ( 'NONE', #5165, #5654, #4702, .T. ) ;
#4105 = LINE ( 'NONE', #3266, #1915 ) ;
#4106 = DIRECTION ( 'NONE',  ( 1.000000000000000000, 0.000000000000000000, 0.000000000000000000 ) ) ;
#4107 = ORIENTED_EDGE ( 'NONE', *, *, #3860, .T. ) ;
#4108 = EDGE_LOOP ( 'NONE', ( #6131, #5191, #9042, #5986 ) ) ;
#4109 = FACE_OUTER_BOUND ( 'NONE', #2135, .T. ) ;
#4110 = EDGE_LOOP ( 'NONE', ( #2140, #267, #4251, #9358 ) ) ;
#4111 = CARTESIAN_POINT ( 'NONE',  ( 33.30000000000006821, 32.05000000000005400, 6.349999999999999645 ) ) ;
#4113 = CARTESIAN_POINT ( 'NONE',  ( 63.30000000000010374, -32.05000000000007532, 0.000000000000000000 ) ) ;
#4112 = AXIS2_PLACEMENT_3D ( 'NONE', #6918, #1896, #6205 ) ;
#4114 = VECTOR ( 'NONE', #4618, 1000.000000000000000 ) ;
#4115 = EDGE_CURVE ( 'NONE', #5654, #3482, #10569, .T. ) ;
#4116 = ADVANCED_FACE ( 'NONE', ( #10507 ), #8851, .F. ) ;
#4117 = LINE ( 'NONE', #6708, #3497 ) ;
#4118 = CIRCLE ( 'NONE', #1278, 1.549999999999995826 ) ;
#4119 = DIRECTION ( 'NONE',  ( -1.734723475976807094E-16, 1.000000000000000000, 0.000000000000000000 ) ) ;
#4120 = ORIENTED_EDGE ( 'NONE', *, *, #8253, .F. ) ;
#4122 = VECTOR ( 'NONE', #8971, 1000.000000000000000 ) ;
#4121 = CARTESIAN_POINT ( 'NONE',  ( 180.2000000000001023, 32.05000000000005400, 0.000000000000000000 ) ) ;
#4123 = ORIENTED_EDGE ( 'NONE', *, *, #4706, .F. ) ;
#4124 = CARTESIAN_POINT ( 'NONE',  ( 203.3000000000000966, -19.99999999999992184, 0.000000000000000000 ) ) ;
#4125 = ORIENTED_EDGE ( 'NONE', *, *, #8840, .T. ) ;
#4126 = CARTESIAN_POINT ( 'NONE',  ( 301.7500000000000000, 45.39999999999999858, 0.000000000000000000 ) ) ;
#4127 = CARTESIAN_POINT ( 'NONE',  ( 293.3000000000000114, 5.399999999999999467, 0.000000000000000000 ) ) ;
#4128 = LINE ( 'NONE', #7487, #2798 ) ;
#4129 = FACE_OUTER_BOUND ( 'NONE', #4614, .T. ) ;
#4130 = VERTEX_POINT ( 'NONE', #5478 ) ;
#4131 = EDGE_CURVE ( 'NONE', #2668, #5918, #1264, .T. ) ;
#4132 = EDGE_CURVE ( 'NONE', #7957, #4048, #273, .T. ) ;
#4133 = ADVANCED_FACE ( 'NONE', ( #378 ), #5374, .T. ) ;
#4134 = AXIS2_PLACEMENT_3D ( 'NONE', #5597, #8306, #7474 ) ;
#4135 = DIRECTION ( 'NONE',  ( -0.000000000000000000, -1.000000000000000000, -0.000000000000000000 ) ) ;
#4136 = DIRECTION ( 'NONE',  ( -1.000000000000000000, 0.000000000000000000, 0.000000000000000000 ) ) ;
#4137 = VERTEX_POINT ( 'NONE', #3003 ) ;
#4138 = DIRECTION ( 'NONE',  ( 1.000000000000000000, 0.000000000000000000, 0.000000000000000000 ) ) ;
#4139 = VERTEX_POINT ( 'NONE', #8017 ) ;
#4140 = ORIENTED_EDGE ( 'NONE', *, *, #10192, .T. ) ;
#4141 = DIRECTION ( 'NONE',  ( -0.000000000000000000, -0.000000000000000000, -1.000000000000000000 ) ) ;
#4142 = AXIS2_PLACEMENT_3D ( 'NONE', #4833, #9805, #2237 ) ;
#4143 = CARTESIAN_POINT ( 'NONE',  ( 190.2000000000001023, -19.99999999999992184, 6.349999999999999645 ) ) ;
#4144 = CARTESIAN_POINT ( 'NONE',  ( 160.2000000000001023, -19.99999999999992184, 0.000000000000000000 ) ) ;
#4145 = VERTEX_POINT ( 'NONE', #334 ) ;
#4146 = EDGE_CURVE ( 'NONE', #4794, #2657, #7030, .T. ) ;
#4147 = DIRECTION ( 'NONE',  ( -0.000000000000000000, -0.000000000000000000, -1.000000000000000000 ) ) ;
#4148 = DIRECTION ( 'NONE',  ( 1.000000000000000000, 0.000000000000000000, 0.000000000000000000 ) ) ;
#4149 = CARTESIAN_POINT ( 'NONE',  ( 153.2999999999999829, 20.00000000000000355, 6.349999999999999645 ) ) ;
#4150 = ORIENTED_EDGE ( 'NONE', *, *, #8963, .F. ) ;
#4151 = CARTESIAN_POINT ( 'NONE',  ( 151.7500000000000000, 20.00000000000000355, 6.349999999999999645 ) ) ;
#4152 = EDGE_LOOP ( 'NONE', ( #10949, #6101, #9010, #8850 ) ) ;
#4153 = ORIENTED_EDGE ( 'NONE', *, *, #9977, .T. ) ;
#4154 = PLANE ( 'NONE',  #2097 ) ;
#4155 = DIRECTION ( 'NONE',  ( -0.000000000000000000, -0.000000000000000000, -1.000000000000000000 ) ) ;
#4156 = ORIENTED_EDGE ( 'NONE', *, *, #8033, .F. ) ;
#4157 = DIRECTION ( 'NONE',  ( -1.000000000000000000, -3.469446951953620598E-16, 0.000000000000000000 ) ) ;
#4158 = DIRECTION ( 'NONE',  ( 0.000000000000000000, 0.000000000000000000, 1.000000000000000000 ) ) ;
#4159 = ORIENTED_EDGE ( 'NONE', *, *, #10105, .F. ) ;
#4160 = DIRECTION ( 'NONE',  ( 0.000000000000000000, 0.000000000000000000, 1.000000000000000000 ) ) ;
#4161 = ORIENTED_EDGE ( 'NONE', *, *, #773, .F. ) ;
#4162 = AXIS2_PLACEMENT_3D ( 'NONE', #9343, #3426, #10164 ) ;
#4163 = DIRECTION ( 'NONE',  ( 0.000000000000000000, 0.000000000000000000, 1.000000000000000000 ) ) ;
#4164 = EDGE_CURVE ( 'NONE', #6117, #4078, #2845, .T. ) ;
#4165 = DIRECTION ( 'NONE',  ( 0.000000000000000000, 0.000000000000000000, 1.000000000000000000 ) ) ;
#4166 = EDGE_LOOP ( 'NONE', ( #5606, #8464, #1057, #7643 ) ) ;
#4167 = ORIENTED_EDGE ( 'NONE', *, *, #4345, .T. ) ;
#4168 = CARTESIAN_POINT ( 'NONE',  ( 301.7500000000000568, -5.400000000000000355, 6.349999999999999645 ) ) ;
#4169 = ORIENTED_EDGE ( 'NONE', *, *, #10654, .F. ) ;
#4170 = AXIS2_PLACEMENT_3D ( 'NONE', #9267, #6725, #6671 ) ;
#4171 = AXIS2_PLACEMENT_3D ( 'NONE', #6162, #282, #7135 ) ;
#4172 = FACE_OUTER_BOUND ( 'NONE', #3302, .T. ) ;
#4173 = CARTESIAN_POINT ( 'NONE',  ( 30.20000000000012719, -32.05000000000007532, 6.349999999999999645 ) ) ;
#4174 = DIRECTION ( 'NONE',  ( 0.000000000000000000, 0.000000000000000000, 1.000000000000000000 ) ) ;
#4175 = CIRCLE ( 'NONE', #3115, 1.549999999999995826 ) ;
#4176 = EDGE_CURVE ( 'NONE', #3334, #4933, #9572, .T. ) ;
#4177 = CARTESIAN_POINT ( 'NONE',  ( 200.2000000000001023, 32.05000000000005400, 6.349999999999999645 ) ) ;
#4178 = ORIENTED_EDGE ( 'NONE', *, *, #802, .T. ) ;
#4179 = LINE ( 'NONE', #10919, #7525 ) ;
#4180 = ORIENTED_EDGE ( 'NONE', *, *, #10337, .F. ) ;
#4181 = DIRECTION ( 'NONE',  ( -1.000000000000000000, 0.000000000000000000, 0.000000000000000000 ) ) ;
#4182 = VERTEX_POINT ( 'NONE', #2890 ) ;
#4183 = CARTESIAN_POINT ( 'NONE',  ( 210.2000000000001023, -19.99999999999992184, 0.000000000000000000 ) ) ;
#4184 = ORIENTED_EDGE ( 'NONE', *, *, #597, .F. ) ;
#4185 = VECTOR ( 'NONE', #2289, 1000.000000000000000 ) ;
#4186 = CARTESIAN_POINT ( 'NONE',  ( 326.5714292284635576, -20.00000000000000355, 0.000000000000000000 ) ) ;
#4187 = CARTESIAN_POINT ( 'NONE',  ( 60.20000000000013074, -32.05000000000007532, 0.000000000000000000 ) ) ;
#4188 = ORIENTED_EDGE ( 'NONE', *, *, #7813, .T. ) ;
#4189 = AXIS2_PLACEMENT_3D ( 'NONE', #5028, #8509, #7682 ) ;
#4190 = VECTOR ( 'NONE', #7971, 1000.000000000000000 ) ;
#4191 = DIRECTION ( 'NONE',  ( -6.938893903907227392E-16, 1.000000000000000000, 0.000000000000000000 ) ) ;
#4192 = DIRECTION ( 'NONE',  ( -0.000000000000000000, -0.000000000000000000, -1.000000000000000000 ) ) ;
#4193 = VECTOR ( 'NONE', #10882, 1000.000000000000000 ) ;
#4194 = EDGE_CURVE ( 'NONE', #7437, #200, #9123, .T. ) ;
#4195 = EDGE_CURVE ( 'NONE', #1568, #9566, #5526, .T. ) ;
#4196 = EDGE_LOOP ( 'NONE', ( #703, #3983, #8110, #4749 ) ) ;
#4197 = CARTESIAN_POINT ( 'NONE',  ( 201.7499999999999716, 20.00000000000000355, 0.000000000000000000 ) ) ;
#4198 = ORIENTED_EDGE ( 'NONE', *, *, #10271, .F. ) ;
#4199 = DIRECTION ( 'NONE',  ( -6.938893903907227392E-16, 1.000000000000000000, 0.000000000000000000 ) ) ;
#4200 = DIRECTION ( 'NONE',  ( 0.000000000000000000, 0.000000000000000000, 1.000000000000000000 ) ) ;
#4201 = DIRECTION ( 'NONE',  ( -1.000000000000000000, 0.000000000000000000, -0.000000000000000000 ) ) ;
#4202 = ORIENTED_EDGE ( 'NONE', *, *, #1942, .T. ) ;
#4203 = DIRECTION ( 'NONE',  ( 1.387778780781445478E-15, -1.000000000000000000, 0.000000000000000000 ) ) ;
#4204 = VECTOR ( 'NONE', #949, 1000.000000000000000 ) ;
#4205 = VECTOR ( 'NONE', #3631, 1000.000000000000000 ) ;
#4206 = AXIS2_PLACEMENT_3D ( 'NONE', #3073, #9087, #7261 ) ;
#4207 = CARTESIAN_POINT ( 'NONE',  ( 90.20000000000017337, -72.05000000000008242, 6.349999999999999645 ) ) ;
#4208 = LINE ( 'NONE', #4091, #6161 ) ;
#4209 = ADVANCED_FACE ( 'NONE', ( #9064 ), #10895, .T. ) ;
#4210 = EDGE_CURVE ( 'NONE', #5987, #6020, #6833, .T. ) ;
#4211 = VERTEX_POINT ( 'NONE', #7346 ) ;
#4212 = AXIS2_PLACEMENT_3D ( 'NONE', #3212, #4163, #9127 ) ;
#4213 = DIRECTION ( 'NONE',  ( -1.000000000000000000, 0.000000000000000000, 0.000000000000000000 ) ) ;
#4214 = ORIENTED_EDGE ( 'NONE', *, *, #3365, .T. ) ;
#4215 = ORIENTED_EDGE ( 'NONE', *, *, #321, .T. ) ;
#4216 = DIRECTION ( 'NONE',  ( -0.000000000000000000, -0.000000000000000000, -1.000000000000000000 ) ) ;
#4217 = FACE_OUTER_BOUND ( 'NONE', #8128, .T. ) ;
#4218 = ORIENTED_EDGE ( 'NONE', *, *, #2349, .F. ) ;
#4219 = CARTESIAN_POINT ( 'NONE',  ( 153.3000000000001535, -72.05000000000008242, 6.349999999999999645 ) ) ;
#4220 = DIRECTION ( 'NONE',  ( -1.000000000000000000, 0.000000000000000000, 0.000000000000000000 ) ) ;
#4221 = ORIENTED_EDGE ( 'NONE', *, *, #1587, .T. ) ;
#4222 = VECTOR ( 'NONE', #701, 1000.000000000000000 ) ;
#4223 = DIRECTION ( 'NONE',  ( 1.000000000000000000, 3.469446951953613696E-16, -0.000000000000000000 ) ) ;
#4224 = EDGE_LOOP ( 'NONE', ( #3930, #5748, #474, #59 ) ) ;
#4225 = VECTOR ( 'NONE', #6864, 1000.000000000000000 ) ;
#4226 = DIRECTION ( 'NONE',  ( -0.000000000000000000, -0.000000000000000000, -1.000000000000000000 ) ) ;
#4227 = VECTOR ( 'NONE', #7627, 1000.000000000000000 ) ;
#4228 = DIRECTION ( 'NONE',  ( -0.000000000000000000, -0.000000000000000000, -1.000000000000000000 ) ) ;
#4229 = ORIENTED_EDGE ( 'NONE', *, *, #8501, .F. ) ;
#4230 = ORIENTED_EDGE ( 'NONE', *, *, #84, .T. ) ;
#4231 = DIRECTION ( 'NONE',  ( -6.938893903907228378E-16, 1.000000000000000000, -0.000000000000000000 ) ) ;
#4232 = VECTOR ( 'NONE', #4752, 1000.000000000000000 ) ;
#4233 = VERTEX_POINT ( 'NONE', #3207 ) ;
#4234 = DIRECTION ( 'NONE',  ( 3.469446951953613696E-16, -1.000000000000000000, 0.000000000000000000 ) ) ;
#4235 = CARTESIAN_POINT ( 'NONE',  ( 233.3000000000000682, -5.400000000000048317, -0.000000000000000000 ) ) ;
#4236 = EDGE_CURVE ( 'NONE', #415, #1615, #4974, .T. ) ;
#4237 = DIRECTION ( 'NONE',  ( 1.040834085586084059E-15, -1.000000000000000000, 0.000000000000000000 ) ) ;
#4238 = DIRECTION ( 'NONE',  ( 0.000000000000000000, 0.000000000000000000, 1.000000000000000000 ) ) ;
#4239 = ORIENTED_EDGE ( 'NONE', *, *, #7204, .T. ) ;
#4240 = DIRECTION ( 'NONE',  ( 1.000000000000000000, 0.000000000000000000, 0.000000000000000000 ) ) ;
#4241 = ORIENTED_EDGE ( 'NONE', *, *, #871, .T. ) ;
#4242 = ORIENTED_EDGE ( 'NONE', *, *, #9734, .T. ) ;
#4243 = CYLINDRICAL_SURFACE ( 'NONE', #4392, 1.549999999999995826 ) ;
#4244 = ORIENTED_EDGE ( 'NONE', *, *, #5467, .T. ) ;
#4245 = FACE_OUTER_BOUND ( 'NONE', #4054, .T. ) ;
#4246 = CARTESIAN_POINT ( 'NONE',  ( 60.20000000000010232, -19.99999999999992184, 6.349999999999999645 ) ) ;
#4247 = PLANE ( 'NONE',  #9897 ) ;
#4248 = EDGE_CURVE ( 'NONE', #10647, #9244, #4883, .T. ) ;
#4249 = EDGE_CURVE ( 'NONE', #10574, #7577, #2432, .T. ) ;
#4250 = CARTESIAN_POINT ( 'NONE',  ( 100.2000000000000881, 72.05000000000005400, 6.349999999999999645 ) ) ;
#4251 = ORIENTED_EDGE ( 'NONE', *, *, #7253, .T. ) ;
#4252 = CARTESIAN_POINT ( 'NONE',  ( 191.7500000000000853, 72.05000000000005400, 0.000000000000000000 ) ) ;
#4253 = EDGE_LOOP ( 'NONE', ( #7552, #5053, #1346, #6517 ) ) ;
#4254 = PLANE ( 'NONE',  #7727 ) ;
#4255 = CARTESIAN_POINT ( 'NONE',  ( 171.7500000000000000, 20.00000000000000355, 6.349999999999999645 ) ) ;
#4256 = PLANE ( 'NONE',  #5511 ) ;
#4257 = VERTEX_POINT ( 'NONE', #7404 ) ;
#4258 = DIRECTION ( 'NONE',  ( -6.938893903907241197E-16, 1.000000000000000000, 0.000000000000000000 ) ) ;
#4259 = ADVANCED_FACE ( 'NONE', ( #5638 ), #5805, .T. ) ;
#4260 = ADVANCED_FACE ( 'NONE', ( #9179 ), #4760, .T. ) ;
#4261 = LINE ( 'NONE', #7504, #7174 ) ;
#4262 = CARTESIAN_POINT ( 'NONE',  ( 290.1999999999999886, 5.399999999999998579, 6.349999999999999645 ) ) ;
#4263 = EDGE_LOOP ( 'NONE', ( #942, #890, #8397, #1018 ) ) ;
#4264 = FACE_OUTER_BOUND ( 'NONE', #5372, .T. ) ;
#4265 = ORIENTED_EDGE ( 'NONE', *, *, #2171, .F. ) ;
#4266 = ORIENTED_EDGE ( 'NONE', *, *, #10628, .T. ) ;
#4267 = LINE ( 'NONE', #10167, #4227 ) ;
#4268 = CARTESIAN_POINT ( 'NONE',  ( 33.30000000000006821, 72.05000000000005400, 6.349999999999999645 ) ) ;
#4269 = ORIENTED_EDGE ( 'NONE', *, *, #8714, .F. ) ;
#4270 = LINE ( 'NONE', #3432, #8418 ) ;
#4271 = CARTESIAN_POINT ( 'NONE',  ( 150.2000000000001023, 20.00000000000000355, 0.000000000000000000 ) ) ;
#4272 = ORIENTED_EDGE ( 'NONE', *, *, #9467, .F. ) ;
#4273 = CARTESIAN_POINT ( 'NONE',  ( 300.2000000000000455, 5.399999999999998579, 0.000000000000000000 ) ) ;
#4274 = ADVANCED_FACE ( 'NONE', ( #10780 ), #3988, .T. ) ;
#4275 = EDGE_CURVE ( 'NONE', #5580, #3783, #7515, .T. ) ;
#4276 = EDGE_LOOP ( 'NONE', ( #7292, #9222, #7406, #9389 ) ) ;
#4277 = LINE ( 'NONE', #7463, #10210 ) ;
#4278 = CARTESIAN_POINT ( 'NONE',  ( 193.2999999999999829, 20.00000000000000355, 6.349999999999999645 ) ) ;
#4279 = ORIENTED_EDGE ( 'NONE', *, *, #8701, .T. ) ;
#4280 = VERTEX_POINT ( 'NONE', #10730 ) ;
#4281 = CARTESIAN_POINT ( 'NONE',  ( 132.7857146142317788, -30.31245604999991983, 0.000000000000000000 ) ) ;
#4282 = ORIENTED_EDGE ( 'NONE', *, *, #7732, .F. ) ;
#4283 = CARTESIAN_POINT ( 'NONE',  ( 161.7500000000001137, -32.05000000000007532, 6.349999999999999645 ) ) ;
#4284 = CARTESIAN_POINT ( 'NONE',  ( 193.3000000000000966, -19.99999999999992184, 6.349999999999999645 ) ) ;
#4285 = LINE ( 'NONE', #1786, #4204 ) ;
#4286 = DIRECTION ( 'NONE',  ( -0.000000000000000000, -0.000000000000000000, -1.000000000000000000 ) ) ;
#4287 = ORIENTED_EDGE ( 'NONE', *, *, #9643, .F. ) ;
#4288 = FACE_OUTER_BOUND ( 'NONE', #4108, .T. ) ;
#4289 = ORIENTED_EDGE ( 'NONE', *, *, #8377, .F. ) ;
#4290 = EDGE_CURVE ( 'NONE', #1258, #77, #8126, .T. ) ;
#4291 = CARTESIAN_POINT ( 'NONE',  ( 221.7500000000000568, 72.05000000000005400, 6.349999999999999645 ) ) ;
#4292 = VECTOR ( 'NONE', #3549, 1000.000000000000000 ) ;
#4293 = ORIENTED_EDGE ( 'NONE', *, *, #5716, .T. ) ;
#4294 = CARTESIAN_POINT ( 'NONE',  ( 150.2000000000001023, -19.99999999999992184, 6.349999999999999645 ) ) ;
#4295 = DIRECTION ( 'NONE',  ( 0.000000000000000000, 0.000000000000000000, 1.000000000000000000 ) ) ;
#4296 = DIRECTION ( 'NONE',  ( 0.000000000000000000, 0.000000000000000000, 1.000000000000000000 ) ) ;
#4297 = AXIS2_PLACEMENT_3D ( 'NONE', #9895, #2372, #7585 ) ;
#4298 = VECTOR ( 'NONE', #4663, 1000.000000000000000 ) ;
#4299 = CARTESIAN_POINT ( 'NONE',  ( 200.2000000000001592, -72.05000000000008242, 0.000000000000000000 ) ) ;
#4300 = ORIENTED_EDGE ( 'NONE', *, *, #3901, .T. ) ;
#4301 = EDGE_CURVE ( 'NONE', #823, #3215, #2491, .T. ) ;
#4302 = DIRECTION ( 'NONE',  ( -0.000000000000000000, -0.000000000000000000, -1.000000000000000000 ) ) ;
#4303 = EDGE_LOOP ( 'NONE', ( #4836, #7666, #6335, #10439 ) ) ;
#4304 = CARTESIAN_POINT ( 'NONE',  ( 311.7500000000000568, -45.39999999999999858, 0.000000000000000000 ) ) ;
#4305 = DIRECTION ( 'NONE',  ( -3.469446951953613696E-16, 1.000000000000000000, 0.000000000000000000 ) ) ;
#4306 = PLANE ( 'NONE',  #735 ) ;
#4307 = CIRCLE ( 'NONE', #10823, 1.549999999999995826 ) ;
#4308 = VERTEX_POINT ( 'NONE', #542 ) ;
#4309 = VECTOR ( 'NONE', #1665, 1000.000000000000000 ) ;
#4310 = DIRECTION ( 'NONE',  ( 1.000000000000000000, 0.000000000000000000, 0.000000000000000000 ) ) ;
#4311 = CIRCLE ( 'NONE', #236, 1.549999999999995826 ) ;
#4312 = DIRECTION ( 'NONE',  ( -1.836970198721030181E-16, 1.000000000000000000, 0.000000000000000000 ) ) ;
#4313 = EDGE_LOOP ( 'NONE', ( #6246, #2550, #4601, #3385 ) ) ;
#4314 = EDGE_CURVE ( 'NONE', #2780, #1592, #7168, .T. ) ;
#4315 = DIRECTION ( 'NONE',  ( -0.000000000000000000, -0.000000000000000000, -1.000000000000000000 ) ) ;
#4316 = ORIENTED_EDGE ( 'NONE', *, *, #8489, .T. ) ;
#4317 = ORIENTED_EDGE ( 'NONE', *, *, #1966, .T. ) ;
#4318 = LINE ( 'NONE', #8399, #9157 ) ;
#4319 = EDGE_CURVE ( 'NONE', #10344, #3240, #5416, .T. ) ;
#4320 = DIRECTION ( 'NONE',  ( -0.000000000000000000, -0.000000000000000000, -1.000000000000000000 ) ) ;
#4321 = VERTEX_POINT ( 'NONE', #6465 ) ;
#4322 = CARTESIAN_POINT ( 'NONE',  ( 311.7500000000000000, 5.399999999999998579, 6.349999999999999645 ) ) ;
#4323 = DIRECTION ( 'NONE',  ( 1.000000000000000000, 6.938893903907228378E-16, -0.000000000000000000 ) ) ;
#4324 = ORIENTED_EDGE ( 'NONE', *, *, #9660, .F. ) ;
#4325 = CARTESIAN_POINT ( 'NONE',  ( 83.30000000000008242, -19.99999999999992184, 6.349999999999999645 ) ) ;
#4326 = EDGE_LOOP ( 'NONE', ( #5154, #454, #5974, #10922 ) ) ;
#4327 = DIRECTION ( 'NONE',  ( -0.000000000000000000, -0.000000000000000000, -1.000000000000000000 ) ) ;
#4328 = DIRECTION ( 'NONE',  ( 0.000000000000000000, 0.000000000000000000, 1.000000000000000000 ) ) ;
#4329 = ORIENTED_EDGE ( 'NONE', *, *, #10078, .F. ) ;
#4330 = VERTEX_POINT ( 'NONE', #2270 ) ;
#4331 = EDGE_CURVE ( 'NONE', #1142, #10614, #9997, .T. ) ;
#4332 = DIRECTION ( 'NONE',  ( 0.000000000000000000, 0.000000000000000000, 1.000000000000000000 ) ) ;
#4333 = ADVANCED_FACE ( 'NONE', ( #4861 ), #1537, .T. ) ;
#4334 = EDGE_CURVE ( 'NONE', #8835, #1197, #4098, .T. ) ;
#4335 = ORIENTED_EDGE ( 'NONE', *, *, #1414, .F. ) ;
#4336 = CYLINDRICAL_SURFACE ( 'NONE', #10132, 1.549999999999988942 ) ;
#4337 = CARTESIAN_POINT ( 'NONE',  ( 220.2000000000001307, -19.99999999999992184, 0.000000000000000000 ) ) ;
#4338 = LINE ( 'NONE', #4173, #9591 ) ;
#4339 = CIRCLE ( 'NONE', #5235, 1.549999999999995826 ) ;
#4340 = CARTESIAN_POINT ( 'NONE',  ( 263.2999999999999545, 5.399999999999999467, 6.349999999999999645 ) ) ;
#4341 = LINE ( 'NONE', #6043, #10689 ) ;
#4342 = ORIENTED_EDGE ( 'NONE', *, *, #337, .F. ) ;
#4343 = CARTESIAN_POINT ( 'NONE',  ( -2.099656937138137081E-14, 57.15000000000000568, 6.349999999999999645 ) ) ;
#4344 = AXIS2_PLACEMENT_3D ( 'NONE', #10393, #90, #1087 ) ;
#4345 = EDGE_CURVE ( 'NONE', #9116, #272, #3546, .T. ) ;
#4346 = AXIS2_PLACEMENT_3D ( 'NONE', #3453, #2630, #6764 ) ;
#4347 = ORIENTED_EDGE ( 'NONE', *, *, #718, .F. ) ;
#4348 = VERTEX_POINT ( 'NONE', #1875 ) ;
#4349 = PLANE ( 'NONE',  #10381 ) ;
#4350 = CYLINDRICAL_SURFACE ( 'NONE', #9416, 1.549999999999995826 ) ;
#4351 = CARTESIAN_POINT ( 'NONE',  ( 103.3000000000000682, 72.05000000000005400, 6.349999999999999645 ) ) ;
#4352 = VECTOR ( 'NONE', #9378, 1000.000000000000000 ) ;
#4353 = AXIS2_PLACEMENT_3D ( 'NONE', #2554, #10181, #6866 ) ;
#4354 = CARTESIAN_POINT ( 'NONE',  ( 181.7500000000001421, -32.05000000000007532, 6.349999999999999645 ) ) ;
#4355 = ORIENTED_EDGE ( 'NONE', *, *, #2350, .T. ) ;
#4356 = AXIS2_PLACEMENT_3D ( 'NONE', #1558, #1609, #4234 ) ;
#4357 = CARTESIAN_POINT ( 'NONE',  ( 33.30000000000008242, -19.99999999999992184, 0.000000000000000000 ) ) ;
#4358 = ORIENTED_EDGE ( 'NONE', *, *, #2637, .T. ) ;
#4359 = FACE_OUTER_BOUND ( 'NONE', #8806, .T. ) ;
#4360 = AXIS2_PLACEMENT_3D ( 'NONE', #4597, #5515, #9002 ) ;
#4361 = VECTOR ( 'NONE', #8781, 1000.000000000000000 ) ;
#4362 = CARTESIAN_POINT ( 'NONE',  ( 253.3000000000000682, -5.400000000000034106, 6.349999999999999645 ) ) ;
#4363 = CARTESIAN_POINT ( 'NONE',  ( 180.2000000000001023, 32.05000000000005400, 6.349999999999999645 ) ) ;
#4364 = ORIENTED_EDGE ( 'NONE', *, *, #3965, .F. ) ;
#4365 = EDGE_CURVE ( 'NONE', #567, #5580, #1046, .T. ) ;
#4366 = AXIS2_PLACEMENT_3D ( 'NONE', #3614, #10458, #10354 ) ;
#4367 = AXIS2_PLACEMENT_3D ( 'NONE', #4424, #1976, #5349 ) ;
#4368 = DIRECTION ( 'NONE',  ( -1.000000000000000000, 0.000000000000000000, 0.000000000000000000 ) ) ;
#4369 = CARTESIAN_POINT ( 'NONE',  ( 111.7500000000000711, 72.05000000000005400, 6.349999999999999645 ) ) ;
#4370 = AXIS2_PLACEMENT_3D ( 'NONE', #4322, #9396, #3597 ) ;
#4371 = ORIENTED_EDGE ( 'NONE', *, *, #1127, .T. ) ;
#4372 = CARTESIAN_POINT ( 'NONE',  ( 73.30000000000013927, -72.05000000000008242, 0.000000000000000000 ) ) ;
#4373 = VERTEX_POINT ( 'NONE', #4434 ) ;
#4374 = ORIENTED_EDGE ( 'NONE', *, *, #5431, .T. ) ;
#4375 = DIRECTION ( 'NONE',  ( 1.000000000000000000, 0.000000000000000000, 0.000000000000000000 ) ) ;
#4376 = DIRECTION ( 'NONE',  ( 0.000000000000000000, 0.000000000000000000, 1.000000000000000000 ) ) ;
#4377 = AXIS2_PLACEMENT_3D ( 'NONE', #9592, #3572, #6935 ) ;
#4378 = ORIENTED_EDGE ( 'NONE', *, *, #10534, .T. ) ;
#4379 = DIRECTION ( 'NONE',  ( 1.734723475976806848E-16, -1.000000000000000000, -0.000000000000000000 ) ) ;
#4380 = CARTESIAN_POINT ( 'NONE',  ( 33.29999999999999005, 20.00000000000000355, 0.000000000000000000 ) ) ;
#4381 = VERTEX_POINT ( 'NONE', #8562 ) ;
#4382 = DIRECTION ( 'NONE',  ( 0.000000000000000000, 1.000000000000000000, 0.000000000000000000 ) ) ;
#4383 = VECTOR ( 'NONE', #8926, 1000.000000000000000 ) ;
#4384 = AXIS2_PLACEMENT_3D ( 'NONE', #3920, #4960, #7392 ) ;
#4385 = EDGE_CURVE ( 'NONE', #4182, #10226, #5754, .T. ) ;
#4386 = EDGE_CURVE ( 'NONE', #6183, #2884, #8511, .T. ) ;
#4387 = VECTOR ( 'NONE', #7650, 1000.000000000000000 ) ;
#4388 = DIRECTION ( 'NONE',  ( 1.734723475976806848E-16, -1.000000000000000000, -0.000000000000000000 ) ) ;
#4389 = DIRECTION ( 'NONE',  ( 1.000000000000000000, 1.040834085586084059E-15, -0.000000000000000000 ) ) ;
#4390 = ORIENTED_EDGE ( 'NONE', *, *, #6882, .T. ) ;
#4391 = ORIENTED_EDGE ( 'NONE', *, *, #3655, .F. ) ;
#4392 = AXIS2_PLACEMENT_3D ( 'NONE', #7604, #16, #5940 ) ;
#4393 = CARTESIAN_POINT ( 'NONE',  ( 43.30000000000006821, 32.05000000000005400, 6.349999999999999645 ) ) ;
#4394 = VECTOR ( 'NONE', #460, 1000.000000000000000 ) ;
#4395 = DIRECTION ( 'NONE',  ( 0.000000000000000000, 0.000000000000000000, -1.000000000000000000 ) ) ;
#4396 = EDGE_LOOP ( 'NONE', ( #8012, #3575, #8066, #283 ) ) ;
#4397 = CARTESIAN_POINT ( 'NONE',  ( 203.2999999999999829, 20.00000000000000355, 6.349999999999999645 ) ) ;
#4398 = FACE_OUTER_BOUND ( 'NONE', #8350, .T. ) ;
#4399 = PLANE ( 'NONE',  #5357 ) ;
#4400 = EDGE_CURVE ( 'NONE', #9418, #95, #1702, .T. ) ;
#4401 = AXIS2_PLACEMENT_3D ( 'NONE', #9678, #5475, #8848 ) ;
#4402 = EDGE_CURVE ( 'NONE', #229, #10241, #8465, .T. ) ;
#4403 = CARTESIAN_POINT ( 'NONE',  ( 93.30000000000013927, -72.05000000000008242, 6.349999999999999645 ) ) ;
#4404 = VECTOR ( 'NONE', #369, 1000.000000000000000 ) ;
#4405 = CARTESIAN_POINT ( 'NONE',  ( 113.3000000000001108, -32.05000000000007532, -0.000000000000000000 ) ) ;
#4406 = VERTEX_POINT ( 'NONE', #882 ) ;
#4407 = DIRECTION ( 'NONE',  ( -1.000000000000000000, 0.000000000000000000, 0.000000000000000000 ) ) ;
#4408 = ORIENTED_EDGE ( 'NONE', *, *, #10738, .T. ) ;
#4409 = VERTEX_POINT ( 'NONE', #2607 ) ;
#4410 = AXIS2_PLACEMENT_3D ( 'NONE', #2137, #1043, #9665 ) ;
#4411 = CARTESIAN_POINT ( 'NONE',  ( 91.75000000000000000, -20.00000000000003197, 6.349999999999999645 ) ) ;
#4412 = DIRECTION ( 'NONE',  ( -1.000000000000000000, 0.000000000000000000, 0.000000000000000000 ) ) ;
#4413 = EDGE_LOOP ( 'NONE', ( #6710, #3214, #1300, #634 ) ) ;
#4414 = EDGE_CURVE ( 'NONE', #2948, #7676, #2713, .T. ) ;
#4415 = EDGE_CURVE ( 'NONE', #229, #6612, #10332, .T. ) ;
#4416 = LINE ( 'NONE', #7146, #3843 ) ;
#4417 = ORIENTED_EDGE ( 'NONE', *, *, #5168, .T. ) ;
#4418 = DIRECTION ( 'NONE',  ( -1.000000000000000000, 0.000000000000000000, 0.000000000000000000 ) ) ;
#4419 = ORIENTED_EDGE ( 'NONE', *, *, #10503, .F. ) ;
#4420 = DIRECTION ( 'NONE',  ( 0.000000000000000000, 0.000000000000000000, 1.000000000000000000 ) ) ;
#4421 = LINE ( 'NONE', #1973, #2975 ) ;
#4422 = DIRECTION ( 'NONE',  ( 6.938893903907227392E-16, -1.000000000000000000, 0.000000000000000000 ) ) ;
#4423 = ORIENTED_EDGE ( 'NONE', *, *, #386, .F. ) ;
#4424 = CARTESIAN_POINT ( 'NONE',  ( 111.7500000000000000, -20.00000000000003197, 6.349999999999999645 ) ) ;
#4425 = DIRECTION ( 'NONE',  ( 0.000000000000000000, 0.000000000000000000, 1.000000000000000000 ) ) ;
#4426 = EDGE_LOOP ( 'NONE', ( #9944, #593, #4671, #1653 ) ) ;
#4427 = DIRECTION ( 'NONE',  ( -1.000000000000000000, 0.000000000000000000, 0.000000000000000000 ) ) ;
#4428 = ORIENTED_EDGE ( 'NONE', *, *, #555, .F. ) ;
#4429 = VERTEX_POINT ( 'NONE', #5030 ) ;
#4430 = DIRECTION ( 'NONE',  ( 3.469446951953613696E-16, -1.000000000000000000, -0.000000000000000000 ) ) ;
#4431 = EDGE_CURVE ( 'NONE', #1292, #4044, #9349, .T. ) ;
#4432 = CARTESIAN_POINT ( 'NONE',  ( 190.2000000000001592, -32.05000000000007532, 6.349999999999999645 ) ) ;
#4433 = ORIENTED_EDGE ( 'NONE', *, *, #8389, .F. ) ;
#4434 = CARTESIAN_POINT ( 'NONE',  ( 153.3000000000000682, 32.05000000000005400, 6.349999999999999645 ) ) ;
#4435 = DIRECTION ( 'NONE',  ( -1.000000000000000000, 0.000000000000000000, 0.000000000000000000 ) ) ;
#4436 = VERTEX_POINT ( 'NONE', #2661 ) ;
#4437 = CARTESIAN_POINT ( 'NONE',  ( 113.3000000000001535, -72.05000000000008242, 6.349999999999999645 ) ) ;
#4438 = DIRECTION ( 'NONE',  ( 0.000000000000000000, 0.000000000000000000, 1.000000000000000000 ) ) ;
#4439 = FACE_OUTER_BOUND ( 'NONE', #10273, .T. ) ;
#4440 = ORIENTED_EDGE ( 'NONE', *, *, #8855, .F. ) ;
#4441 = EDGE_LOOP ( 'NONE', ( #4150, #813, #1160, #582 ) ) ;
#4442 = CARTESIAN_POINT ( 'NONE',  ( 243.3000000000000682, -5.400000000000041211, 0.000000000000000000 ) ) ;
#4443 = ADVANCED_FACE ( 'NONE', ( #5913 ), #8402, .T. ) ;
#4444 = ADVANCED_FACE ( 'NONE', ( #7796 ), #206, .F. ) ;
#4445 = FACE_BOUND ( 'NONE', #9661, .T. ) ;
#4446 = ORIENTED_EDGE ( 'NONE', *, *, #191, .F. ) ;
#4447 = EDGE_LOOP ( 'NONE', ( #5765, #9901, #6185, #9954 ) ) ;
#4448 = CARTESIAN_POINT ( 'NONE',  ( 193.2999999999999829, 20.00000000000000355, 6.349999999999999645 ) ) ;
#4449 = CARTESIAN_POINT ( 'NONE',  ( 150.2000000000001023, 32.05000000000005400, 6.349999999999999645 ) ) ;
#4450 = CARTESIAN_POINT ( 'NONE',  ( 141.7500000000001137, -32.05000000000007532, 6.349999999999999645 ) ) ;
#4451 = EDGE_CURVE ( 'NONE', #1790, #5451, #6957, .T. ) ;
#4452 = CARTESIAN_POINT ( 'NONE',  ( 151.7500000000001705, -72.05000000000008242, 6.349999999999999645 ) ) ;
#4453 = LINE ( 'NONE', #5282, #4686 ) ;
#4454 = ORIENTED_EDGE ( 'NONE', *, *, #3858, .F. ) ;
#4455 = DIRECTION ( 'NONE',  ( -0.000000000000000000, -0.000000000000000000, -1.000000000000000000 ) ) ;
#4456 = ORIENTED_EDGE ( 'NONE', *, *, #5600, .T. ) ;
#4457 = EDGE_CURVE ( 'NONE', #9210, #4553, #1711, .T. ) ;
#4458 = ADVANCED_FACE ( 'NONE', ( #5145 ), #10116, .T. ) ;
#4459 = CARTESIAN_POINT ( 'NONE',  ( 60.20000000000017337, -72.05000000000008242, 0.000000000000000000 ) ) ;
#4460 = DIRECTION ( 'NONE',  ( 0.000000000000000000, 0.000000000000000000, 1.000000000000000000 ) ) ;
#4461 = VERTEX_POINT ( 'NONE', #3379 ) ;
#4462 = DIRECTION ( 'NONE',  ( 1.000000000000000000, 0.000000000000000000, 0.000000000000000000 ) ) ;
#4463 = ORIENTED_EDGE ( 'NONE', *, *, #4005, .F. ) ;
#4464 = CARTESIAN_POINT ( 'NONE',  ( 313.3000000000000114, 5.399999999999999467, 6.349999999999999645 ) ) ;
#4465 = EDGE_LOOP ( 'NONE', ( #6705, #3159, #7798, #9731 ) ) ;
#4466 = DIRECTION ( 'NONE',  ( 1.000000000000000000, 0.000000000000000000, 0.000000000000000000 ) ) ;
#4467 = EDGE_CURVE ( 'NONE', #10334, #9982, #6744, .T. ) ;
#4468 = EDGE_CURVE ( 'NONE', #10617, #7121, #4270, .T. ) ;
#4469 = EDGE_CURVE ( 'NONE', #4819, #3305, #10398, .T. ) ;
#4470 = CARTESIAN_POINT ( 'NONE',  ( 41.75000000000008527, 32.05000000000005400, 6.349999999999999645 ) ) ;
#4471 = CARTESIAN_POINT ( 'NONE',  ( 60.20000000000010232, -19.99999999999992184, 0.000000000000000000 ) ) ;
#4472 = EDGE_LOOP ( 'NONE', ( #4969, #6310, #9145, #3596 ) ) ;
#4473 = VECTOR ( 'NONE', #2359, 1000.000000000000000 ) ;
#4474 = PRESENTATION_LAYER_ASSIGNMENT (  '', '', ( #1096 ) ) ;
#4475 = CARTESIAN_POINT ( 'NONE',  ( 110.2000000000000881, 32.05000000000005400, 6.349999999999999645 ) ) ;
#4476 = DIRECTION ( 'NONE',  ( 6.938893903907229364E-16, -1.000000000000000000, 0.000000000000000000 ) ) ;
#4477 = ORIENTED_EDGE ( 'NONE', *, *, #7572, .T. ) ;
#4478 = DIRECTION ( 'NONE',  ( 0.000000000000000000, 0.000000000000000000, 1.000000000000000000 ) ) ;
#4479 = EDGE_LOOP ( 'NONE', ( #2478, #1399, #8925, #3501 ) ) ;
#4480 = ORIENTED_EDGE ( 'NONE', *, *, #6007, .T. ) ;
#4481 = FACE_OUTER_BOUND ( 'NONE', #5018, .T. ) ;
#4482 = CIRCLE ( 'NONE', #10645, 1.549999999999995826 ) ;
#4483 = EDGE_CURVE ( 'NONE', #2241, #8593, #417, .T. ) ;
#4484 = PLANE ( 'NONE',  #4705 ) ;
#4485 = ORIENTED_EDGE ( 'NONE', *, *, #2562, .T. ) ;
#4486 = LINE ( 'NONE', #3810, #4543 ) ;
#4487 = DIRECTION ( 'NONE',  ( 0.000000000000000000, 0.000000000000000000, 1.000000000000000000 ) ) ;
#4488 = EDGE_LOOP ( 'NONE', ( #1362, #8301, #9327, #6827 ) ) ;
#4489 = AXIS2_PLACEMENT_3D ( 'NONE', #8703, #2805, #7203 ) ;
#4490 = VECTOR ( 'NONE', #2506, 1000.000000000000000 ) ;
#4491 = DIRECTION ( 'NONE',  ( 0.000000000000000000, 1.000000000000000000, 0.000000000000000000 ) ) ;
#4492 = FACE_OUTER_BOUND ( 'NONE', #7219, .T. ) ;
#4493 = EDGE_LOOP ( 'NONE', ( #10305, #6037, #7855, #5897 ) ) ;
#4494 = EDGE_LOOP ( 'NONE', ( #4539, #7450, #9329, #6128 ) ) ;
#4495 = DIRECTION ( 'NONE',  ( 1.000000000000000000, 0.000000000000000000, 0.000000000000000000 ) ) ;
#4496 = FACE_BOUND ( 'NONE', #5361, .T. ) ;
#4497 = ORIENTED_EDGE ( 'NONE', *, *, #5996, .F. ) ;
#4498 = EDGE_LOOP ( 'NONE', ( #1905, #9883, #6390, #9345 ) ) ;
#4499 = CARTESIAN_POINT ( 'NONE',  ( 253.3000000000000114, 5.399999999999999467, 6.349999999999999645 ) ) ;
#4500 = CARTESIAN_POINT ( 'NONE',  ( 263.3000000000000114, 45.40000000000000568, 6.349999999999999645 ) ) ;
#4501 = VECTOR ( 'NONE', #5770, 1000.000000000000000 ) ;
#4502 = LINE ( 'NONE', #2419, #2058 ) ;
#4503 = EDGE_CURVE ( 'NONE', #6702, #3109, #4687, .T. ) ;
#4504 = CARTESIAN_POINT ( 'NONE',  ( 293.3000000000000114, 45.40000000000000568, 6.349999999999999645 ) ) ;
#4505 = DIRECTION ( 'NONE',  ( -0.000000000000000000, -0.000000000000000000, -1.000000000000000000 ) ) ;
#4506 = ORIENTED_EDGE ( 'NONE', *, *, #10298, .T. ) ;
#4507 = DIRECTION ( 'NONE',  ( 1.000000000000000000, 0.000000000000000000, 0.000000000000000000 ) ) ;
#4508 = ORIENTED_EDGE ( 'NONE', *, *, #9499, .F. ) ;
#4509 = FACE_OUTER_BOUND ( 'NONE', #9089, .T. ) ;
#4510 = CARTESIAN_POINT ( 'NONE',  ( 91.75000000000011369, -32.05000000000007532, 6.349999999999999645 ) ) ;
#4511 = CARTESIAN_POINT ( 'NONE',  ( 171.7500000000000568, 72.05000000000005400, 6.349999999999999645 ) ) ;
#4512 = EDGE_CURVE ( 'NONE', #3445, #2825, #7891, .T. ) ;
#4513 = EDGE_CURVE ( 'NONE', #10048, #5507, #4709, .T. ) ;
#4514 = VECTOR ( 'NONE', #10227, 1000.000000000000000 ) ;
#4515 = CARTESIAN_POINT ( 'NONE',  ( 111.7500000000000711, 72.05000000000005400, 6.349999999999999645 ) ) ;
#4516 = VERTEX_POINT ( 'NONE', #257 ) ;
#4517 = LINE ( 'NONE', #9430, #3814 ) ;
#4518 = ORIENTED_EDGE ( 'NONE', *, *, #4584, .F. ) ;
#4519 = LINE ( 'NONE', #6939, #10205 ) ;
#4520 = CARTESIAN_POINT ( 'NONE',  ( 291.7500000000000000, 5.399999999999998579, 6.349999999999999645 ) ) ;
#4521 = LINE ( 'NONE', #7889, #10300 ) ;
#4522 = VERTEX_POINT ( 'NONE', #477 ) ;
#4523 = AXIS2_PLACEMENT_3D ( 'NONE', #6379, #350, #1236 ) ;
#4524 = AXIS2_PLACEMENT_3D ( 'NONE', #1064, #2899, #6257 ) ;
#4525 = EDGE_CURVE ( 'NONE', #677, #3795, #10885, .T. ) ;
#4526 = EDGE_CURVE ( 'NONE', #6684, #3407, #4486, .T. ) ;
#4527 = CARTESIAN_POINT ( 'NONE',  ( 70.20000000000008811, 20.00000000000000355, 0.000000000000000000 ) ) ;
#4528 = CIRCLE ( 'NONE', #6109, 1.549999999999995826 ) ;
#4530 = DIRECTION ( 'NONE',  ( 6.938893903907227392E-16, -1.000000000000000000, 0.000000000000000000 ) ) ;
#4529 = VECTOR ( 'NONE', #3046, 1000.000000000000000 ) ;
#4531 = EDGE_LOOP ( 'NONE', ( #875, #4265, #3685, #1065 ) ) ;
#4532 = VECTOR ( 'NONE', #7354, 1000.000000000000000 ) ;
#4533 = CARTESIAN_POINT ( 'NONE',  ( 263.2999999999999545, 5.399999999999999467, 6.349999999999999645 ) ) ;
#4534 = ORIENTED_EDGE ( 'NONE', *, *, #4451, .F. ) ;
#4535 = ORIENTED_EDGE ( 'NONE', *, *, #8376, .T. ) ;
#4536 = LINE ( 'NONE', #3593, #3692 ) ;
#4537 = CARTESIAN_POINT ( 'NONE',  ( 111.7500000000000853, 32.05000000000005400, 6.349999999999999645 ) ) ;
#4538 = FACE_BOUND ( 'NONE', #9782, .T. ) ;
#4539 = ORIENTED_EDGE ( 'NONE', *, *, #3265, .T. ) ;
#4540 = DIRECTION ( 'NONE',  ( 1.387778780781445676E-15, -1.000000000000000000, 0.000000000000000000 ) ) ;
#4541 = AXIS2_PLACEMENT_3D ( 'NONE', #614, #4013, #6925 ) ;
#4542 = EDGE_CURVE ( 'NONE', #9873, #4762, #3651, .T. ) ;
#4543 = VECTOR ( 'NONE', #7849, 1000.000000000000000 ) ;
#4544 = ADVANCED_FACE ( 'NONE', ( #1302 ), #5464, .F. ) ;
#4545 = DIRECTION ( 'NONE',  ( -1.000000000000000000, 0.000000000000000000, 0.000000000000000000 ) ) ;
#4546 = VECTOR ( 'NONE', #3691, 1000.000000000000000 ) ;
#4547 = CARTESIAN_POINT ( 'NONE',  ( 251.7500000000001421, -45.40000000000003411, 0.000000000000000000 ) ) ;
#4548 = EDGE_LOOP ( 'NONE', ( #2921, #1476, #98, #1662 ) ) ;
#4549 = EDGE_LOOP ( 'NONE', ( #9663, #4230, #2012, #8291 ) ) ;
#4550 = CARTESIAN_POINT ( 'NONE',  ( 210.2000000000001023, 32.05000000000005400, 0.000000000000000000 ) ) ;
#4551 = FACE_BOUND ( 'NONE', #10412, .T. ) ;
#4552 = ORIENTED_EDGE ( 'NONE', *, *, #4164, .F. ) ;
#4553 = VERTEX_POINT ( 'NONE', #9559 ) ;
#4554 = FACE_OUTER_BOUND ( 'NONE', #877, .T. ) ;
#4555 = DIRECTION ( 'NONE',  ( -0.000000000000000000, -1.000000000000000000, -0.000000000000000000 ) ) ;
#4556 = LINE ( 'NONE', #8642, #10880 ) ;
#4557 = AXIS2_PLACEMENT_3D ( 'NONE', #5651, #1732, #2629 ) ;
#4558 = AXIS2_PLACEMENT_3D ( 'NONE', #8496, #2414, #6782 ) ;
#4559 = DIRECTION ( 'NONE',  ( 1.000000000000000000, 0.000000000000000000, 0.000000000000000000 ) ) ;
#4560 = DIRECTION ( 'NONE',  ( 0.000000000000000000, 0.000000000000000000, 1.000000000000000000 ) ) ;
#4561 = CIRCLE ( 'NONE', #9843, 1.549999999999995826 ) ;
#4562 = LINE ( 'NONE', #10301, #10863 ) ;
#4563 = VERTEX_POINT ( 'NONE', #10442 ) ;
#4564 = DIRECTION ( 'NONE',  ( -1.000000000000000000, 0.000000000000000000, 0.000000000000000000 ) ) ;
#4565 = AXIS2_PLACEMENT_3D ( 'NONE', #5813, #9239, #1548 ) ;
#4566 = ORIENTED_EDGE ( 'NONE', *, *, #8991, .T. ) ;
#4567 = EDGE_CURVE ( 'NONE', #8609, #4461, #7012, .T. ) ;
#4568 = CYLINDRICAL_SURFACE ( 'NONE', #1687, 6.000000000000005329 ) ;
#4569 = LINE ( 'NONE', #10425, #5892 ) ;
#4570 = CARTESIAN_POINT ( 'NONE',  ( 250.2000000000001023, -5.400000000000034994, 6.349999999999999645 ) ) ;
#4571 = VECTOR ( 'NONE', #2046, 1000.000000000000000 ) ;
#4572 = AXIS2_PLACEMENT_3D ( 'NONE', #697, #3199, #2362 ) ;
#4573 = CARTESIAN_POINT ( 'NONE',  ( 143.3000000000001535, -72.05000000000008242, 6.349999999999999645 ) ) ;
#4574 = AXIS2_PLACEMENT_3D ( 'NONE', #3142, #8278, #6508 ) ;
#4575 = ORIENTED_EDGE ( 'NONE', *, *, #6679, .F. ) ;
#4576 = FACE_OUTER_BOUND ( 'NONE', #3884, .T. ) ;
#4577 = VERTEX_POINT ( 'NONE', #8888 ) ;
#4578 = LINE ( 'NONE', #3744, #4205 ) ;
#4579 = ADVANCED_FACE ( 'NONE', ( #5509 ), #3875, .T. ) ;
#4580 = AXIS2_PLACEMENT_3D ( 'NONE', #3703, #2596, #9746 ) ;
#4581 = DIRECTION ( 'NONE',  ( 6.938893903907227392E-16, -1.000000000000000000, -0.000000000000000000 ) ) ;
#4582 = DIRECTION ( 'NONE',  ( -1.000000000000000000, 0.000000000000000000, 0.000000000000000000 ) ) ;
#4583 = ORIENTED_EDGE ( 'NONE', *, *, #9859, .F. ) ;
#4584 = EDGE_CURVE ( 'NONE', #1227, #9406, #7229, .T. ) ;
#4585 = CARTESIAN_POINT ( 'NONE',  ( 73.30000000000011084, -32.05000000000007532, 6.349999999999999645 ) ) ;
#4586 = VERTEX_POINT ( 'NONE', #8729 ) ;
#4587 = DIRECTION ( 'NONE',  ( 0.000000000000000000, 0.000000000000000000, 1.000000000000000000 ) ) ;
#4588 = ORIENTED_EDGE ( 'NONE', *, *, #3574, .F. ) ;
#4589 = ORIENTED_EDGE ( 'NONE', *, *, #3976, .F. ) ;
#4590 = CARTESIAN_POINT ( 'NONE',  ( 80.20000000000010232, -19.99999999999992184, 0.000000000000000000 ) ) ;
#4591 = DIRECTION ( 'NONE',  ( -0.000000000000000000, -0.000000000000000000, -1.000000000000000000 ) ) ;
#4592 = FACE_BOUND ( 'NONE', #10744, .T. ) ;
#4593 = ORIENTED_EDGE ( 'NONE', *, *, #5566, .F. ) ;
#4594 = EDGE_CURVE ( 'NONE', #8027, #10509, #2094, .T. ) ;
#4595 = EDGE_CURVE ( 'NONE', #3201, #9154, #3496, .T. ) ;
#4596 = DIRECTION ( 'NONE',  ( 1.000000000000000000, 0.000000000000000000, 0.000000000000000000 ) ) ;
#4597 = CARTESIAN_POINT ( 'NONE',  ( 223.3000000000000682, 32.05000000000005400, 6.349999999999999645 ) ) ;
#4598 = DIRECTION ( 'NONE',  ( -1.734723475976807094E-16, 1.000000000000000000, 0.000000000000000000 ) ) ;
#4599 = DIRECTION ( 'NONE',  ( -6.938893903907241197E-16, 1.000000000000000000, 0.000000000000000000 ) ) ;
#4600 = VERTEX_POINT ( 'NONE', #6239 ) ;
#4601 = ORIENTED_EDGE ( 'NONE', *, *, #7130, .T. ) ;
#4602 = CARTESIAN_POINT ( 'NONE',  ( 203.3000000000000966, -32.05000000000007532, 6.349999999999999645 ) ) ;
#4603 = FACE_BOUND ( 'NONE', #8771, .T. ) ;
#4604 = ORIENTED_EDGE ( 'NONE', *, *, #10078, .T. ) ;
#4605 = ORIENTED_EDGE ( 'NONE', *, *, #10338, .F. ) ;
#4606 = DIRECTION ( 'NONE',  ( 1.000000000000000000, 2.289122957394680433E-16, -0.000000000000000000 ) ) ;
#4607 = CARTESIAN_POINT ( 'NONE',  ( 7.160000000000001918, -20.00000000000000000, 6.349999999999999645 ) ) ;
#4608 = ORIENTED_EDGE ( 'NONE', *, *, #10410, .T. ) ;
#4609 = EDGE_CURVE ( 'NONE', #3028, #6175, #9608, .T. ) ;
#4610 = EDGE_CURVE ( 'NONE', #3339, #3812, #2036, .T. ) ;
#4611 = DIRECTION ( 'NONE',  ( -0.000000000000000000, -0.000000000000000000, -1.000000000000000000 ) ) ;
#4612 = CARTESIAN_POINT ( 'NONE',  ( 153.3000000000000682, 72.05000000000005400, 0.000000000000000000 ) ) ;
#4613 = CARTESIAN_POINT ( 'NONE',  ( 153.3000000000000682, 32.05000000000005400, 0.000000000000000000 ) ) ;
#4614 = EDGE_LOOP ( 'NONE', ( #9582, #1199, #4153, #8911 ) ) ;
#4615 = CARTESIAN_POINT ( 'NONE',  ( 31.75000000000007816, 72.05000000000005400, 6.349999999999999645 ) ) ;
#4616 = ORIENTED_EDGE ( 'NONE', *, *, #7826, .F. ) ;
#4617 = LINE ( 'NONE', #1123, #4027 ) ;
#4618 = DIRECTION ( 'NONE',  ( 0.000000000000000000, 1.000000000000000000, 0.000000000000000000 ) ) ;
#4619 = CARTESIAN_POINT ( 'NONE',  ( 110.2000000000001307, -32.05000000000007532, 0.000000000000000000 ) ) ;
#4620 = DIRECTION ( 'NONE',  ( 1.000000000000000000, 3.469446951953620598E-16, -0.000000000000000000 ) ) ;
#4621 = EDGE_CURVE ( 'NONE', #7977, #7678, #1202, .T. ) ;
#4622 = ORIENTED_EDGE ( 'NONE', *, *, #9588, .F. ) ;
#4623 = CARTESIAN_POINT ( 'NONE',  ( 151.7500000000001137, 32.05000000000005400, 6.349999999999999645 ) ) ;
#4624 = ORIENTED_EDGE ( 'NONE', *, *, #9976, .F. ) ;
#4625 = DIRECTION ( 'NONE',  ( -0.000000000000000000, -0.000000000000000000, -1.000000000000000000 ) ) ;
#4626 = CARTESIAN_POINT ( 'NONE',  ( 290.1999999999999886, 5.399999999999998579, 6.349999999999999645 ) ) ;
#4627 = FACE_OUTER_BOUND ( 'NONE', #6075, .T. ) ;
#4628 = ORIENTED_EDGE ( 'NONE', *, *, #1336, .F. ) ;
#4629 = CARTESIAN_POINT ( 'NONE',  ( 153.3000000000000682, 32.05000000000005400, 6.349999999999999645 ) ) ;
#4630 = EDGE_CURVE ( 'NONE', #7238, #9709, #123, .T. ) ;
#4631 = VERTEX_POINT ( 'NONE', #8942 ) ;
#4632 = CARTESIAN_POINT ( 'NONE',  ( 210.2000000000001023, -19.99999999999992184, 0.000000000000000000 ) ) ;
#4633 = EDGE_LOOP ( 'NONE', ( #6715, #5800, #2769, #5819 ) ) ;
#4634 = ORIENTED_EDGE ( 'NONE', *, *, #5984, .F. ) ;
#4635 = CYLINDRICAL_SURFACE ( 'NONE', #8091, 1.549999999999988942 ) ;
#4636 = DIRECTION ( 'NONE',  ( -8.673617379884034486E-16, 1.000000000000000000, -0.000000000000000000 ) ) ;
#4637 = FACE_BOUND ( 'NONE', #8588, .T. ) ;
#4638 = EDGE_LOOP ( 'NONE', ( #6046, #8277, #3154, #5118 ) ) ;
#4639 = VECTOR ( 'NONE', #5862, 1000.000000000000000 ) ;
#4640 = CARTESIAN_POINT ( 'NONE',  ( 233.3000000000000114, 5.399999999999999467, 6.349999999999999645 ) ) ;
#4641 = LINE ( 'NONE', #2144, #3829 ) ;
#4642 = EDGE_CURVE ( 'NONE', #10792, #7231, #9047, .T. ) ;
#4643 = LINE ( 'NONE', #6457, #4404 ) ;
#4644 = CARTESIAN_POINT ( 'NONE',  ( 173.3000000000001535, -72.05000000000008242, 6.349999999999999645 ) ) ;
#4645 = VERTEX_POINT ( 'NONE', #10604 ) ;
#4646 = ORIENTED_EDGE ( 'NONE', *, *, #4131, .T. ) ;
#4647 = CARTESIAN_POINT ( 'NONE',  ( 173.3000000000000966, -32.05000000000007532, 6.349999999999999645 ) ) ;
#4648 = DIRECTION ( 'NONE',  ( 6.938893903907227392E-16, -1.000000000000000000, 0.000000000000000000 ) ) ;
#4649 = ORIENTED_EDGE ( 'NONE', *, *, #9990, .T. ) ;
#4650 = DIRECTION ( 'NONE',  ( 1.000000000000000000, 1.387778780781445676E-15, -0.000000000000000000 ) ) ;
#4651 = CARTESIAN_POINT ( 'NONE',  ( 210.2000000000001592, -72.05000000000008242, 0.000000000000000000 ) ) ;
#4652 = ORIENTED_EDGE ( 'NONE', *, *, #4830, .T. ) ;
#4653 = PLANE ( 'NONE',  #5758 ) ;
#4654 = VECTOR ( 'NONE', #5834, 1000.000000000000000 ) ;
#4655 = CIRCLE ( 'NONE', #10122, 1.549999999999995826 ) ;
#4656 = ORIENTED_EDGE ( 'NONE', *, *, #7762, .F. ) ;
#4657 = EDGE_CURVE ( 'NONE', #3795, #5941, #6610, .T. ) ;
#4658 = CARTESIAN_POINT ( 'NONE',  ( 113.2999999999999829, 20.00000000000000355, 0.000000000000000000 ) ) ;
#4659 = EDGE_CURVE ( 'NONE', #2784, #5706, #640, .T. ) ;
#4660 = EDGE_CURVE ( 'NONE', #4759, #4100, #10817, .T. ) ;
#4661 = LINE ( 'NONE', #7247, #10177 ) ;
#4662 = VERTEX_POINT ( 'NONE', #7329 ) ;
#4663 = DIRECTION ( 'NONE',  ( -1.387778780781445478E-15, 1.000000000000000000, -0.000000000000000000 ) ) ;
#4664 = ORIENTED_EDGE ( 'NONE', *, *, #308, .F. ) ;
#4665 = CARTESIAN_POINT ( 'NONE',  ( 300.2000000000000455, 5.399999999999998579, 6.349999999999999645 ) ) ;
#4666 = FACE_OUTER_BOUND ( 'NONE', #8675, .T. ) ;
#4667 = DIRECTION ( 'NONE',  ( 1.040834085586084059E-15, -1.000000000000000000, 0.000000000000000000 ) ) ;
#4668 = CYLINDRICAL_SURFACE ( 'NONE', #2967, 1.549999999999995826 ) ;
#4669 = EDGE_CURVE ( 'NONE', #1978, #9272, #3034, .T. ) ;
#4670 = EDGE_CURVE ( 'NONE', #5116, #9192, #4023, .T. ) ;
#4671 = ORIENTED_EDGE ( 'NONE', *, *, #7634, .T. ) ;
#4672 = LINE ( 'NONE', #2019, #1683 ) ;
#4673 = ORIENTED_EDGE ( 'NONE', *, *, #7645, .T. ) ;
#4674 = LINE ( 'NONE', #515, #3313 ) ;
#4675 = DIRECTION ( 'NONE',  ( 0.000000000000000000, 1.000000000000000000, 0.000000000000000000 ) ) ;
#4676 = DIRECTION ( 'NONE',  ( -1.000000000000000000, 0.000000000000000000, 0.000000000000000000 ) ) ;
#4677 = VERTEX_POINT ( 'NONE', #3248 ) ;
#4678 = AXIS2_PLACEMENT_3D ( 'NONE', #2199, #5518, #5571 ) ;
#4679 = DIRECTION ( 'NONE',  ( -6.938893903907227392E-16, 1.000000000000000000, -0.000000000000000000 ) ) ;
#4680 = VERTEX_POINT ( 'NONE', #8218 ) ;
#4681 = DIRECTION ( 'NONE',  ( 1.000000000000000000, 0.000000000000000000, 0.000000000000000000 ) ) ;
#4682 = ORIENTED_EDGE ( 'NONE', *, *, #3053, .F. ) ;
#4683 = EDGE_LOOP ( 'NONE', ( #7088, #816, #3427, #1266 ) ) ;
#4684 = CARTESIAN_POINT ( 'NONE',  ( 80.20000000000010232, -19.99999999999992184, 6.349999999999999645 ) ) ;
#4685 = CIRCLE ( 'NONE', #2209, 1.549999999999995826 ) ;
#4686 = VECTOR ( 'NONE', #2115, 1000.000000000000000 ) ;
#4687 = LINE ( 'NONE', #5309, #9477 ) ;
#4688 = FACE_BOUND ( 'NONE', #1313, .T. ) ;
#4689 = ORIENTED_EDGE ( 'NONE', *, *, #4567, .F. ) ;
#4690 = CYLINDRICAL_SURFACE ( 'NONE', #9921, 1.549999999999995826 ) ;
#4691 = EDGE_CURVE ( 'NONE', #3388, #7339, #9881, .T. ) ;
#4692 = AXIS2_PLACEMENT_3D ( 'NONE', #2460, #5207, #9083 ) ;
#4693 = LINE ( 'NONE', #641, #5759 ) ;
#4694 = DIRECTION ( 'NONE',  ( 1.000000000000000000, 0.000000000000000000, 0.000000000000000000 ) ) ;
#4695 = CARTESIAN_POINT ( 'NONE',  ( 241.7500000000000284, 5.399999999999998579, 6.349999999999999645 ) ) ;
#4696 = ORIENTED_EDGE ( 'NONE', *, *, #4194, .F. ) ;
#4697 = VERTEX_POINT ( 'NONE', #580 ) ;
#4698 = CARTESIAN_POINT ( 'NONE',  ( 193.3000000000000966, -32.05000000000007532, 0.000000000000000000 ) ) ;
#4699 = CARTESIAN_POINT ( 'NONE',  ( 50.20000000000010232, -19.99999999999992184, 0.000000000000000000 ) ) ;
#4700 = CIRCLE ( 'NONE', #3834, 1.549999999999995826 ) ;
#4701 = VERTEX_POINT ( 'NONE', #9821 ) ;
#4702 = LINE ( 'NONE', #7187, #1540 ) ;
#4703 = CARTESIAN_POINT ( 'NONE',  ( 310.2000000000000455, -5.399999999999993250, 6.349999999999999645 ) ) ;
#4704 = ORIENTED_EDGE ( 'NONE', *, *, #4457, .F. ) ;
#4705 = AXIS2_PLACEMENT_3D ( 'NONE', #7010, #6904, #7847 ) ;
#4706 = EDGE_CURVE ( 'NONE', #4856, #8609, #4034, .T. ) ;
#4707 = ADVANCED_FACE ( 'NONE', ( #5723 ), #2253, .F. ) ;
#4708 = FACE_OUTER_BOUND ( 'NONE', #10444, .T. ) ;
#4709 = CIRCLE ( 'NONE', #3121, 1.549999999999968070 ) ;
#4710 = AXIS2_PLACEMENT_3D ( 'NONE', #6000, #9368, #1789 ) ;
#4711 = CIRCLE ( 'NONE', #10370, 1.549999999999995826 ) ;
#4712 = CARTESIAN_POINT ( 'NONE',  ( 253.3000000000001251, -45.40000000000004121, 0.000000000000000000 ) ) ;
#4713 = DIRECTION ( 'NONE',  ( 0.000000000000000000, 0.000000000000000000, 1.000000000000000000 ) ) ;
#4714 = EDGE_LOOP ( 'NONE', ( #10074, #10389, #8725, #3327 ) ) ;
#4715 = DIRECTION ( 'NONE',  ( 1.000000000000000000, 0.000000000000000000, 0.000000000000000000 ) ) ;
#4716 = VECTOR ( 'NONE', #10492, 1000.000000000000000 ) ;
#4717 = ORIENTED_EDGE ( 'NONE', *, *, #10771, .T. ) ;
#4718 = CIRCLE ( 'NONE', #295, 1.549999999999995826 ) ;
#4719 = DIRECTION ( 'NONE',  ( 0.000000000000000000, 0.000000000000000000, 1.000000000000000000 ) ) ;
#4720 = CARTESIAN_POINT ( 'NONE',  ( 160.2000000000001592, -72.05000000000008242, 6.349999999999999645 ) ) ;
#4721 = EDGE_CURVE ( 'NONE', #6350, #8609, #9133, .T. ) ;
#4722 = EDGE_CURVE ( 'NONE', #10878, #4348, #10713, .T. ) ;
#4723 = VECTOR ( 'NONE', #10695, 1000.000000000000000 ) ;
#4724 = CIRCLE ( 'NONE', #10733, 1.549999999999995826 ) ;
#4725 = CARTESIAN_POINT ( 'NONE',  ( 103.3000000000001535, -72.05000000000008242, 0.000000000000000000 ) ) ;
#4726 = DIRECTION ( 'NONE',  ( 0.000000000000000000, 0.000000000000000000, 1.000000000000000000 ) ) ;
#4727 = VERTEX_POINT ( 'NONE', #9768 ) ;
#4728 = CARTESIAN_POINT ( 'NONE',  ( 211.7500000000001137, 32.05000000000005400, 6.349999999999999645 ) ) ;
#4729 = ORIENTED_EDGE ( 'NONE', *, *, #10520, .T. ) ;
#4730 = CARTESIAN_POINT ( 'NONE',  ( 193.3000000000000966, 32.05000000000005400, 0.000000000000000000 ) ) ;
#4731 = DIRECTION ( 'NONE',  ( 0.000000000000000000, 0.000000000000000000, 1.000000000000000000 ) ) ;
#4732 = CIRCLE ( 'NONE', #10386, 1.549999999999995826 ) ;
#4733 = FACE_OUTER_BOUND ( 'NONE', #1092, .T. ) ;
#4734 = DIRECTION ( 'NONE',  ( 1.000000000000000000, 6.938893903907227392E-16, -0.000000000000000000 ) ) ;
#4735 = ORIENTED_EDGE ( 'NONE', *, *, #6604, .T. ) ;
#4736 = EDGE_CURVE ( 'NONE', #1631, #8571, #826, .T. ) ;
#4737 = EDGE_CURVE ( 'NONE', #3984, #2948, #4796, .T. ) ;
#4738 = CIRCLE ( 'NONE', #10916, 1.549999999999995826 ) ;
#4739 = CIRCLE ( 'NONE', #4410, 1.549999999999988942 ) ;
#4740 = LINE ( 'NONE', #8933, #8768 ) ;
#4741 = EDGE_LOOP ( 'NONE', ( #1158, #6582, #2232, #7325 ) ) ;
#4742 = AXIS2_PLACEMENT_3D ( 'NONE', #1643, #811, #5021 ) ;
#4743 = DIRECTION ( 'NONE',  ( -0.2544932992796437032, 0.9670745372626464720, 0.000000000000000000 ) ) ;
#4744 = ORIENTED_EDGE ( 'NONE', *, *, #2487, .T. ) ;
#4745 = ORIENTED_EDGE ( 'NONE', *, *, #1378, .F. ) ;
#4746 = DIRECTION ( 'NONE',  ( 1.000000000000000000, 0.000000000000000000, 0.000000000000000000 ) ) ;
#4747 = DIRECTION ( 'NONE',  ( -0.000000000000000000, -1.000000000000000000, -0.000000000000000000 ) ) ;
#4748 = FACE_BOUND ( 'NONE', #1767, .T. ) ;
#4749 = ORIENTED_EDGE ( 'NONE', *, *, #2471, .T. ) ;
#4750 = CARTESIAN_POINT ( 'NONE',  ( 41.75000000000000000, 20.00000000000000355, 6.349999999999999645 ) ) ;
#4751 = CARTESIAN_POINT ( 'NONE',  ( 30.20000000000008100, 72.05000000000005400, 6.349999999999999645 ) ) ;
#4752 = DIRECTION ( 'NONE',  ( -6.938893903907241197E-16, 1.000000000000000000, 0.000000000000000000 ) ) ;
#4753 = EDGE_CURVE ( 'NONE', #10045, #2396, #7539, .T. ) ;
#4754 = DIRECTION ( 'NONE',  ( -1.000000000000000000, 0.000000000000000000, 0.000000000000000000 ) ) ;
#4755 = ORIENTED_EDGE ( 'NONE', *, *, #1557, .T. ) ;
#4756 = VERTEX_POINT ( 'NONE', #10655 ) ;
#4757 = DIRECTION ( 'NONE',  ( 0.000000000000000000, 1.000000000000000000, 0.000000000000000000 ) ) ;
#4758 = FACE_OUTER_BOUND ( 'NONE', #4741, .T. ) ;
#4759 = VERTEX_POINT ( 'NONE', #6509 ) ;
#4760 = PLANE ( 'NONE',  #453 ) ;
#4761 = CARTESIAN_POINT ( 'NONE',  ( 93.30000000000006821, 32.05000000000005400, 6.349999999999999645 ) ) ;
#4762 = VERTEX_POINT ( 'NONE', #2305 ) ;
#4763 = DIRECTION ( 'NONE',  ( -0.000000000000000000, -0.000000000000000000, -1.000000000000000000 ) ) ;
#4764 = CARTESIAN_POINT ( 'NONE',  ( 311.7500000000000568, -45.39999999999999858, 6.349999999999999645 ) ) ;
#4765 = EDGE_CURVE ( 'NONE', #6959, #10165, #3085, .T. ) ;
#4766 = CARTESIAN_POINT ( 'NONE',  ( 43.30000000000006821, 32.05000000000005400, 6.349999999999999645 ) ) ;
#4767 = ORIENTED_EDGE ( 'NONE', *, *, #6129, .T. ) ;
#4768 = ORIENTED_EDGE ( 'NONE', *, *, #3411, .T. ) ;
#4769 = FACE_OUTER_BOUND ( 'NONE', #4253, .T. ) ;
#4770 = EDGE_LOOP ( 'NONE', ( #433, #4682, #4938, #5198 ) ) ;
#4771 = DIRECTION ( 'NONE',  ( -0.000000000000000000, -0.000000000000000000, -1.000000000000000000 ) ) ;
#4772 = EDGE_CURVE ( 'NONE', #7439, #5826, #2069, .T. ) ;
#4773 = DIRECTION ( 'NONE',  ( -0.000000000000000000, -0.000000000000000000, -1.000000000000000000 ) ) ;
#4774 = DIRECTION ( 'NONE',  ( 1.000000000000000000, 0.000000000000000000, 0.000000000000000000 ) ) ;
#4775 = ADVANCED_FACE ( 'NONE', ( #1522 ), #4909, .T. ) ;
#4776 = FACE_OUTER_BOUND ( 'NONE', #2572, .T. ) ;
#4777 = ADVANCED_FACE ( 'NONE', ( #8548 ), #7566, .T. ) ;
#4778 = EDGE_CURVE ( 'NONE', #7108, #5451, #10876, .T. ) ;
#4779 = ORIENTED_EDGE ( 'NONE', *, *, #2230, .T. ) ;
#4780 = CARTESIAN_POINT ( 'NONE',  ( 233.3000000000000114, 5.399999999999999467, 0.000000000000000000 ) ) ;
#4781 = ORIENTED_EDGE ( 'NONE', *, *, #7212, .F. ) ;
#4782 = CARTESIAN_POINT ( 'NONE',  ( 90.20000000000008811, 20.00000000000000355, 0.000000000000000000 ) ) ;
#4783 = CARTESIAN_POINT ( 'NONE',  ( 63.30000000000010374, -32.05000000000007532, 6.349999999999999645 ) ) ;
#4784 = CARTESIAN_POINT ( 'NONE',  ( 329.6714292284635235, -20.00000000000000355, 6.349999999999999645 ) ) ;
#4785 = CARTESIAN_POINT ( 'NONE',  ( 163.3000000000000966, -19.99999999999992184, 6.349999999999999645 ) ) ;
#4786 = ORIENTED_EDGE ( 'NONE', *, *, #3601, .F. ) ;
#4787 = DIRECTION ( 'NONE',  ( 0.000000000000000000, 0.000000000000000000, 1.000000000000000000 ) ) ;
#4788 = ADVANCED_FACE ( 'NONE', ( #3532 ), #6842, .F. ) ;
#4789 = EDGE_CURVE ( 'NONE', #10004, #4139, #6648, .T. ) ;
#4790 = EDGE_CURVE ( 'NONE', #1741, #5304, #7499, .T. ) ;
#4791 = ORIENTED_EDGE ( 'NONE', *, *, #3393, .F. ) ;
#4792 = CARTESIAN_POINT ( 'NONE',  ( 193.3000000000000966, 32.05000000000005400, 6.349999999999999645 ) ) ;
#4793 = ORIENTED_EDGE ( 'NONE', *, *, #2637, .F. ) ;
#4794 = VERTEX_POINT ( 'NONE', #9334 ) ;
#4795 = DIRECTION ( 'NONE',  ( -0.000000000000000000, -0.000000000000000000, -1.000000000000000000 ) ) ;
#4796 = LINE ( 'NONE', #3144, #464 ) ;
#4797 = DIRECTION ( 'NONE',  ( 0.000000000000000000, 0.000000000000000000, 1.000000000000000000 ) ) ;
#4798 = ORIENTED_EDGE ( 'NONE', *, *, #511, .F. ) ;
#4799 = CARTESIAN_POINT ( 'NONE',  ( 31.75000000000000000, -20.00000000000003197, 6.349999999999999645 ) ) ;
#4800 = LINE ( 'NONE', #8168, #6283 ) ;
#4801 = DIRECTION ( 'NONE',  ( 1.000000000000000000, 0.000000000000000000, 0.000000000000000000 ) ) ;
#4802 = ADVANCED_FACE ( 'NONE', ( #6894 ), #1803, .F. ) ;
#4803 = CARTESIAN_POINT ( 'NONE',  ( 40.20000000000012363, -32.05000000000007532, 0.000000000000000000 ) ) ;
#4804 = ORIENTED_EDGE ( 'NONE', *, *, #5810, .T. ) ;
#4805 = VERTEX_POINT ( 'NONE', #5181 ) ;
#4806 = CARTESIAN_POINT ( 'NONE',  ( 210.2000000000001307, -32.05000000000007532, 0.000000000000000000 ) ) ;
#4807 = VECTOR ( 'NONE', #2169, 1000.000000000000000 ) ;
#4808 = DIRECTION ( 'NONE',  ( -0.000000000000000000, -0.000000000000000000, -1.000000000000000000 ) ) ;
#4809 = ORIENTED_EDGE ( 'NONE', *, *, #933, .T. ) ;
#4810 = CARTESIAN_POINT ( 'NONE',  ( 81.75000000000015632, -72.05000000000008242, 0.000000000000000000 ) ) ;
#4811 = PLANE ( 'NONE',  #4297 ) ;
#4812 = VERTEX_POINT ( 'NONE', #2528 ) ;
#4813 = AXIS2_PLACEMENT_3D ( 'NONE', #3170, #9853, #8187 ) ;
#4814 = CARTESIAN_POINT ( 'NONE',  ( 81.75000000000008527, 32.05000000000005400, 6.349999999999999645 ) ) ;
#4815 = DIRECTION ( 'NONE',  ( -0.000000000000000000, -0.000000000000000000, -1.000000000000000000 ) ) ;
#4816 = ORIENTED_EDGE ( 'NONE', *, *, #9105, .T. ) ;
#4817 = ORIENTED_EDGE ( 'NONE', *, *, #2836, .T. ) ;
#4818 = LINE ( 'NONE', #604, #10113 ) ;
#4819 = VERTEX_POINT ( 'NONE', #5076 ) ;
#4820 = VECTOR ( 'NONE', #2240, 1000.000000000000000 ) ;
#4821 = LINE ( 'NONE', #4063, #7877 ) ;
#4822 = CARTESIAN_POINT ( 'NONE',  ( 200.2000000000001023, -19.99999999999992184, 6.349999999999999645 ) ) ;
#4823 = EDGE_CURVE ( 'NONE', #5149, #6977, #2476, .T. ) ;
#4824 = VECTOR ( 'NONE', #2052, 1000.000000000000000 ) ;
#4825 = DIRECTION ( 'NONE',  ( -1.000000000000000000, 0.000000000000000000, 0.000000000000000000 ) ) ;
#4826 = LINE ( 'NONE', #10633, #7328 ) ;
#4827 = DIRECTION ( 'NONE',  ( 6.938893903907227392E-16, -1.000000000000000000, -0.000000000000000000 ) ) ;
#4828 = ORIENTED_EDGE ( 'NONE', *, *, #10338, .T. ) ;
#4829 = LINE ( 'NONE', #4124, #8045 ) ;
#4830 = EDGE_CURVE ( 'NONE', #146, #8196, #1352, .T. ) ;
#4831 = VERTEX_POINT ( 'NONE', #27 ) ;
#4832 = CYLINDRICAL_SURFACE ( 'NONE', #1724, 1.549999999999995826 ) ;
#4833 = CARTESIAN_POINT ( 'NONE',  ( 271.7500000000000000, 45.39999999999999858, 0.000000000000000000 ) ) ;
#4834 = PLANE ( 'NONE',  #6318 ) ;
#4835 = LINE ( 'NONE', #2401, #10474 ) ;
#4836 = ORIENTED_EDGE ( 'NONE', *, *, #1324, .F. ) ;
#4837 = ADVANCED_FACE ( 'NONE', ( #5844 ), #9215, .F. ) ;
#4838 = ADVANCED_FACE ( 'NONE', ( #8497 ), #6062, .F. ) ;
#4839 = DIRECTION ( 'NONE',  ( -1.000000000000000000, -6.938893903907227392E-16, 0.000000000000000000 ) ) ;
#4840 = VERTEX_POINT ( 'NONE', #1032 ) ;
#4841 = PLANE ( 'NONE',  #4170 ) ;
#4842 = ORIENTED_EDGE ( 'NONE', *, *, #5755, .F. ) ;
#4843 = EDGE_LOOP ( 'NONE', ( #479, #5493, #1351, #7286 ) ) ;
#4844 = LINE ( 'NONE', #7441, #2636 ) ;
#4845 = DIRECTION ( 'NONE',  ( -0.000000000000000000, -0.000000000000000000, -1.000000000000000000 ) ) ;
#4846 = CARTESIAN_POINT ( 'NONE',  ( 0.000000000000000000, 0.000000000000000000, 6.349999999999999645 ) ) ;
#4847 = ORIENTED_EDGE ( 'NONE', *, *, #8963, .T. ) ;
#4848 = VECTOR ( 'NONE', #9457, 1000.000000000000000 ) ;
#4849 = EDGE_CURVE ( 'NONE', #8735, #3669, #293, .T. ) ;
#4850 = ADVANCED_FACE ( 'NONE', ( #914 ), #5129, .T. ) ;
#4851 = DIRECTION ( 'NONE',  ( 4.336808689942025625E-16, -1.000000000000000000, -0.000000000000000000 ) ) ;
#4853 = LINE ( 'NONE', #6616, #2089 ) ;
#4852 = AXIS2_PLACEMENT_3D ( 'NONE', #9441, #2761, #6130 ) ;
#4854 = VECTOR ( 'NONE', #10752, 1000.000000000000000 ) ;
#4855 = CARTESIAN_POINT ( 'NONE',  ( 83.30000000000006821, 32.05000000000005400, 0.000000000000000000 ) ) ;
#4856 = VERTEX_POINT ( 'NONE', #1693 ) ;
#4857 = ORIENTED_EDGE ( 'NONE', *, *, #14, .T. ) ;
#4858 = LINE ( 'NONE', #5634, #2085 ) ;
#4859 = CARTESIAN_POINT ( 'NONE',  ( 30.20000000000010232, -19.99999999999992184, 6.349999999999999645 ) ) ;
#4860 = ORIENTED_EDGE ( 'NONE', *, *, #1763, .T. ) ;
#4861 = FACE_OUTER_BOUND ( 'NONE', #2568, .T. ) ;
#4862 = DIRECTION ( 'NONE',  ( 1.000000000000000000, 0.000000000000000000, 0.000000000000000000 ) ) ;
#4863 = VERTEX_POINT ( 'NONE', #8449 ) ;
#4864 = LINE ( 'NONE', #6695, #4807 ) ;
#4865 = AXIS2_PLACEMENT_3D ( 'NONE', #1854, #8545, #10377 ) ;
#4866 = EDGE_CURVE ( 'NONE', #8944, #8296, #9827, .T. ) ;
#4867 = ADVANCED_FACE ( 'NONE', ( #2589 ), #3474, .F. ) ;
#4868 = AXIS2_PLACEMENT_3D ( 'NONE', #7591, #3387, #6750 ) ;
#4869 = DIRECTION ( 'NONE',  ( -1.000000000000000000, 0.000000000000000000, 0.000000000000000000 ) ) ;
#4870 = AXIS2_PLACEMENT_3D ( 'NONE', #5222, #2904, #6168 ) ;
#4871 = LINE ( 'NONE', #5533, #276 ) ;
#4872 = EDGE_LOOP ( 'NONE', ( #9524, #4433, #1048, #5302 ) ) ;
#4873 = ORIENTED_EDGE ( 'NONE', *, *, #6353, .F. ) ;
#4874 = DIRECTION ( 'NONE',  ( -1.000000000000000000, 0.000000000000000000, 0.000000000000000000 ) ) ;
#4875 = AXIS2_PLACEMENT_3D ( 'NONE', #7402, #9781, #5575 ) ;
#4876 = AXIS2_PLACEMENT_3D ( 'NONE', #4695, #9723, #8120 ) ;
#4877 = VERTEX_POINT ( 'NONE', #8875 ) ;
#4878 = FACE_OUTER_BOUND ( 'NONE', #5970, .T. ) ;
#4879 = CARTESIAN_POINT ( 'NONE',  ( 81.75000000000000000, -20.00000000000003197, 6.349999999999999645 ) ) ;
#4880 = AXIS2_PLACEMENT_3D ( 'NONE', #3937, #8856, #9732 ) ;
#4881 = VECTOR ( 'NONE', #2820, 1000.000000000000000 ) ;
#4882 = DIRECTION ( 'NONE',  ( 0.000000000000000000, 0.000000000000000000, 1.000000000000000000 ) ) ;
#4883 = CIRCLE ( 'NONE', #285, 1.549999999999982059 ) ;
#4884 = CARTESIAN_POINT ( 'NONE',  ( 223.3000000000000682, 72.05000000000005400, 6.349999999999999645 ) ) ;
#4885 = CARTESIAN_POINT ( 'NONE',  ( 163.2999999999999545, 20.00000000000000355, 0.000000000000000000 ) ) ;
#4886 = EDGE_LOOP ( 'NONE', ( #8122, #1605, #4985, #4214 ) ) ;
#4887 = EDGE_CURVE ( 'NONE', #4321, #9544, #5342, .T. ) ;
#4888 = CIRCLE ( 'NONE', #118, 1.549999999999995826 ) ;
#4889 = FACE_BOUND ( 'NONE', #3168, .T. ) ;
#4890 = ORIENTED_EDGE ( 'NONE', *, *, #7967, .F. ) ;
#4891 = DIRECTION ( 'NONE',  ( 6.938893903907241197E-16, -1.000000000000000000, 0.000000000000000000 ) ) ;
#4892 = CARTESIAN_POINT ( 'NONE',  ( 151.7500000000000000, -20.00000000000003197, 0.000000000000000000 ) ) ;
#4893 = DIRECTION ( 'NONE',  ( -0.000000000000000000, -0.000000000000000000, -1.000000000000000000 ) ) ;
#4894 = DIRECTION ( 'NONE',  ( 1.387778780781445478E-15, -1.000000000000000000, 0.000000000000000000 ) ) ;
#4895 = ORIENTED_EDGE ( 'NONE', *, *, #4469, .T. ) ;
#4896 = VECTOR ( 'NONE', #2341, 1000.000000000000000 ) ;
#4897 = VECTOR ( 'NONE', #5359, 1000.000000000000000 ) ;
#4898 = AXIS2_PLACEMENT_3D ( 'NONE', #3450, #4174, #7538 ) ;
#4899 =( NAMED_UNIT ( * ) SI_UNIT ( $, .STERADIAN. ) SOLID_ANGLE_UNIT ( ) );
#4900 = AXIS2_PLACEMENT_3D ( 'NONE', #1161, #5426, #8804 ) ;
#4901 = AXIS2_PLACEMENT_3D ( 'NONE', #565, #2400, #2180 ) ;
#4902 = VERTEX_POINT ( 'NONE', #7888 ) ;
#4903 = EDGE_CURVE ( 'NONE', #6009, #1775, #2080, .T. ) ;
#4904 = FACE_OUTER_BOUND ( 'NONE', #5842, .T. ) ;
#4905 = VERTEX_POINT ( 'NONE', #8826 ) ;
#4906 = ORIENTED_EDGE ( 'NONE', *, *, #8673, .F. ) ;
#4907 = DIRECTION ( 'NONE',  ( -0.000000000000000000, -0.000000000000000000, -1.000000000000000000 ) ) ;
#4908 = AXIS2_PLACEMENT_3D ( 'NONE', #8470, #4931, #8297 ) ;
#4909 = PLANE ( 'NONE',  #5245 ) ;
#4910 = DIRECTION ( 'NONE',  ( -1.000000000000000000, 0.000000000000000000, 0.000000000000000000 ) ) ;
#4911 = ORIENTED_EDGE ( 'NONE', *, *, #1245, .T. ) ;
#4912 = ADVANCED_FACE ( 'NONE', ( #1923 ), #10432, .F. ) ;
#4913 = VECTOR ( 'NONE', #2266, 1000.000000000000000 ) ;
#4914 = DIRECTION ( 'NONE',  ( 6.938893903907241197E-16, -1.000000000000000000, 0.000000000000000000 ) ) ;
#4915 = VECTOR ( 'NONE', #1529, 1000.000000000000000 ) ;
#4916 = LINE ( 'NONE', #6683, #9686 ) ;
#4917 = DIRECTION ( 'NONE',  ( -0.000000000000000000, -0.000000000000000000, -1.000000000000000000 ) ) ;
#4918 = ORIENTED_EDGE ( 'NONE', *, *, #7359, .T. ) ;
#4919 = ORIENTED_EDGE ( 'NONE', *, *, #3759, .T. ) ;
#4920 = DIRECTION ( 'NONE',  ( 1.000000000000000000, 0.000000000000000000, 0.000000000000000000 ) ) ;
#4921 = ADVANCED_FACE ( 'NONE', ( #1239 ), #5396, .T. ) ;
#4922 = AXIS2_PLACEMENT_3D ( 'NONE', #4684, #2190, #1301 ) ;
#4923 = ADVANCED_FACE ( 'NONE', ( #9597 ), #6997, .T. ) ;
#4924 = CARTESIAN_POINT ( 'NONE',  ( 73.30000000000011084, -32.05000000000007532, -0.000000000000000000 ) ) ;
#4925 = EDGE_LOOP ( 'NONE', ( #725, #1918, #6860, #2766 ) ) ;
#4926 = CARTESIAN_POINT ( 'NONE',  ( 193.3000000000000966, 32.05000000000005400, 6.349999999999999645 ) ) ;
#4927 = LINE ( 'NONE', #10954, #6424 ) ;
#4928 = EDGE_LOOP ( 'NONE', ( #2048, #5743, #10669, #235 ) ) ;
#4929 = DIRECTION ( 'NONE',  ( 1.000000000000000000, 0.000000000000000000, 0.000000000000000000 ) ) ;
#4930 = ORIENTED_EDGE ( 'NONE', *, *, #5701, .F. ) ;
#4931 = DIRECTION ( 'NONE',  ( 0.000000000000000000, 0.000000000000000000, 1.000000000000000000 ) ) ;
#4932 = CARTESIAN_POINT ( 'NONE',  ( 100.2000000000001307, -32.05000000000007532, 6.349999999999999645 ) ) ;
#4933 = VERTEX_POINT ( 'NONE', #3579 ) ;
#4934 = VERTEX_POINT ( 'NONE', #3745 ) ;
#4935 = CARTESIAN_POINT ( 'NONE',  ( 113.3000000000001108, -32.05000000000007532, 6.349999999999999645 ) ) ;
#4936 = EDGE_CURVE ( 'NONE', #8853, #3031, #10481, .T. ) ;
#4937 = EDGE_CURVE ( 'NONE', #2327, #7602, #7052, .T. ) ;
#4938 = ORIENTED_EDGE ( 'NONE', *, *, #1447, .F. ) ;
#4939 = DIRECTION ( 'NONE',  ( -0.000000000000000000, -0.000000000000000000, -1.000000000000000000 ) ) ;
#4940 = DIRECTION ( 'NONE',  ( -1.000000000000000000, -1.387778780781445478E-15, 0.000000000000000000 ) ) ;
#4941 = FACE_OUTER_BOUND ( 'NONE', #2708, .T. ) ;
#4942 = CARTESIAN_POINT ( 'NONE',  ( 223.3000000000000682, 72.05000000000005400, 6.349999999999999645 ) ) ;
#4943 = ORIENTED_EDGE ( 'NONE', *, *, #4210, .T. ) ;
#4944 = DIRECTION ( 'NONE',  ( -1.000000000000000000, 0.000000000000000000, 0.000000000000000000 ) ) ;
#4945 = ORIENTED_EDGE ( 'NONE', *, *, #1261, .F. ) ;
#4946 = DIRECTION ( 'NONE',  ( 1.000000000000000000, 0.000000000000000000, 0.000000000000000000 ) ) ;
#4947 = VERTEX_POINT ( 'NONE', #9651 ) ;
#4948 = DIRECTION ( 'NONE',  ( -1.000000000000000000, -1.387778780781445478E-15, 0.000000000000000000 ) ) ;
#4949 = LINE ( 'NONE', #516, #571 ) ;
#4950 = CARTESIAN_POINT ( 'NONE',  ( 300.2000000000000455, -5.400000000000000355, 6.349999999999999645 ) ) ;
#4951 = CARTESIAN_POINT ( 'NONE',  ( 140.2000000000001307, -32.05000000000007532, 6.349999999999999645 ) ) ;
#4952 = ORIENTED_EDGE ( 'NONE', *, *, #9264, .F. ) ;
#4953 = EDGE_CURVE ( 'NONE', #7989, #7676, #4421, .T. ) ;
#4954 = DIRECTION ( 'NONE',  ( -0.000000000000000000, -0.000000000000000000, -1.000000000000000000 ) ) ;
#4955 = ORIENTED_EDGE ( 'NONE', *, *, #903, .F. ) ;
#4956 = PLANE ( 'NONE',  #1145 ) ;
#4957 = VERTEX_POINT ( 'NONE', #8663 ) ;
#4958 = ORIENTED_EDGE ( 'NONE', *, *, #2387, .F. ) ;
#4959 = LINE ( 'NONE', #8547, #1205 ) ;
#4960 = DIRECTION ( 'NONE',  ( -0.000000000000000000, -0.000000000000000000, -1.000000000000000000 ) ) ;
#4961 = CARTESIAN_POINT ( 'NONE',  ( 223.3000000000000966, -32.05000000000007532, 6.349999999999999645 ) ) ;
#4962 = ORIENTED_EDGE ( 'NONE', *, *, #4990, .F. ) ;
#4963 = DIRECTION ( 'NONE',  ( -0.000000000000000000, -0.000000000000000000, -1.000000000000000000 ) ) ;
#4964 = EDGE_CURVE ( 'NONE', #2867, #2575, #3632, .T. ) ;
#4965 = DIRECTION ( 'NONE',  ( -1.000000000000000000, 0.000000000000000000, 0.000000000000000000 ) ) ;
#4966 = CARTESIAN_POINT ( 'NONE',  ( 290.1999999999999886, -5.400000000000007461, 0.000000000000000000 ) ) ;
#4967 = ORIENTED_EDGE ( 'NONE', *, *, #10786, .T. ) ;
#4968 = DIRECTION ( 'NONE',  ( 0.000000000000000000, 0.000000000000000000, 1.000000000000000000 ) ) ;
#4969 = ORIENTED_EDGE ( 'NONE', *, *, #5553, .T. ) ;
#4970 = ORIENTED_EDGE ( 'NONE', *, *, #2503, .F. ) ;
#4971 = DIRECTION ( 'NONE',  ( 1.734723475976807094E-16, -1.000000000000000000, -0.000000000000000000 ) ) ;
#4972 = CARTESIAN_POINT ( 'NONE',  ( 270.1999999999999886, 45.39999999999999858, 0.000000000000000000 ) ) ;
#4973 = VERTEX_POINT ( 'NONE', #6120 ) ;
#4974 = LINE ( 'NONE', #594, #3832 ) ;
#4975 = DIRECTION ( 'NONE',  ( -1.000000000000000000, 0.000000000000000000, 0.000000000000000000 ) ) ;
#4976 = ORIENTED_EDGE ( 'NONE', *, *, #4609, .F. ) ;
#4977 = CARTESIAN_POINT ( 'NONE',  ( 50.20000000000009521, 32.05000000000005400, 6.349999999999999645 ) ) ;
#4978 = ORIENTED_EDGE ( 'NONE', *, *, #105, .F. ) ;
#4979 = EDGE_CURVE ( 'NONE', #9304, #8084, #6141, .T. ) ;
#4980 = CARTESIAN_POINT ( 'NONE',  ( 50.20000000000012363, -32.05000000000007532, 0.000000000000000000 ) ) ;
#4981 = DIRECTION ( 'NONE',  ( -3.469446951953620598E-16, 1.000000000000000000, 0.000000000000000000 ) ) ;
#4982 = VERTEX_POINT ( 'NONE', #3699 ) ;
#4983 = VERTEX_POINT ( 'NONE', #2750 ) ;
#4984 = PLANE ( 'NONE',  #3939 ) ;
#4985 = ORIENTED_EDGE ( 'NONE', *, *, #8868, .T. ) ;
#4986 = FACE_OUTER_BOUND ( 'NONE', #9379, .T. ) ;
#4988 = CARTESIAN_POINT ( 'NONE',  ( 73.29999999999999716, 20.00000000000000355, 6.349999999999999645 ) ) ;
#4987 = VECTOR ( 'NONE', #6080, 1000.000000000000000 ) ;
#4989 = CIRCLE ( 'NONE', #6220, 1.549999999999995826 ) ;
#4990 = EDGE_CURVE ( 'NONE', #200, #4031, #10382, .T. ) ;
#4991 = ADVANCED_FACE ( 'NONE', ( #243 ), #5498, .F. ) ;
#4992 = FACE_OUTER_BOUND ( 'NONE', #5409, .T. ) ;
#4993 = VECTOR ( 'NONE', #2344, 1000.000000000000000 ) ;
#4994 = LINE ( 'NONE', #10138, #9093 ) ;
#4995 = ORIENTED_EDGE ( 'NONE', *, *, #2404, .F. ) ;
#4997 = VECTOR ( 'NONE', #389, 1000.000000000000000 ) ;
#4996 = DIRECTION ( 'NONE',  ( 1.000000000000000000, 0.000000000000000000, 0.000000000000000000 ) ) ;
#4998 = ORIENTED_EDGE ( 'NONE', *, *, #10136, .T. ) ;
#4999 = PLANE ( 'NONE',  #7327 ) ;
#5000 = ORIENTED_EDGE ( 'NONE', *, *, #8456, .F. ) ;
#5001 = DIRECTION ( 'NONE',  ( -0.000000000000000000, -0.000000000000000000, -1.000000000000000000 ) ) ;
#5002 = ORIENTED_EDGE ( 'NONE', *, *, #9364, .T. ) ;
#5003 = CARTESIAN_POINT ( 'NONE',  ( 143.3000000000000682, 32.05000000000005400, 6.349999999999999645 ) ) ;
#5004 = DIRECTION ( 'NONE',  ( 0.000000000000000000, 0.000000000000000000, 1.000000000000000000 ) ) ;
#5005 = ORIENTED_EDGE ( 'NONE', *, *, #8792, .F. ) ;
#5006 = VECTOR ( 'NONE', #3510, 1000.000000000000000 ) ;
#5007 = EDGE_CURVE ( 'NONE', #6686, #1422, #6177, .T. ) ;
#5008 = EDGE_CURVE ( 'NONE', #5768, #8173, #1133, .T. ) ;
#5009 = CARTESIAN_POINT ( 'NONE',  ( 273.3000000000000114, 5.399999999999999467, 6.349999999999999645 ) ) ;
#5010 = CARTESIAN_POINT ( 'NONE',  ( 73.30000000000008242, -19.99999999999992184, 0.000000000000000000 ) ) ;
#5011 = ORIENTED_EDGE ( 'NONE', *, *, #3452, .T. ) ;
#5012 = DIRECTION ( 'NONE',  ( 0.000000000000000000, 0.000000000000000000, 1.000000000000000000 ) ) ;
#5013 = VERTEX_POINT ( 'NONE', #7944 ) ;
#5014 = CARTESIAN_POINT ( 'NONE',  ( 170.2000000000001023, 32.05000000000005400, 6.349999999999999645 ) ) ;
#5015 = VECTOR ( 'NONE', #8345, 1000.000000000000000 ) ;
#5016 = DIRECTION ( 'NONE',  ( -0.000000000000000000, -0.000000000000000000, -1.000000000000000000 ) ) ;
#5017 = CARTESIAN_POINT ( 'NONE',  ( 63.29999999999999716, 20.00000000000000355, 6.349999999999999645 ) ) ;
#5018 = EDGE_LOOP ( 'NONE', ( #6914, #1947, #827, #1143 ) ) ;
#5019 = DIRECTION ( 'NONE',  ( 0.000000000000000000, 0.000000000000000000, 1.000000000000000000 ) ) ;
#5020 = CARTESIAN_POINT ( 'NONE',  ( 101.7500000000000853, 32.05000000000005400, 0.000000000000000000 ) ) ;
#5021 = DIRECTION ( 'NONE',  ( 1.734723475976807094E-16, -1.000000000000000000, 0.000000000000000000 ) ) ;
#5022 = ORIENTED_EDGE ( 'NONE', *, *, #6487, .T. ) ;
#5023 = DIRECTION ( 'NONE',  ( 0.000000000000000000, 0.000000000000000000, 1.000000000000000000 ) ) ;
#5024 = ORIENTED_EDGE ( 'NONE', *, *, #8189, .F. ) ;
#5025 = ORIENTED_EDGE ( 'NONE', *, *, #3779, .F. ) ;
#5026 = DIRECTION ( 'NONE',  ( 1.000000000000000000, 0.000000000000000000, 0.000000000000000000 ) ) ;
#5027 = EDGE_CURVE ( 'NONE', #2162, #7543, #3023, .T. ) ;
#5028 = CARTESIAN_POINT ( 'NONE',  ( 270.2000000000000455, -5.400000000000020783, 6.349999999999999645 ) ) ;
#5029 = ORIENTED_EDGE ( 'NONE', *, *, #10376, .T. ) ;
#5030 = CARTESIAN_POINT ( 'NONE',  ( 183.2999999999999545, 20.00000000000000355, 0.000000000000000000 ) ) ;
#5031 = CARTESIAN_POINT ( 'NONE',  ( 126.7857146142317646, 30.31245605000008680, 6.349999999999999645 ) ) ;
#5032 = ORIENTED_EDGE ( 'NONE', *, *, #3551, .T. ) ;
#5033 = CARTESIAN_POINT ( 'NONE',  ( 90.20000000000008811, 32.05000000000005400, 6.349999999999999645 ) ) ;
#5034 = ORIENTED_EDGE ( 'NONE', *, *, #2128, .F. ) ;
#5035 = VECTOR ( 'NONE', #7225, 1000.000000000000000 ) ;
#5036 = DIRECTION ( 'NONE',  ( -1.000000000000000000, 0.000000000000000000, 0.000000000000000000 ) ) ;
#5037 = CARTESIAN_POINT ( 'NONE',  ( 261.7500000000001137, -5.400000000000027889, 6.349999999999999645 ) ) ;
#5038 = EDGE_LOOP ( 'NONE', ( #1555, #9463, #9789, #7521 ) ) ;
#5039 = ORIENTED_EDGE ( 'NONE', *, *, #4594, .T. ) ;
#5040 = DIRECTION ( 'NONE',  ( -0.000000000000000000, -0.000000000000000000, -1.000000000000000000 ) ) ;
#5041 = EDGE_CURVE ( 'NONE', #577, #1397, #10019, .T. ) ;
#5042 = EDGE_CURVE ( 'NONE', #10548, #3215, #6662, .T. ) ;
#5043 = EDGE_LOOP ( 'NONE', ( #10754, #7784, #7640, #10115 ) ) ;
#5044 = VECTOR ( 'NONE', #4302, 1000.000000000000000 ) ;
#5045 = VECTOR ( 'NONE', #7477, 1000.000000000000000 ) ;
#5046 = LINE ( 'NONE', #2450, #987 ) ;
#5047 = DIRECTION ( 'NONE',  ( 1.000000000000000000, 6.938893903907227392E-16, -0.000000000000000000 ) ) ;
#5048 = VECTOR ( 'NONE', #6758, 1000.000000000000000 ) ;
#5049 = VECTOR ( 'NONE', #5307, 1000.000000000000000 ) ;
#5050 = DIRECTION ( 'NONE',  ( 0.000000000000000000, 0.000000000000000000, 1.000000000000000000 ) ) ;
#5051 = VECTOR ( 'NONE', #2378, 1000.000000000000000 ) ;
#5052 = DIRECTION ( 'NONE',  ( -0.000000000000000000, -0.000000000000000000, -1.000000000000000000 ) ) ;
#5053 = ORIENTED_EDGE ( 'NONE', *, *, #10312, .F. ) ;
#5054 = LINE ( 'NONE', #10030, #10003 ) ;
#5055 = VERTEX_POINT ( 'NONE', #6497 ) ;
#5056 = ORIENTED_EDGE ( 'NONE', *, *, #2748, .F. ) ;
#5057 = CARTESIAN_POINT ( 'NONE',  ( 0.000000000000000000, -57.15000000000000568, 0.000000000000000000 ) ) ;
#5058 = ORIENTED_EDGE ( 'NONE', *, *, #2635, .F. ) ;
#5059 = ADVANCED_FACE ( 'NONE', ( #5773 ), #10698, .F. ) ;
#5060 = ADVANCED_FACE ( 'NONE', ( #10759 ), #3185, .F. ) ;
#5061 = DIRECTION ( 'NONE',  ( 0.000000000000000000, 0.000000000000000000, 1.000000000000000000 ) ) ;
#5062 = CARTESIAN_POINT ( 'NONE',  ( 180.2000000000001307, -32.05000000000007532, 0.000000000000000000 ) ) ;
#5063 = EDGE_LOOP ( 'NONE', ( #10643, #8594, #4335, #5577 ) ) ;
#5064 = VECTOR ( 'NONE', #10616, 1000.000000000000000 ) ;
#5065 = AXIS2_PLACEMENT_3D ( 'NONE', #2318, #10833, #10064 ) ;
#5066 = CARTESIAN_POINT ( 'NONE',  ( 273.3000000000000682, -45.40000000000003411, 6.349999999999999645 ) ) ;
#5067 = VECTOR ( 'NONE', #8441, 1000.000000000000000 ) ;
#5068 = VECTOR ( 'NONE', #10662, 1000.000000000000000 ) ;
#5069 = ORIENTED_EDGE ( 'NONE', *, *, #3174, .T. ) ;
#5070 = DIRECTION ( 'NONE',  ( 1.734723475976807094E-16, -1.000000000000000000, -0.000000000000000000 ) ) ;
#5071 = ORIENTED_EDGE ( 'NONE', *, *, #4483, .T. ) ;
#5072 = DIRECTION ( 'NONE',  ( 1.387778780781445478E-15, -1.000000000000000000, 0.000000000000000000 ) ) ;
#5073 = EDGE_CURVE ( 'NONE', #1741, #9342, #5601, .T. ) ;
#5074 = AXIS2_PLACEMENT_3D ( 'NONE', #4255, #7617, #6783 ) ;
#5075 = EDGE_CURVE ( 'NONE', #9896, #7489, #9871, .T. ) ;
#5076 = CARTESIAN_POINT ( 'NONE',  ( 80.20000000000008811, 20.00000000000000355, 0.000000000000000000 ) ) ;
#5077 = LINE ( 'NONE', #5960, #9237 ) ;
#5078 = ORIENTED_EDGE ( 'NONE', *, *, #4525, .F. ) ;
#5079 = CARTESIAN_POINT ( 'NONE',  ( 220.2000000000001307, -32.05000000000007532, 0.000000000000000000 ) ) ;
#5080 = CIRCLE ( 'NONE', #1718, 1.549999999999995826 ) ;
#5081 = AXIS2_PLACEMENT_3D ( 'NONE', #10804, #7430, #5831 ) ;
#5082 = AXIS2_PLACEMENT_3D ( 'NONE', #9918, #3130, #4076 ) ;
#5083 = FACE_OUTER_BOUND ( 'NONE', #10540, .T. ) ;
#5084 = LINE ( 'NONE', #7622, #10931 ) ;
#5085 = ORIENTED_EDGE ( 'NONE', *, *, #7222, .T. ) ;
#5086 = AXIS2_PLACEMENT_3D ( 'NONE', #2377, #5920, #2442 ) ;
#5087 = DIRECTION ( 'NONE',  ( 0.000000000000000000, 0.000000000000000000, 1.000000000000000000 ) ) ;
#5088 = EDGE_LOOP ( 'NONE', ( #9999, #1689, #10457, #5500 ) ) ;
#5089 = ORIENTED_EDGE ( 'NONE', *, *, #5134, .F. ) ;
#5090 = CARTESIAN_POINT ( 'NONE',  ( 173.3000000000000682, 32.05000000000005400, 0.000000000000000000 ) ) ;
#5091 = CARTESIAN_POINT ( 'NONE',  ( 151.7500000000000853, 72.05000000000005400, 6.349999999999999645 ) ) ;
#5092 = ORIENTED_EDGE ( 'NONE', *, *, #10298, .F. ) ;
#5093 = DIRECTION ( 'NONE',  ( -0.000000000000000000, -1.000000000000000000, -0.000000000000000000 ) ) ;
#5094 = DIRECTION ( 'NONE',  ( 0.000000000000000000, 0.000000000000000000, 1.000000000000000000 ) ) ;
#5095 = ORIENTED_EDGE ( 'NONE', *, *, #7178, .F. ) ;
#5096 = VECTOR ( 'NONE', #6200, 1000.000000000000000 ) ;
#5097 = DIRECTION ( 'NONE',  ( -8.673617379884034486E-16, 1.000000000000000000, -0.000000000000000000 ) ) ;
#5098 = ORIENTED_EDGE ( 'NONE', *, *, #4823, .T. ) ;
#5099 = CIRCLE ( 'NONE', #5446, 1.549999999999968070 ) ;
#5100 = ADVANCED_FACE ( 'NONE', ( #5661 ), #9035, .F. ) ;
#5101 = DIRECTION ( 'NONE',  ( 6.938893903907227392E-16, -1.000000000000000000, -0.000000000000000000 ) ) ;
#5102 = AXIS2_PLACEMENT_3D ( 'NONE', #8784, #7902, #1249 ) ;
#5103 = DIRECTION ( 'NONE',  ( 1.000000000000000000, 0.000000000000000000, 0.000000000000000000 ) ) ;
#5104 = ORIENTED_EDGE ( 'NONE', *, *, #6007, .F. ) ;
#5105 = ORIENTED_EDGE ( 'NONE', *, *, #2893, .T. ) ;
#5106 = LINE ( 'NONE', #4281, #7206 ) ;
#5107 = VECTOR ( 'NONE', #1811, 1000.000000000000000 ) ;
#5108 = VERTEX_POINT ( 'NONE', #1508 ) ;
#5109 = DIRECTION ( 'NONE',  ( 1.000000000000000000, 0.000000000000000000, 0.000000000000000000 ) ) ;
#5110 = CARTESIAN_POINT ( 'NONE',  ( 240.2000000000001023, -45.40000000000003411, 0.000000000000000000 ) ) ;
#5111 = EDGE_CURVE ( 'NONE', #2872, #444, #6846, .T. ) ;
#5112 = LINE ( 'NONE', #10848, #4387 ) ;
#5113 = DIRECTION ( 'NONE',  ( -0.9668509350593709195, 0.2553414760175477527, -0.000000000000000000 ) ) ;
#5114 = EDGE_LOOP ( 'NONE', ( #2640, #473, #6371, #7588 ) ) ;
#5115 = DIRECTION ( 'NONE',  ( -0.000000000000000000, -0.000000000000000000, -1.000000000000000000 ) ) ;
#5116 = VERTEX_POINT ( 'NONE', #3962 ) ;
#5117 = CARTESIAN_POINT ( 'NONE',  ( 200.2000000000001592, -72.05000000000008242, 6.349999999999999645 ) ) ;
#5118 = ORIENTED_EDGE ( 'NONE', *, *, #10596, .T. ) ;
#5119 = CARTESIAN_POINT ( 'NONE',  ( 263.3000000000000114, 45.40000000000000568, 0.000000000000000000 ) ) ;
#5120 = DIRECTION ( 'NONE',  ( 1.000000000000000000, 0.000000000000000000, 0.000000000000000000 ) ) ;
#5121 = CARTESIAN_POINT ( 'NONE',  ( 20.25999999999999801, 20.00000000000000000, 6.349999999999999645 ) ) ;
#5122 = EDGE_CURVE ( 'NONE', #4051, #4563, #10806, .T. ) ;
#5123 = EDGE_CURVE ( 'NONE', #8531, #2601, #3235, .T. ) ;
#5124 = CARTESIAN_POINT ( 'NONE',  ( 30.20000000000016627, -72.05000000000008242, 0.000000000000000000 ) ) ;
#5125 = VERTEX_POINT ( 'NONE', #6383 ) ;
#5126 = FACE_OUTER_BOUND ( 'NONE', #8996, .T. ) ;
#5127 = VERTEX_POINT ( 'NONE', #6598 ) ;
#5128 = CYLINDRICAL_SURFACE ( 'NONE', #121, 1.549999999999995826 ) ;
#5129 = PLANE ( 'NONE',  #3672 ) ;
#5130 = CYLINDRICAL_SURFACE ( 'NONE', #2717, 1.549999999999995826 ) ;
#5131 = ORIENTED_EDGE ( 'NONE', *, *, #7892, .F. ) ;
#5132 = CARTESIAN_POINT ( 'NONE',  ( 313.3000000000000114, 5.399999999999999467, 0.000000000000000000 ) ) ;
#5133 = ADVANCED_FACE ( 'NONE', ( #7217 ), #8268, .T. ) ;
#5134 = EDGE_CURVE ( 'NONE', #3634, #1408, #1452, .T. ) ;
#5135 = ADVANCED_FACE ( 'NONE', ( #4733 ), #4834, .T. ) ;
#5136 = CARTESIAN_POINT ( 'NONE',  ( 80.20000000000008811, 32.05000000000005400, 0.000000000000000000 ) ) ;
#5137 = DIRECTION ( 'NONE',  ( 1.000000000000000000, 1.836970198721030181E-16, -0.000000000000000000 ) ) ;
#5138 = ORIENTED_EDGE ( 'NONE', *, *, #2552, .F. ) ;
#5139 = DIRECTION ( 'NONE',  ( -0.000000000000000000, -0.000000000000000000, -1.000000000000000000 ) ) ;
#5140 = VERTEX_POINT ( 'NONE', #8102 ) ;
#5141 = ORIENTED_EDGE ( 'NONE', *, *, #8022, .F. ) ;
#5142 = LINE ( 'NONE', #9444, #3512 ) ;
#5143 = LINE ( 'NONE', #5911, #2586 ) ;
#5144 = VERTEX_POINT ( 'NONE', #517 ) ;
#5145 = FACE_OUTER_BOUND ( 'NONE', #4396, .T. ) ;
#5146 = DIRECTION ( 'NONE',  ( -0.000000000000000000, -0.000000000000000000, -1.000000000000000000 ) ) ;
#5147 = ORIENTED_EDGE ( 'NONE', *, *, #3536, .T. ) ;
#5148 = DIRECTION ( 'NONE',  ( -0.000000000000000000, -0.000000000000000000, -1.000000000000000000 ) ) ;
#5149 = VERTEX_POINT ( 'NONE', #9806 ) ;
#5150 = EDGE_CURVE ( 'NONE', #6058, #10635, #3909, .T. ) ;
#5151 = CARTESIAN_POINT ( 'NONE',  ( 61.75000000000000000, 20.00000000000000355, 6.349999999999999645 ) ) ;
#5152 = DIRECTION ( 'NONE',  ( 0.000000000000000000, 0.000000000000000000, 1.000000000000000000 ) ) ;
#5153 = ORIENTED_EDGE ( 'NONE', *, *, #5445, .F. ) ;
#5154 = ORIENTED_EDGE ( 'NONE', *, *, #6171, .T. ) ;
#5155 = FACE_OUTER_BOUND ( 'NONE', #3786, .T. ) ;
#5156 = EDGE_LOOP ( 'NONE', ( #4180, #3718, #2038, #664 ) ) ;
#5157 = CARTESIAN_POINT ( 'NONE',  ( 43.29999999999999005, 20.00000000000000355, 6.349999999999999645 ) ) ;
#5158 = DIRECTION ( 'NONE',  ( -1.000000000000000000, 0.000000000000000000, 0.000000000000000000 ) ) ;
#5159 = LINE ( 'NONE', #6040, #10475 ) ;
#5160 = FACE_OUTER_BOUND ( 'NONE', #9728, .T. ) ;
#5161 = DIRECTION ( 'NONE',  ( 1.000000000000000000, 1.734723475976807094E-16, -0.000000000000000000 ) ) ;
#5162 = ORIENTED_EDGE ( 'NONE', *, *, #8535, .F. ) ;
#5163 = LINE ( 'NONE', #8532, #10366 ) ;
#5164 = ORIENTED_EDGE ( 'NONE', *, *, #6473, .F. ) ;
#5165 = VERTEX_POINT ( 'NONE', #8987 ) ;
#5166 = AXIS2_PLACEMENT_3D ( 'NONE', #1823, #9399, #6801 ) ;
#5167 = ORIENTED_EDGE ( 'NONE', *, *, #357, .F. ) ;
#5168 = EDGE_CURVE ( 'NONE', #4586, #2513, #10256, .T. ) ;
#5169 = DIRECTION ( 'NONE',  ( 0.000000000000000000, 1.000000000000000000, 0.000000000000000000 ) ) ;
#5170 = CARTESIAN_POINT ( 'NONE',  ( 271.7500000000000568, -5.400000000000020783, 6.349999999999999645 ) ) ;
#5171 = ORIENTED_EDGE ( 'NONE', *, *, #7235, .F. ) ;
#5172 = VECTOR ( 'NONE', #10769, 1000.000000000000000 ) ;
#5173 = VECTOR ( 'NONE', #7199, 1000.000000000000000 ) ;
#5174 = LINE ( 'NONE', #6056, #5952 ) ;
#5175 = EDGE_LOOP ( 'NONE', ( #3736, #5614, #3611, #6852 ) ) ;
#5176 = CARTESIAN_POINT ( 'NONE',  ( 271.7500000000000568, -45.40000000000002700, 0.000000000000000000 ) ) ;
#5177 = ORIENTED_EDGE ( 'NONE', *, *, #9574, .F. ) ;
#5178 = DIRECTION ( 'NONE',  ( -0.000000000000000000, -0.000000000000000000, -1.000000000000000000 ) ) ;
#5179 = EDGE_CURVE ( 'NONE', #4, #10144, #4561, .T. ) ;
#5180 = EDGE_CURVE ( 'NONE', #2045, #390, #10089, .T. ) ;
#5181 = CARTESIAN_POINT ( 'NONE',  ( 10.25999999999999446, 20.00000000000000000, 6.349999999999999645 ) ) ;
#5182 = DIRECTION ( 'NONE',  ( 1.000000000000000000, 1.387778780781445478E-15, -0.000000000000000000 ) ) ;
#5183 = AXIS2_PLACEMENT_3D ( 'NONE', #1405, #1509, #4894 ) ;
#5184 = ORIENTED_EDGE ( 'NONE', *, *, #10609, .T. ) ;
#5185 = VECTOR ( 'NONE', #9086, 1000.000000000000000 ) ;
#5186 = LINE ( 'NONE', #6181, #4881 ) ;
#5187 = VECTOR ( 'NONE', #10415, 1000.000000000000000 ) ;
#5188 = CARTESIAN_POINT ( 'NONE',  ( 143.3000000000000966, -32.05000000000007532, 0.000000000000000000 ) ) ;
#5189 = ORIENTED_EDGE ( 'NONE', *, *, #7651, .F. ) ;
#5190 = CARTESIAN_POINT ( 'NONE',  ( 291.7500000000000568, -45.40000000000001279, 6.349999999999999645 ) ) ;
#5191 = ORIENTED_EDGE ( 'NONE', *, *, #9451, .F. ) ;
#5192 = ORIENTED_EDGE ( 'NONE', *, *, #7841, .T. ) ;
#5193 = CARTESIAN_POINT ( 'NONE',  ( 203.3000000000000682, 32.05000000000005400, 6.349999999999999645 ) ) ;
#5194 = LINE ( 'NONE', #980, #5049 ) ;
#5195 = ORIENTED_EDGE ( 'NONE', *, *, #1458, .F. ) ;
#5196 = DIRECTION ( 'NONE',  ( -0.000000000000000000, -0.000000000000000000, -1.000000000000000000 ) ) ;
#5197 = FACE_OUTER_BOUND ( 'NONE', #9561, .T. ) ;
#5198 = ORIENTED_EDGE ( 'NONE', *, *, #4290, .F. ) ;
#5199 = EDGE_CURVE ( 'NONE', #6977, #9478, #2620, .T. ) ;
#5200 = EDGE_CURVE ( 'NONE', #4600, #4697, #4724, .T. ) ;
#5201 = LINE ( 'NONE', #4325, #5337 ) ;
#5202 = DIRECTION ( 'NONE',  ( -1.000000000000000000, 0.000000000000000000, 0.000000000000000000 ) ) ;
#5203 = LINE ( 'NONE', #1992, #6988 ) ;
#5204 = EDGE_LOOP ( 'NONE', ( #8313, #8847, #10625, #5351 ) ) ;
#5205 = ORIENTED_EDGE ( 'NONE', *, *, #8976, .T. ) ;
#5206 = DIRECTION ( 'NONE',  ( -1.000000000000000000, 0.000000000000000000, 0.000000000000000000 ) ) ;
#5207 = DIRECTION ( 'NONE',  ( -0.000000000000000000, -0.000000000000000000, -1.000000000000000000 ) ) ;
#5208 = ORIENTED_EDGE ( 'NONE', *, *, #2023, .T. ) ;
#5209 = CARTESIAN_POINT ( 'NONE',  ( 50.20000000000008100, 72.05000000000005400, 0.000000000000000000 ) ) ;
#5210 = EDGE_CURVE ( 'NONE', #10085, #2466, #8486, .T. ) ;
#5211 = EDGE_CURVE ( 'NONE', #9257, #415, #1358, .T. ) ;
#5212 = DIRECTION ( 'NONE',  ( 0.000000000000000000, 0.000000000000000000, 1.000000000000000000 ) ) ;
#5213 = DIRECTION ( 'NONE',  ( 1.000000000000000000, 0.000000000000000000, 0.000000000000000000 ) ) ;
#5214 = AXIS2_PLACEMENT_3D ( 'NONE', #486, #3042, #3928 ) ;
#5215 = LINE ( 'NONE', #5010, #5953 ) ;
#5216 = LINE ( 'NONE', #8585, #2624 ) ;
#5217 = DIRECTION ( 'NONE',  ( 0.000000000000000000, 0.000000000000000000, 1.000000000000000000 ) ) ;
#5218 = ORIENTED_EDGE ( 'NONE', *, *, #3174, .F. ) ;
#5219 = DIRECTION ( 'NONE',  ( -1.000000000000000000, 0.000000000000000000, 0.000000000000000000 ) ) ;
#5220 = EDGE_LOOP ( 'NONE', ( #2375, #6245, #7868, #1343 ) ) ;
#5221 = EDGE_LOOP ( 'NONE', ( #3138, #5557, #164, #8461 ) ) ;
#5222 = CARTESIAN_POINT ( 'NONE',  ( 111.7500000000001279, -32.05000000000007532, 6.349999999999999645 ) ) ;
#5223 = FACE_OUTER_BOUND ( 'NONE', #1042, .T. ) ;
#5224 = FACE_OUTER_BOUND ( 'NONE', #7399, .T. ) ;
#5225 = VECTOR ( 'NONE', #2125, 1000.000000000000000 ) ;
#5226 = VECTOR ( 'NONE', #9519, 1000.000000000000000 ) ;
#5227 = LINE ( 'NONE', #4573, #3488 ) ;
#5228 = EDGE_CURVE ( 'NONE', #2737, #5392, #1543, .T. ) ;
#5229 = ORIENTED_EDGE ( 'NONE', *, *, #4979, .T. ) ;
#5230 = AXIS2_PLACEMENT_3D ( 'NONE', #7533, #7647, #3447 ) ;
#5231 = CARTESIAN_POINT ( 'NONE',  ( 100.2000000000001734, -72.05000000000008242, 0.000000000000000000 ) ) ;
#5232 = EDGE_LOOP ( 'NONE', ( #2088, #5488, #8325, #9550 ) ) ;
#5233 = CARTESIAN_POINT ( 'NONE',  ( 170.2000000000001023, 32.05000000000005400, 6.349999999999999645 ) ) ;
#5234 = AXIS2_PLACEMENT_3D ( 'NONE', #2544, #7513, #5973 ) ;
#5235 = AXIS2_PLACEMENT_3D ( 'NONE', #4043, #1311, #2997 ) ;
#5236 = CARTESIAN_POINT ( 'NONE',  ( 261.7500000000001137, -5.400000000000027889, 6.349999999999999645 ) ) ;
#5237 = CARTESIAN_POINT ( 'NONE',  ( 170.2000000000001023, 32.05000000000005400, 0.000000000000000000 ) ) ;
#5238 = VERTEX_POINT ( 'NONE', #730 ) ;
#5239 = VECTOR ( 'NONE', #4379, 1000.000000000000000 ) ;
#5240 = CIRCLE ( 'NONE', #1884, 1.549999999999995826 ) ;
#5241 = CIRCLE ( 'NONE', #459, 1.549999999999995826 ) ;
#5242 = CARTESIAN_POINT ( 'NONE',  ( 290.1999999999999886, 5.399999999999998579, 6.349999999999999645 ) ) ;
#5243 = EDGE_CURVE ( 'NONE', #7238, #4677, #3290, .T. ) ;
#5244 = CARTESIAN_POINT ( 'NONE',  ( 91.75000000000017053, -72.05000000000008242, 6.349999999999999645 ) ) ;
#5245 = AXIS2_PLACEMENT_3D ( 'NONE', #5959, #6013, #10051 ) ;
#5246 = ORIENTED_EDGE ( 'NONE', *, *, #2438, .F. ) ;
#5247 = CARTESIAN_POINT ( 'NONE',  ( 43.30000000000011084, -32.05000000000007532, 0.000000000000000000 ) ) ;
#5248 = ORIENTED_EDGE ( 'NONE', *, *, #3265, .F. ) ;
#5249 = ORIENTED_EDGE ( 'NONE', *, *, #9601, .T. ) ;
#5250 = FACE_OUTER_BOUND ( 'NONE', #3460, .T. ) ;
#5251 = DIRECTION ( 'NONE',  ( -0.000000000000000000, -1.000000000000000000, -0.000000000000000000 ) ) ;
#5252 = VECTOR ( 'NONE', #10362, 1000.000000000000000 ) ;
#5253 = EDGE_LOOP ( 'NONE', ( #3361, #6213, #54, #4744 ) ) ;
#5254 = CARTESIAN_POINT ( 'NONE',  ( 243.3000000000000114, 5.399999999999999467, 6.349999999999999645 ) ) ;
#5255 = CARTESIAN_POINT ( 'NONE',  ( 200.2000000000001307, -32.05000000000007532, 0.000000000000000000 ) ) ;
#5256 = ORIENTED_EDGE ( 'NONE', *, *, #3536, .F. ) ;
#5257 = DIRECTION ( 'NONE',  ( 1.040834085586084059E-15, -1.000000000000000000, 0.000000000000000000 ) ) ;
#5258 = CIRCLE ( 'NONE', #9131, 1.549999999999995826 ) ;
#5259 = AXIS2_PLACEMENT_3D ( 'NONE', #8647, #1902, #174 ) ;
#5260 = CARTESIAN_POINT ( 'NONE',  ( 171.7500000000001421, -72.05000000000008242, 6.349999999999999645 ) ) ;
#5261 = EDGE_CURVE ( 'NONE', #8116, #6074, #1793, .T. ) ;
#5262 = EDGE_CURVE ( 'NONE', #4697, #8472, #4128, .T. ) ;
#5263 = LINE ( 'NONE', #6964, #9985 ) ;
#5264 = ORIENTED_EDGE ( 'NONE', *, *, #3587, .F. ) ;
#5265 = VERTEX_POINT ( 'NONE', #6658 ) ;
#5266 = AXIS2_PLACEMENT_3D ( 'NONE', #10087, #6596, #9258 ) ;
#5267 = DIRECTION ( 'NONE',  ( -0.000000000000000000, -0.000000000000000000, -1.000000000000000000 ) ) ;
#5268 = FACE_BOUND ( 'NONE', #9230, .T. ) ;
#5269 = EDGE_LOOP ( 'NONE', ( #7725, #7872, #6477, #5733 ) ) ;
#5270 = ORIENTED_EDGE ( 'NONE', *, *, #1682, .F. ) ;
#5271 = DIRECTION ( 'NONE',  ( -0.000000000000000000, -0.000000000000000000, -1.000000000000000000 ) ) ;
#5272 = VECTOR ( 'NONE', #5691, 1000.000000000000000 ) ;
#5273 = DIRECTION ( 'NONE',  ( -1.000000000000000000, 0.000000000000000000, 0.000000000000000000 ) ) ;
#5274 = CARTESIAN_POINT ( 'NONE',  ( 210.2000000000001023, -19.99999999999992184, 6.349999999999999645 ) ) ;
#5275 = VECTOR ( 'NONE', #202, 1000.000000000000000 ) ;
#5276 = VECTOR ( 'NONE', #7875, 1000.000000000000000 ) ;
#5277 = EDGE_CURVE ( 'NONE', #7224, #712, #6773, .T. ) ;
#5278 = PLANE ( 'NONE',  #829 ) ;
#5279 = ADVANCED_FACE ( 'NONE', ( #10038 ), #4349, .T. ) ;
#5280 = ADVANCED_FACE ( 'NONE', ( #5833 ), #10145, .T. ) ;
#5281 = CIRCLE ( 'NONE', #845, 1.549999999999999378 ) ;
#5282 = CARTESIAN_POINT ( 'NONE',  ( 230.2000000000000171, 45.39999999999999858, 6.349999999999999645 ) ) ;
#5283 = EDGE_LOOP ( 'NONE', ( #590, #3863, #7356, #8247 ) ) ;
#5284 = LINE ( 'NONE', #7712, #6653 ) ;
#5285 = ORIENTED_EDGE ( 'NONE', *, *, #6085, .T. ) ;
#5286 = AXIS2_PLACEMENT_3D ( 'NONE', #2543, #1707, #8462 ) ;
#5287 = CYLINDRICAL_SURFACE ( 'NONE', #4870, 1.549999999999995826 ) ;
#5288 = FACE_OUTER_BOUND ( 'NONE', #7773, .T. ) ;
#5289 = LINE ( 'NONE', #20, #6699 ) ;
#5290 = CIRCLE ( 'NONE', #1562, 1.549999999999995826 ) ;
#5291 = LINE ( 'NONE', #1180, #9135 ) ;
#5292 = EDGE_CURVE ( 'NONE', #5663, #250, #10926, .T. ) ;
#5293 = ORIENTED_EDGE ( 'NONE', *, *, #9531, .T. ) ;
#5294 = CARTESIAN_POINT ( 'NONE',  ( 90.20000000000013074, -32.05000000000007532, 6.349999999999999645 ) ) ;
#5295 = ORIENTED_EDGE ( 'NONE', *, *, #4089, .T. ) ;
#5296 = CARTESIAN_POINT ( 'NONE',  ( 43.30000000000008242, -19.99999999999992184, 0.000000000000000000 ) ) ;
#5297 = DIRECTION ( 'NONE',  ( -0.000000000000000000, -1.000000000000000000, -0.000000000000000000 ) ) ;
#5298 = DIRECTION ( 'NONE',  ( -1.040834085586084059E-15, 1.000000000000000000, 0.000000000000000000 ) ) ;
#5299 = ORIENTED_EDGE ( 'NONE', *, *, #9250, .T. ) ;
#5300 = CARTESIAN_POINT ( 'NONE',  ( 70.20000000000015916, -72.05000000000008242, 0.000000000000000000 ) ) ;
#5301 = DIRECTION ( 'NONE',  ( 0.000000000000000000, 0.000000000000000000, 1.000000000000000000 ) ) ;
#5302 = ORIENTED_EDGE ( 'NONE', *, *, #9317, .T. ) ;
#5303 = CARTESIAN_POINT ( 'NONE',  ( 180.2000000000001307, -32.05000000000007532, 6.349999999999999645 ) ) ;
#5304 = VERTEX_POINT ( 'NONE', #71 ) ;
#5305 = ORIENTED_EDGE ( 'NONE', *, *, #5346, .T. ) ;
#5306 = CARTESIAN_POINT ( 'NONE',  ( 50.20000000000009521, 32.05000000000005400, 0.000000000000000000 ) ) ;
#5307 = DIRECTION ( 'NONE',  ( 0.000000000000000000, 1.000000000000000000, 0.000000000000000000 ) ) ;
#5308 = ORIENTED_EDGE ( 'NONE', *, *, #10958, .T. ) ;
#5309 = CARTESIAN_POINT ( 'NONE',  ( 30.20000000000008811, 32.05000000000005400, 6.349999999999999645 ) ) ;
#5310 = DIRECTION ( 'NONE',  ( 1.000000000000000000, 0.000000000000000000, 0.000000000000000000 ) ) ;
#5311 = VERTEX_POINT ( 'NONE', #5119 ) ;
#5312 = SURFACE_STYLE_USAGE ( .BOTH. , #7907 ) ;
#5313 = ADVANCED_FACE ( 'NONE', ( #5889 ), #9260, .T. ) ;
#5314 = CARTESIAN_POINT ( 'NONE',  ( 283.3000000000000682, -45.40000000000001990, 6.349999999999999645 ) ) ;
#5315 = CARTESIAN_POINT ( 'NONE',  ( 60.20000000000010232, -19.99999999999992184, 6.349999999999999645 ) ) ;
#5316 = EDGE_LOOP ( 'NONE', ( #3505, #3802, #488, #8446 ) ) ;
#5317 = ORIENTED_EDGE ( 'NONE', *, *, #2439, .T. ) ;
#5318 = DIRECTION ( 'NONE',  ( 0.000000000000000000, 0.000000000000000000, -1.000000000000000000 ) ) ;
#5319 = FACE_BOUND ( 'NONE', #8133, .T. ) ;
#5320 = ORIENTED_EDGE ( 'NONE', *, *, #2837, .T. ) ;
#5321 = ORIENTED_EDGE ( 'NONE', *, *, #5599, .T. ) ;
#5322 = FACE_OUTER_BOUND ( 'NONE', #3132, .T. ) ;
#5323 = CARTESIAN_POINT ( 'NONE',  ( 153.3000000000000966, -32.05000000000007532, 6.349999999999999645 ) ) ;
#5324 = ADVANCED_FACE ( 'NONE', ( #4245 ), #2573, .F. ) ;
#5325 = DIRECTION ( 'NONE',  ( 0.000000000000000000, 0.000000000000000000, 1.000000000000000000 ) ) ;
#5326 = DIRECTION ( 'NONE',  ( 6.938893903907228378E-16, -1.000000000000000000, 0.000000000000000000 ) ) ;
#5327 = LINE ( 'NONE', #3680, #5731 ) ;
#5328 = ORIENTED_EDGE ( 'NONE', *, *, #8442, .F. ) ;
#5329 = FACE_OUTER_BOUND ( 'NONE', #1107, .T. ) ;
#5330 = ORIENTED_EDGE ( 'NONE', *, *, #5504, .T. ) ;
#5331 = CARTESIAN_POINT ( 'NONE',  ( 291.7500000000000000, 45.39999999999999858, 6.349999999999999645 ) ) ;
#5332 = CARTESIAN_POINT ( 'NONE',  ( 101.7500000000001705, -72.05000000000008242, 6.349999999999999645 ) ) ;
#5333 = FACE_OUTER_BOUND ( 'NONE', #9616, .T. ) ;
#5334 = EDGE_CURVE ( 'NONE', #9544, #10315, #3461, .T. ) ;
#5335 = EDGE_CURVE ( 'NONE', #8451, #5116, #2739, .T. ) ;
#5336 = CARTESIAN_POINT ( 'NONE',  ( 233.3000000000000682, -5.400000000000048317, 6.349999999999999645 ) ) ;
#5337 = VECTOR ( 'NONE', #8565, 1000.000000000000000 ) ;
#5338 = ORIENTED_EDGE ( 'NONE', *, *, #2894, .T. ) ;
#5339 = LINE ( 'NONE', #6059, #8580 ) ;
#5340 = ORIENTED_EDGE ( 'NONE', *, *, #8167, .T. ) ;
#5341 = PLANE ( 'NONE',  #1526 ) ;
#5342 = LINE ( 'NONE', #6940, #1716 ) ;
#5343 = CARTESIAN_POINT ( 'NONE',  ( 173.3000000000000682, 32.05000000000005400, 6.349999999999999645 ) ) ;
#5344 = ORIENTED_EDGE ( 'NONE', *, *, #9951, .T. ) ;
#5345 = ADVANCED_FACE ( 'NONE', ( #8754 ), #6264, .F. ) ;
#5346 = EDGE_CURVE ( 'NONE', #8861, #3987, #3737, .T. ) ;
#5347 = AXIS2_PLACEMENT_3D ( 'NONE', #9118, #1538, #8293 ) ;
#5348 = AXIS2_PLACEMENT_3D ( 'NONE', #2117, #4715, #5487 ) ;
#5349 = DIRECTION ( 'NONE',  ( -1.000000000000000000, 0.000000000000000000, 0.000000000000000000 ) ) ;
#5350 = DIRECTION ( 'NONE',  ( 1.000000000000000000, 0.000000000000000000, 0.000000000000000000 ) ) ;
#5351 = ORIENTED_EDGE ( 'NONE', *, *, #9016, .T. ) ;
#5352 = AXIS2_PLACEMENT_3D ( 'NONE', #5454, #3798, #2130 ) ;
#5353 = CARTESIAN_POINT ( 'NONE',  ( 113.3000000000000682, 32.05000000000005400, 6.349999999999999645 ) ) ;
#5354 = ORIENTED_EDGE ( 'NONE', *, *, #8920, .F. ) ;
#5355 = ORIENTED_EDGE ( 'NONE', *, *, #10105, .T. ) ;
#5356 = CARTESIAN_POINT ( 'NONE',  ( 150.2000000000001307, -32.05000000000007532, 6.349999999999999645 ) ) ;
#5357 = AXIS2_PLACEMENT_3D ( 'NONE', #5930, #5047, #117 ) ;
#5358 = CARTESIAN_POINT ( 'NONE',  ( 250.2000000000000455, 5.399999999999998579, 6.349999999999999645 ) ) ;
#5359 = DIRECTION ( 'NONE',  ( -0.000000000000000000, -0.000000000000000000, -1.000000000000000000 ) ) ;
#5360 = FACE_BOUND ( 'NONE', #4224, .T. ) ;
#5361 = EDGE_LOOP ( 'NONE', ( #3254, #349, #3435, #7014 ) ) ;
#5362 =( LENGTH_UNIT ( ) NAMED_UNIT ( * ) SI_UNIT ( .MILLI., .METRE. ) );
#5363 = VECTOR ( 'NONE', #2639, 1000.000000000000000 ) ;
#5364 = VECTOR ( 'NONE', #2271, 1000.000000000000000 ) ;
#5365 = CARTESIAN_POINT ( 'NONE',  ( 51.75000000000000711, 20.00000000000000355, 6.349999999999999645 ) ) ;
#5366 = EDGE_CURVE ( 'NONE', #3663, #10045, #7771, .T. ) ;
#5367 = LINE ( 'NONE', #7022, #5744 ) ;
#5368 = ORIENTED_EDGE ( 'NONE', *, *, #1166, .T. ) ;
#5369 = ORIENTED_EDGE ( 'NONE', *, *, #3857, .F. ) ;
#5370 = CARTESIAN_POINT ( 'NONE',  ( 103.3000000000000682, 72.05000000000005400, 0.000000000000000000 ) ) ;
#5371 = FACE_BOUND ( 'NONE', #3401, .T. ) ;
#5372 = EDGE_LOOP ( 'NONE', ( #9504, #1795, #9605, #2863 ) ) ;
#5373 = ORIENTED_EDGE ( 'NONE', *, *, #7486, .T. ) ;
#5374 = PLANE ( 'NONE',  #10363 ) ;
#5375 = CARTESIAN_POINT ( 'NONE',  ( 33.30000000000011084, -32.05000000000007532, 6.349999999999999645 ) ) ;
#5376 = PLANE ( 'NONE',  #8927 ) ;
#5377 = FACE_OUTER_BOUND ( 'NONE', #3770, .T. ) ;
#5378 = EDGE_CURVE ( 'NONE', #6808, #6781, #4617, .T. ) ;
#5379 = DIRECTION ( 'NONE',  ( -1.040834085586084059E-15, 1.000000000000000000, 0.000000000000000000 ) ) ;
#5380 = ORIENTED_EDGE ( 'NONE', *, *, #7221, .T. ) ;
#5381 = LINE ( 'NONE', #3059, #4997 ) ;
#5382 = VERTEX_POINT ( 'NONE', #393 ) ;
#5383 = CARTESIAN_POINT ( 'NONE',  ( 273.3000000000000114, 45.40000000000000568, 0.000000000000000000 ) ) ;
#5384 = DIRECTION ( 'NONE',  ( -1.000000000000000000, 0.000000000000000000, 0.000000000000000000 ) ) ;
#5385 = ADVANCED_FACE ( 'NONE', ( #6214 ), #5287, .F. ) ;
#5386 = DIRECTION ( 'NONE',  ( -0.000000000000000000, -0.000000000000000000, -1.000000000000000000 ) ) ;
#5387 = VECTOR ( 'NONE', #6344, 1000.000000000000000 ) ;
#5388 = DIRECTION ( 'NONE',  ( 0.000000000000000000, 0.000000000000000000, 1.000000000000000000 ) ) ;
#5389 = AXIS2_PLACEMENT_3D ( 'NONE', #6430, #4068, #9142 ) ;
#5390 = ADVANCED_FACE ( 'NONE', ( #9585 ), #4568, .F. ) ;
#5391 = ADVANCED_FACE ( 'NONE', ( #4509 ), #3622, .F. ) ;
#5392 = VERTEX_POINT ( 'NONE', #7089 ) ;
#5393 = DIRECTION ( 'NONE',  ( -0.000000000000000000, -0.000000000000000000, -1.000000000000000000 ) ) ;
#5394 = ORIENTED_EDGE ( 'NONE', *, *, #992, .F. ) ;
#5395 = CARTESIAN_POINT ( 'NONE',  ( 183.3000000000000966, -32.05000000000007532, 6.349999999999999645 ) ) ;
#5396 = PLANE ( 'NONE',  #5958 ) ;
#5397 = DIRECTION ( 'NONE',  ( 0.000000000000000000, 0.000000000000000000, 1.000000000000000000 ) ) ;
#5398 = VERTEX_POINT ( 'NONE', #5383 ) ;
#5399 = AXIS2_PLACEMENT_3D ( 'NONE', #5294, #141, #1800 ) ;
#5400 = AXIS2_PLACEMENT_3D ( 'NONE', #2323, #4713, #8968 ) ;
#5401 = LINE ( 'NONE', #3801, #4009 ) ;
#5402 = AXIS2_PLACEMENT_3D ( 'NONE', #1175, #10367, #182 ) ;
#5403 = AXIS2_PLACEMENT_3D ( 'NONE', #3815, #2995, #1211 ) ;
#5404 = ADVANCED_FACE ( 'NONE', ( #9539 ), #8652, .T. ) ;
#5405 = ADVANCED_FACE ( 'NONE', ( #6983 ), #6929, .T. ) ;
#5406 = ORIENTED_EDGE ( 'NONE', *, *, #4132, .T. ) ;
#5407 = CIRCLE ( 'NONE', #103, 1.549999999999995826 ) ;
#5408 = CARTESIAN_POINT ( 'NONE',  ( 90.20000000000008811, 32.05000000000005400, 6.349999999999999645 ) ) ;
#5409 = EDGE_LOOP ( 'NONE', ( #9833, #2704, #10440, #9148 ) ) ;
#5410 = EDGE_LOOP ( 'NONE', ( #113, #2250, #2027, #6622 ) ) ;
#5411 = CARTESIAN_POINT ( 'NONE',  ( 263.3000000000000114, -5.400000000000027001, 6.349999999999999645 ) ) ;
#5412 = CARTESIAN_POINT ( 'NONE',  ( 143.3000000000000966, -19.99999999999992184, 6.349999999999999645 ) ) ;
#5413 = FACE_BOUND ( 'NONE', #8473, .T. ) ;
#5414 = ORIENTED_EDGE ( 'NONE', *, *, #10810, .T. ) ;
#5415 = AXIS2_PLACEMENT_3D ( 'NONE', #8390, #6731, #4203 ) ;
#5416 = CIRCLE ( 'NONE', #4011, 1.549999999999995826 ) ;
#5417 = CARTESIAN_POINT ( 'NONE',  ( 50.20000000000016627, -72.05000000000008242, 6.349999999999999645 ) ) ;
#5418 = VECTOR ( 'NONE', #3626, 1000.000000000000000 ) ;
#5419 = FACE_OUTER_BOUND ( 'NONE', #2526, .T. ) ;
#5420 = EDGE_LOOP ( 'NONE', ( #6712, #8107, #6258, #2367 ) ) ;
#5421 = ORIENTED_EDGE ( 'NONE', *, *, #7116, .T. ) ;
#5422 = LINE ( 'NONE', #2781, #10212 ) ;
#5423 = FACE_BOUND ( 'NONE', #4152, .T. ) ;
#5424 = ORIENTED_EDGE ( 'NONE', *, *, #2273, .F. ) ;
#5425 = ORIENTED_EDGE ( 'NONE', *, *, #7223, .F. ) ;
#5426 = DIRECTION ( 'NONE',  ( -0.000000000000000000, -0.000000000000000000, -1.000000000000000000 ) ) ;
#5427 = CARTESIAN_POINT ( 'NONE',  ( 150.2000000000001023, 20.00000000000000355, 6.349999999999999645 ) ) ;
#5428 = ORIENTED_EDGE ( 'NONE', *, *, #3164, .F. ) ;
#5429 = VECTOR ( 'NONE', #4636, 1000.000000000000000 ) ;
#5430 = DIRECTION ( 'NONE',  ( -0.000000000000000000, -0.000000000000000000, -1.000000000000000000 ) ) ;
#5431 = EDGE_CURVE ( 'NONE', #4553, #1488, #8702, .T. ) ;
#5432 = CIRCLE ( 'NONE', #10723, 1.549999999999995826 ) ;
#5433 = CIRCLE ( 'NONE', #655, 1.549999999999995826 ) ;
#5434 = CARTESIAN_POINT ( 'NONE',  ( 203.3000000000000966, -19.99999999999992184, 0.000000000000000000 ) ) ;
#5435 = VECTOR ( 'NONE', #1189, 1000.000000000000000 ) ;
#5436 = CARTESIAN_POINT ( 'NONE',  ( 71.75000000000001421, 20.00000000000000355, 6.349999999999999645 ) ) ;
#5437 = ORIENTED_EDGE ( 'NONE', *, *, #5602, .T. ) ;
#5438 = CARTESIAN_POINT ( 'NONE',  ( 143.3000000000000966, -32.05000000000007532, 6.349999999999999645 ) ) ;
#5439 = CIRCLE ( 'NONE', #4565, 1.549999999999995826 ) ;
#5440 = ORIENTED_EDGE ( 'NONE', *, *, #4887, .T. ) ;
#5441 = DIRECTION ( 'NONE',  ( -0.000000000000000000, -0.000000000000000000, -1.000000000000000000 ) ) ;
#5442 = LINE ( 'NONE', #8818, #4114 ) ;
#5443 = CARTESIAN_POINT ( 'NONE',  ( 193.3000000000000966, 72.05000000000005400, 6.349999999999999645 ) ) ;
#5444 = VECTOR ( 'NONE', #10502, 1000.000000000000000 ) ;
#5445 = EDGE_CURVE ( 'NONE', #2825, #2473, #7935, .T. ) ;
#5446 = AXIS2_PLACEMENT_3D ( 'NONE', #3927, #10663, #4801 ) ;
#5447 = DIRECTION ( 'NONE',  ( 3.469446951953620598E-16, -1.000000000000000000, -0.000000000000000000 ) ) ;
#5448 = AXIS2_PLACEMENT_3D ( 'NONE', #7271, #9983, #4085 ) ;
#5449 = ORIENTED_EDGE ( 'NONE', *, *, #6114, .T. ) ;
#5450 = CARTESIAN_POINT ( 'NONE',  ( 163.3000000000000682, 32.05000000000005400, 0.000000000000000000 ) ) ;
#5451 = VERTEX_POINT ( 'NONE', #4459 ) ;
#5452 = CARTESIAN_POINT ( 'NONE',  ( 150.2000000000001307, -32.05000000000007532, 6.349999999999999645 ) ) ;
#5453 = DIRECTION ( 'NONE',  ( -1.000000000000000000, 0.000000000000000000, 0.000000000000000000 ) ) ;
#5454 = CARTESIAN_POINT ( 'NONE',  ( 18.70999999999999730, 20.00000000000000000, 6.349999999999999645 ) ) ;
#5455 = EDGE_LOOP ( 'NONE', ( #1154, #5855, #9711, #1518 ) ) ;
#5456 = ADVANCED_FACE ( 'NONE', ( #3787 ), #7140, .T. ) ;
#5457 = ADVANCED_FACE ( 'NONE', ( #7873 ), #3686, .T. ) ;
#5458 = LINE ( 'NONE', #4585, #3478 ) ;
#5459 = ORIENTED_EDGE ( 'NONE', *, *, #4415, .T. ) ;
#5460 = CARTESIAN_POINT ( 'NONE',  ( 210.2000000000000739, 72.05000000000005400, 6.349999999999999645 ) ) ;
#5461 = ORIENTED_EDGE ( 'NONE', *, *, #7486, .F. ) ;
#5462 = ORIENTED_EDGE ( 'NONE', *, *, #2502, .F. ) ;
#5463 = DIRECTION ( 'NONE',  ( -0.000000000000000000, -0.000000000000000000, -1.000000000000000000 ) ) ;
#5464 = CYLINDRICAL_SURFACE ( 'NONE', #8424, 1.549999999999995826 ) ;
#5465 = FACE_BOUND ( 'NONE', #2942, .T. ) ;
#5466 = EDGE_LOOP ( 'NONE', ( #10060, #796, #10680, #4860 ) ) ;
#5467 = EDGE_CURVE ( 'NONE', #7121, #4044, #3277, .T. ) ;
#5468 = EDGE_CURVE ( 'NONE', #9154, #5826, #5489, .T. ) ;
#5469 = EDGE_CURVE ( 'NONE', #9111, #168, #1437, .T. ) ;
#5470 = CARTESIAN_POINT ( 'NONE',  ( 310.2000000000001023, -45.39999999999999858, 6.349999999999999645 ) ) ;
#5471 = CARTESIAN_POINT ( 'NONE',  ( 81.75000000000000000, 20.00000000000000355, 0.000000000000000000 ) ) ;
#5472 = CARTESIAN_POINT ( 'NONE',  ( 250.2000000000001023, -45.40000000000003411, 6.349999999999999645 ) ) ;
#5473 = ORIENTED_EDGE ( 'NONE', *, *, #4066, .F. ) ;
#5474 = VERTEX_POINT ( 'NONE', #9022 ) ;
#5475 = DIRECTION ( 'NONE',  ( -1.000000000000000000, -3.469446951953620598E-16, 0.000000000000000000 ) ) ;
#5476 = FACE_BOUND ( 'NONE', #7563, .T. ) ;
#5477 = EDGE_LOOP ( 'NONE', ( #1757, #2954, #2888, #6878 ) ) ;
#5478 = CARTESIAN_POINT ( 'NONE',  ( 31.75000000000000000, 82.54999999999999716, 6.349999999999999645 ) ) ;
#5479 = DIRECTION ( 'NONE',  ( -1.000000000000000000, 0.000000000000000000, 0.000000000000000000 ) ) ;
#5480 = ORIENTED_EDGE ( 'NONE', *, *, #7497, .T. ) ;
#5481 = LINE ( 'NONE', #7293, #4008 ) ;
#5482 = EDGE_CURVE ( 'NONE', #6612, #8956, #2959, .T. ) ;
#5483 = EDGE_CURVE ( 'NONE', #272, #6881, #4006, .T. ) ;
#5484 = CYLINDRICAL_SURFACE ( 'NONE', #6850, 1.549999999999995826 ) ;
#5485 = FACE_OUTER_BOUND ( 'NONE', #3644, .T. ) ;
#5486 = ORIENTED_EDGE ( 'NONE', *, *, #5646, .T. ) ;
#5487 = DIRECTION ( 'NONE',  ( 0.000000000000000000, 0.000000000000000000, -1.000000000000000000 ) ) ;
#5488 = ORIENTED_EDGE ( 'NONE', *, *, #9250, .F. ) ;
#5489 = LINE ( 'NONE', #1494, #8222 ) ;
#5490 = LINE ( 'NONE', #6984, #3602 ) ;
#5491 = PLANE ( 'NONE',  #7385 ) ;
#5492 = LINE ( 'NONE', #8918, #7363 ) ;
#5493 = ORIENTED_EDGE ( 'NONE', *, *, #1927, .T. ) ;
#5494 = EDGE_CURVE ( 'NONE', #10200, #9304, #7251, .T. ) ;
#5495 = PLANE ( 'NONE',  #2757 ) ;
#5496 = VERTEX_POINT ( 'NONE', #6533 ) ;
#5497 = DIRECTION ( 'NONE',  ( -0.000000000000000000, -0.000000000000000000, -1.000000000000000000 ) ) ;
#5498 = CYLINDRICAL_SURFACE ( 'NONE', #656, 1.549999999999995826 ) ;
#5499 = CARTESIAN_POINT ( 'NONE',  ( 73.30000000000013927, -72.05000000000008242, 6.349999999999999645 ) ) ;
#5500 = ORIENTED_EDGE ( 'NONE', *, *, #6165, .T. ) ;
#5501 = CARTESIAN_POINT ( 'NONE',  ( 271.7500000000000568, -5.400000000000020783, 0.000000000000000000 ) ) ;
#5502 = ORIENTED_EDGE ( 'NONE', *, *, #7558, .F. ) ;
#5503 = ADVANCED_FACE ( 'NONE', ( #4878 ), #10629, .F. ) ;
#5504 = EDGE_CURVE ( 'NONE', #8524, #931, #4821, .T. ) ;
#5505 = DIRECTION ( 'NONE',  ( 0.7808688094430302762, -0.6246950475544243986, -0.000000000000000000 ) ) ;
#5506 = ORIENTED_EDGE ( 'NONE', *, *, #8592, .F. ) ;
#5507 = VERTEX_POINT ( 'NONE', #8190 ) ;
#5508 = LINE ( 'NONE', #3244, #1742 ) ;
#5509 = FACE_OUTER_BOUND ( 'NONE', #2217, .T. ) ;
#5510 = FACE_BOUND ( 'NONE', #1374, .T. ) ;
#5511 = AXIS2_PLACEMENT_3D ( 'NONE', #7618, #5182, #8608 ) ;
#5512 = ORIENTED_EDGE ( 'NONE', *, *, #8697, .F. ) ;
#5513 = VECTOR ( 'NONE', #9948, 1000.000000000000000 ) ;
#5514 = DIRECTION ( 'NONE',  ( -1.000000000000000000, 0.000000000000000000, 0.000000000000000000 ) ) ;
#5515 = DIRECTION ( 'NONE',  ( -1.000000000000000000, 0.000000000000000000, 0.000000000000000000 ) ) ;
#5516 = AXIS2_PLACEMENT_3D ( 'NONE', #638, #3196, #6557 ) ;
#5517 = CARTESIAN_POINT ( 'NONE',  ( 10.26000000000000156, -20.00000000000000000, 0.000000000000000000 ) ) ;
#5518 = DIRECTION ( 'NONE',  ( 0.000000000000000000, 0.000000000000000000, 1.000000000000000000 ) ) ;
#5519 = ORIENTED_EDGE ( 'NONE', *, *, #8208, .F. ) ;
#5520 = EDGE_LOOP ( 'NONE', ( #1000, #8537, #9669, #512 ) ) ;
#5521 = LINE ( 'NONE', #8068, #1025 ) ;
#5522 = EDGE_CURVE ( 'NONE', #4794, #2272, #10697, .T. ) ;
#5523 = ADVANCED_FACE ( 'NONE', ( #2282 ), #9075, .F. ) ;
#5524 = CARTESIAN_POINT ( 'NONE',  ( 160.2000000000001023, 32.05000000000005400, 0.000000000000000000 ) ) ;
#5525 = ORIENTED_EDGE ( 'NONE', *, *, #2730, .T. ) ;
#5526 = LINE ( 'NONE', #9621, #636 ) ;
#5527 = FACE_OUTER_BOUND ( 'NONE', #5679, .T. ) ;
#5528 = ORIENTED_EDGE ( 'NONE', *, *, #8840, .F. ) ;
#5529 = DIRECTION ( 'NONE',  ( -1.387778780781445676E-15, 1.000000000000000000, -0.000000000000000000 ) ) ;
#5530 = AXIS2_PLACEMENT_3D ( 'NONE', #5613, #3236, #7316 ) ;
#5531 = AXIS2_PLACEMENT_3D ( 'NONE', #3173, #4007, #9076 ) ;
#5532 = FACE_OUTER_BOUND ( 'NONE', #8155, .T. ) ;
#5533 = CARTESIAN_POINT ( 'NONE',  ( 40.20000000000008811, 32.05000000000005400, 6.349999999999999645 ) ) ;
#5534 = EDGE_LOOP ( 'NONE', ( #7425, #1299, #10946, #252 ) ) ;
#5536 = VECTOR ( 'NONE', #6971, 1000.000000000000000 ) ;
#5535 = CARTESIAN_POINT ( 'NONE',  ( 30.20000000000008100, 72.05000000000005400, 6.349999999999999645 ) ) ;
#5537 = EDGE_CURVE ( 'NONE', #2074, #3723, #10745, .T. ) ;
#5538 = ADVANCED_FACE ( 'NONE', ( #1333 ), #3844, .T. ) ;
#5539 = VERTEX_POINT ( 'NONE', #6373 ) ;
#5540 = CARTESIAN_POINT ( 'NONE',  ( 111.7500000000000000, -20.00000000000003197, 6.349999999999999645 ) ) ;
#5541 = LINE ( 'NONE', #10898, #4639 ) ;
#5542 = CARTESIAN_POINT ( 'NONE',  ( 201.7500000000001137, -32.05000000000007532, 0.000000000000000000 ) ) ;
#5543 = CARTESIAN_POINT ( 'NONE',  ( 170.2000000000001023, -19.99999999999992184, 0.000000000000000000 ) ) ;
#5544 = CARTESIAN_POINT ( 'NONE',  ( 293.3000000000000114, -5.400000000000006573, 6.349999999999999645 ) ) ;
#5545 = ORIENTED_EDGE ( 'NONE', *, *, #4660, .F. ) ;
#5546 = DIRECTION ( 'NONE',  ( -0.000000000000000000, -0.000000000000000000, -1.000000000000000000 ) ) ;
#5547 = ORIENTED_EDGE ( 'NONE', *, *, #6921, .T. ) ;
#5548 = CYLINDRICAL_SURFACE ( 'NONE', #9657, 1.549999999999995826 ) ;
#5549 = DIRECTION ( 'NONE',  ( -0.000000000000000000, -0.000000000000000000, -1.000000000000000000 ) ) ;
#5550 = CARTESIAN_POINT ( 'NONE',  ( 201.7500000000001137, -32.05000000000007532, 6.349999999999999645 ) ) ;
#5551 = ORIENTED_EDGE ( 'NONE', *, *, #6855, .T. ) ;
#5552 = CIRCLE ( 'NONE', #781, 1.549999999999982059 ) ;
#5553 = EDGE_CURVE ( 'NONE', #9606, #5807, #9695, .T. ) ;
#5554 = FACE_OUTER_BOUND ( 'NONE', #928, .T. ) ;
#5555 = ORIENTED_EDGE ( 'NONE', *, *, #2422, .F. ) ;
#5556 = CARTESIAN_POINT ( 'NONE',  ( 33.30000000000006821, 72.05000000000005400, 0.000000000000000000 ) ) ;
#5557 = ORIENTED_EDGE ( 'NONE', *, *, #3246, .F. ) ;
#5558 = EDGE_LOOP ( 'NONE', ( #9979, #7859, #9256, #5340 ) ) ;
#5559 = CARTESIAN_POINT ( 'NONE',  ( 80.20000000000017337, -72.05000000000008242, 6.349999999999999645 ) ) ;
#5560 = AXIS2_PLACEMENT_3D ( 'NONE', #4464, #6937, #1076 ) ;
#5561 = AXIS2_PLACEMENT_3D ( 'NONE', #8922, #8981, #4012 ) ;
#5562 = CARTESIAN_POINT ( 'NONE',  ( 31.75000000000015987, -72.05000000000008242, 0.000000000000000000 ) ) ;
#5563 = FACE_BOUND ( 'NONE', #4928, .T. ) ;
#5564 = ORIENTED_EDGE ( 'NONE', *, *, #9588, .T. ) ;
#5565 = DIRECTION ( 'NONE',  ( -0.000000000000000000, -0.000000000000000000, -1.000000000000000000 ) ) ;
#5566 = EDGE_CURVE ( 'NONE', #1277, #1536, #505, .T. ) ;
#5567 = AXIS2_PLACEMENT_3D ( 'NONE', #456, #3853, #7214 ) ;
#5568 = LINE ( 'NONE', #9721, #4002 ) ;
#5569 = VECTOR ( 'NONE', #4815, 1000.000000000000000 ) ;
#5570 = CARTESIAN_POINT ( 'NONE',  ( 70.20000000000010232, -19.99999999999992184, 0.000000000000000000 ) ) ;
#5571 = DIRECTION ( 'NONE',  ( 1.000000000000000000, 0.000000000000000000, 0.000000000000000000 ) ) ;
#5572 = ORIENTED_EDGE ( 'NONE', *, *, #10446, .T. ) ;
#5573 = VERTEX_POINT ( 'NONE', #2120 ) ;
#5574 = CARTESIAN_POINT ( 'NONE',  ( 171.7500000000000000, -20.00000000000003197, 0.000000000000000000 ) ) ;
#5575 = DIRECTION ( 'NONE',  ( 0.000000000000000000, 0.000000000000000000, 1.000000000000000000 ) ) ;
#5576 = VECTOR ( 'NONE', #4827, 1000.000000000000000 ) ;
#5577 = ORIENTED_EDGE ( 'NONE', *, *, #859, .F. ) ;
#5578 = DIRECTION ( 'NONE',  ( 1.000000000000000000, 1.460270790212613217E-16, -0.000000000000000000 ) ) ;
#5579 = DIRECTION ( 'NONE',  ( -0.000000000000000000, -0.000000000000000000, -1.000000000000000000 ) ) ;
#5580 = VERTEX_POINT ( 'NONE', #5596 ) ;
#5581 = CIRCLE ( 'NONE', #3112, 1.549999999999995826 ) ;
#5582 = CARTESIAN_POINT ( 'NONE',  ( 260.1999999999999886, 5.399999999999998579, 6.349999999999999645 ) ) ;
#5583 = AXIS2_PLACEMENT_3D ( 'NONE', #4810, #9894, #5685 ) ;
#5584 = EDGE_CURVE ( 'NONE', #9595, #5870, #2328, .T. ) ;
#5585 = EDGE_CURVE ( 'NONE', #4137, #5108, #8974, .T. ) ;
#5586 = AXIS2_PLACEMENT_3D ( 'NONE', #2642, #2688, #6887 ) ;
#5587 = AXIS2_PLACEMENT_3D ( 'NONE', #8720, #248, #3640 ) ;
#5588 = LINE ( 'NONE', #2160, #7913 ) ;
#5589 = CARTESIAN_POINT ( 'NONE',  ( 211.7500000000001421, -32.05000000000007532, 6.349999999999999645 ) ) ;
#5590 = ORIENTED_EDGE ( 'NONE', *, *, #9951, .F. ) ;
#5591 = ORIENTED_EDGE ( 'NONE', *, *, #1353, .T. ) ;
#5592 = CARTESIAN_POINT ( 'NONE',  ( 170.2000000000001023, 20.00000000000000355, 0.000000000000000000 ) ) ;
#5593 = AXIS2_PLACEMENT_3D ( 'NONE', #3416, #5016, #10266 ) ;
#5594 = VERTEX_POINT ( 'NONE', #8254 ) ;
#5595 = AXIS2_PLACEMENT_3D ( 'NONE', #8810, #8747, #10462 ) ;
#5596 = CARTESIAN_POINT ( 'NONE',  ( 243.3000000000000114, 45.40000000000000568, 6.349999999999999645 ) ) ;
#5597 = CARTESIAN_POINT ( 'NONE',  ( 71.75000000000001421, 20.00000000000000355, 6.349999999999999645 ) ) ;
#5598 = CIRCLE ( 'NONE', #10194, 1.549999999999968070 ) ;
#5599 = EDGE_CURVE ( 'NONE', #5573, #8116, #445, .T. ) ;
#5600 = EDGE_CURVE ( 'NONE', #4756, #1779, #5873, .T. ) ;
#5601 = CIRCLE ( 'NONE', #470, 1.549999999999995826 ) ;
#5602 = EDGE_CURVE ( 'NONE', #1408, #7437, #6642, .T. ) ;
#5603 = DIRECTION ( 'NONE',  ( 0.000000000000000000, -1.000000000000000000, 0.000000000000000000 ) ) ;
#5604 = VECTOR ( 'NONE', #6700, 1000.000000000000000 ) ;
#5605 = LINE ( 'NONE', #4884, #7930 ) ;
#5606 = ORIENTED_EDGE ( 'NONE', *, *, #9917, .F. ) ;
#5607 = LINE ( 'NONE', #8983, #5225 ) ;
#5608 = ORIENTED_EDGE ( 'NONE', *, *, #7342, .T. ) ;
#5609 = CARTESIAN_POINT ( 'NONE',  ( 190.2000000000001592, -72.05000000000008242, 6.349999999999999645 ) ) ;
#5610 = CARTESIAN_POINT ( 'NONE',  ( 180.2000000000000739, 72.05000000000005400, 6.349999999999999645 ) ) ;
#5611 = VECTOR ( 'NONE', #1593, 1000.000000000000000 ) ;
#5612 = DIRECTION ( 'NONE',  ( -1.387778780781445478E-15, 1.000000000000000000, -0.000000000000000000 ) ) ;
#5613 = CARTESIAN_POINT ( 'NONE',  ( 281.7500000000000000, 5.399999999999998579, 6.349999999999999645 ) ) ;
#5614 = ORIENTED_EDGE ( 'NONE', *, *, #10192, .F. ) ;
#5615 = CIRCLE ( 'NONE', #7207, 1.549999999999982059 ) ;
#5616 = EDGE_CURVE ( 'NONE', #1920, #10920, #1664, .T. ) ;
#5617 = VECTOR ( 'NONE', #6903, 1000.000000000000000 ) ;
#5618 = CARTESIAN_POINT ( 'NONE',  ( 153.2999999999999829, 20.00000000000000355, 6.349999999999999645 ) ) ;
#5619 = ORIENTED_EDGE ( 'NONE', *, *, #4334, .F. ) ;
#5620 = AXIS2_PLACEMENT_3D ( 'NONE', #5244, #1085, #7788 ) ;
#5621 = CARTESIAN_POINT ( 'NONE',  ( 81.75000000000007105, 72.05000000000005400, 6.349999999999999645 ) ) ;
#5622 = ORIENTED_EDGE ( 'NONE', *, *, #9175, .F. ) ;
#5623 = ORIENTED_EDGE ( 'NONE', *, *, #3383, .F. ) ;
#5624 = CARTESIAN_POINT ( 'NONE',  ( 293.3000000000000682, -45.40000000000000568, 6.349999999999999645 ) ) ;
#5625 = DIRECTION ( 'NONE',  ( 2.289122957394680433E-16, -1.000000000000000000, -0.000000000000000000 ) ) ;
#5626 = CARTESIAN_POINT ( 'NONE',  ( 151.7500000000000853, 72.05000000000005400, 0.000000000000000000 ) ) ;
#5627 = ORIENTED_EDGE ( 'NONE', *, *, #10336, .T. ) ;
#5628 = DIRECTION ( 'NONE',  ( 0.000000000000000000, 0.000000000000000000, 1.000000000000000000 ) ) ;
#5629 = CARTESIAN_POINT ( 'NONE',  ( 222.2500000000000000, 82.55000000000001137, 0.000000000000000000 ) ) ;
#5630 = FACE_OUTER_BOUND ( 'NONE', #1482, .T. ) ;
#5631 = DIRECTION ( 'NONE',  ( -0.000000000000000000, -0.000000000000000000, -1.000000000000000000 ) ) ;
#5632 = VERTEX_POINT ( 'NONE', #3220 ) ;
#5633 = ORIENTED_EDGE ( 'NONE', *, *, #2982, .T. ) ;
#5634 = CARTESIAN_POINT ( 'NONE',  ( 293.3000000000000114, 5.399999999999999467, 6.349999999999999645 ) ) ;
#5635 = ADVANCED_FACE ( 'NONE', ( #3274 ), #9958, .F. ) ;
#5636 = CARTESIAN_POINT ( 'NONE',  ( 150.2000000000001307, -32.05000000000007532, 6.349999999999999645 ) ) ;
#5637 = VERTEX_POINT ( 'NONE', #2625 ) ;
#5638 = FACE_OUTER_BOUND ( 'NONE', #624, .T. ) ;
#5639 = CARTESIAN_POINT ( 'NONE',  ( 313.3000000000000114, -5.399999999999992362, 6.349999999999999645 ) ) ;
#5640 = EDGE_LOOP ( 'NONE', ( #1045, #6737, #10521, #4477 ) ) ;
#5641 = PLANE ( 'NONE',  #7369 ) ;
#5642 = DIRECTION ( 'NONE',  ( 0.000000000000000000, 0.000000000000000000, 1.000000000000000000 ) ) ;
#5643 = ORIENTED_EDGE ( 'NONE', *, *, #9760, .F. ) ;
#5644 = ORIENTED_EDGE ( 'NONE', *, *, #190, .F. ) ;
#5645 = CARTESIAN_POINT ( 'NONE',  ( 110.2000000000001023, -19.99999999999992184, 0.000000000000000000 ) ) ;
#5646 = EDGE_CURVE ( 'NONE', #5539, #2147, #10022, .T. ) ;
#5647 = ADVANCED_FACE ( 'NONE', ( #5822 ), #10133, .T. ) ;
#5648 = ORIENTED_EDGE ( 'NONE', *, *, #5585, .T. ) ;
#5649 = CARTESIAN_POINT ( 'NONE',  ( 193.3000000000000966, 32.05000000000005400, 6.349999999999999645 ) ) ;
#5650 = DIRECTION ( 'NONE',  ( -1.000000000000000000, 0.000000000000000000, 0.000000000000000000 ) ) ;
#5651 = CARTESIAN_POINT ( 'NONE',  ( 191.7500000000000853, 32.05000000000005400, 0.000000000000000000 ) ) ;
#5652 = DIRECTION ( 'NONE',  ( 0.000000000000000000, 0.000000000000000000, 1.000000000000000000 ) ) ;
#5653 = CARTESIAN_POINT ( 'NONE',  ( 7.159999999999995701, 20.00000000000000000, 6.349999999999999645 ) ) ;
#5654 = VERTEX_POINT ( 'NONE', #7473 ) ;
#5655 = CARTESIAN_POINT ( 'NONE',  ( 222.2500000000000000, 82.55000000000001137, 6.349999999999999645 ) ) ;
#5656 = ORIENTED_EDGE ( 'NONE', *, *, #6008, .F. ) ;
#5657 = FACE_OUTER_BOUND ( 'NONE', #1673, .T. ) ;
#5658 = LINE ( 'NONE', #4783, #8706 ) ;
#5659 = ADVANCED_FACE ( 'NONE', ( #4986 ), #2385, .F. ) ;
#5660 = EDGE_CURVE ( 'NONE', #8134, #502, #5046, .T. ) ;
#5661 = FACE_OUTER_BOUND ( 'NONE', #9963, .T. ) ;
#5662 = CYLINDRICAL_SURFACE ( 'NONE', #3776, 1.549999999999968070 ) ;
#5663 = VERTEX_POINT ( 'NONE', #9305 ) ;
#5664 = CARTESIAN_POINT ( 'NONE',  ( 151.7500000000001421, -32.05000000000007532, 6.349999999999999645 ) ) ;
#5665 = VERTEX_POINT ( 'NONE', #10793 ) ;
#5666 = LINE ( 'NONE', #3803, #5387 ) ;
#5667 = ORIENTED_EDGE ( 'NONE', *, *, #1798, .T. ) ;
#5668 = ORIENTED_EDGE ( 'NONE', *, *, #2363, .F. ) ;
#5669 = CARTESIAN_POINT ( 'NONE',  ( 221.8214292284634439, -82.54999999999998295, 0.000000000000000000 ) ) ;
#5670 = EDGE_CURVE ( 'NONE', #5474, #7237, #61, .T. ) ;
#5671 = ADVANCED_FACE ( 'NONE', ( #7596 ), #2559, .F. ) ;
#5672 = CARTESIAN_POINT ( 'NONE',  ( 41.75000000000007816, 72.05000000000005400, 6.349999999999999645 ) ) ;
#5673 = FACE_BOUND ( 'NONE', #9950, .T. ) ;
#5674 = VERTEX_POINT ( 'NONE', #775 ) ;
#5675 = DIRECTION ( 'NONE',  ( 0.000000000000000000, 1.000000000000000000, 0.000000000000000000 ) ) ;
#5676 = DIRECTION ( 'NONE',  ( -1.000000000000000000, 0.000000000000000000, 0.000000000000000000 ) ) ;
#5677 = FACE_OUTER_BOUND ( 'NONE', #10829, .T. ) ;
#5678 = FACE_OUTER_BOUND ( 'NONE', #5640, .T. ) ;
#5679 = EDGE_LOOP ( 'NONE', ( #2148, #9868, #2499, #2539 ) ) ;
#5680 = ORIENTED_EDGE ( 'NONE', *, *, #616, .F. ) ;
#5681 = CARTESIAN_POINT ( 'NONE',  ( 132.7857146142317788, -30.31245604999991983, 6.349999999999999645 ) ) ;
#5682 = VECTOR ( 'NONE', #3210, 1000.000000000000000 ) ;
#5683 = CARTESIAN_POINT ( 'NONE',  ( 0.000000000000000000, 0.000000000000000000, 0.000000000000000000 ) ) ;
#5684 = ORIENTED_EDGE ( 'NONE', *, *, #9749, .F. ) ;
#5685 = DIRECTION ( 'NONE',  ( -1.000000000000000000, 0.000000000000000000, 0.000000000000000000 ) ) ;
#5686 = DIRECTION ( 'NONE',  ( 0.000000000000000000, 0.000000000000000000, 1.000000000000000000 ) ) ;
#5687 = VERTEX_POINT ( 'NONE', #6814 ) ;
#5688 = CIRCLE ( 'NONE', #921, 1.549999999999995826 ) ;
#5689 = VECTOR ( 'NONE', #284, 1000.000000000000000 ) ;
#5690 = ADVANCED_FACE ( 'NONE', ( #4172 ), #8419, .T. ) ;
#5691 = DIRECTION ( 'NONE',  ( -3.469446951953613696E-16, 1.000000000000000000, 0.000000000000000000 ) ) ;
#5692 = CARTESIAN_POINT ( 'NONE',  ( 210.2000000000001307, -32.05000000000007532, 0.000000000000000000 ) ) ;
#5693 = ORIENTED_EDGE ( 'NONE', *, *, #1733, .T. ) ;
#5694 = ORIENTED_EDGE ( 'NONE', *, *, #2577, .T. ) ;
#5695 = DIRECTION ( 'NONE',  ( -0.000000000000000000, -0.000000000000000000, -1.000000000000000000 ) ) ;
#5696 = ORIENTED_EDGE ( 'NONE', *, *, #10942, .F. ) ;
#5697 = AXIS2_PLACEMENT_3D ( 'NONE', #5170, #5004, #19 ) ;
#5698 = AXIS2_PLACEMENT_3D ( 'NONE', #8527, #3395, #1838 ) ;
#5699 = CARTESIAN_POINT ( 'NONE',  ( 113.3000000000000682, 72.05000000000005400, 6.349999999999999645 ) ) ;
#5700 = CARTESIAN_POINT ( 'NONE',  ( 193.2999999999999829, 20.00000000000000355, 0.000000000000000000 ) ) ;
#5701 = EDGE_CURVE ( 'NONE', #5265, #10029, #1863, .T. ) ;
#5702 = CIRCLE ( 'NONE', #1269, 1.549999999999982059 ) ;
#5703 = CYLINDRICAL_SURFACE ( 'NONE', #8431, 1.549999999999995826 ) ;
#5704 = CARTESIAN_POINT ( 'NONE',  ( 63.30000000000006111, 32.05000000000005400, 6.349999999999999645 ) ) ;
#5705 = LINE ( 'NONE', #1500, #3654 ) ;
#5706 = VERTEX_POINT ( 'NONE', #8526 ) ;
#5707 = EDGE_CURVE ( 'NONE', #9336, #495, #947, .T. ) ;
#5708 = DIRECTION ( 'NONE',  ( -1.000000000000000000, 0.000000000000000000, 0.000000000000000000 ) ) ;
#5709 = ORIENTED_EDGE ( 'NONE', *, *, #7196, .F. ) ;
#5710 = DIRECTION ( 'NONE',  ( 0.000000000000000000, 0.000000000000000000, 1.000000000000000000 ) ) ;
#5711 = DIRECTION ( 'NONE',  ( -6.938893903907227392E-16, 1.000000000000000000, -0.000000000000000000 ) ) ;
#5712 = CARTESIAN_POINT ( 'NONE',  ( 221.7500000000001137, -32.05000000000007532, 6.349999999999999645 ) ) ;
#5713 = CARTESIAN_POINT ( 'NONE',  ( 211.7500000000001137, 32.05000000000005400, 6.349999999999999645 ) ) ;
#5714 = ORIENTED_EDGE ( 'NONE', *, *, #3079, .T. ) ;
#5715 = EDGE_CURVE ( 'NONE', #3895, #5594, #10079, .T. ) ;
#5716 = EDGE_CURVE ( 'NONE', #4840, #786, #4528, .T. ) ;
#5717 = CARTESIAN_POINT ( 'NONE',  ( 143.3000000000000682, 32.05000000000005400, 6.349999999999999645 ) ) ;
#5718 = ORIENTED_EDGE ( 'NONE', *, *, #10067, .F. ) ;
#5719 = DIRECTION ( 'NONE',  ( 0.000000000000000000, 1.000000000000000000, 0.000000000000000000 ) ) ;
#5720 = EDGE_LOOP ( 'NONE', ( #7125, #6503, #5208, #1095 ) ) ;
#5721 = ORIENTED_EDGE ( 'NONE', *, *, #9644, .F. ) ;
#5722 = DIRECTION ( 'NONE',  ( 0.000000000000000000, 0.000000000000000000, 1.000000000000000000 ) ) ;
#5723 = FACE_OUTER_BOUND ( 'NONE', #8797, .T. ) ;
#5724 = CARTESIAN_POINT ( 'NONE',  ( 110.2000000000000881, 20.00000000000000355, 6.349999999999999645 ) ) ;
#5725 = ORIENTED_EDGE ( 'NONE', *, *, #9660, .T. ) ;
#5726 = EDGE_CURVE ( 'NONE', #3171, #10505, #9291, .T. ) ;
#5727 = EDGE_CURVE ( 'NONE', #3398, #8387, #7862, .T. ) ;
#5728 = DIRECTION ( 'NONE',  ( -0.000000000000000000, -1.000000000000000000, -0.000000000000000000 ) ) ;
#5730 = CYLINDRICAL_SURFACE ( 'NONE', #2448, 1.549999999999968070 ) ;
#5729 = AXIS2_PLACEMENT_3D ( 'NONE', #9816, #10546, #7164 ) ;
#5731 = VECTOR ( 'NONE', #7976, 1000.000000000000000 ) ;
#5732 = DIRECTION ( 'NONE',  ( -1.000000000000000000, 0.000000000000000000, 0.000000000000000000 ) ) ;
#5733 = ORIENTED_EDGE ( 'NONE', *, *, #323, .T. ) ;
#5734 = VERTEX_POINT ( 'NONE', #6873 ) ;
#5735 = CARTESIAN_POINT ( 'NONE',  ( 30.20000000000008811, 32.05000000000005400, 0.000000000000000000 ) ) ;
#5736 = LINE ( 'NONE', #9009, #5064 ) ;
#5737 = ORIENTED_EDGE ( 'NONE', *, *, #9720, .T. ) ;
#5738 = DIRECTION ( 'NONE',  ( 0.000000000000000000, 0.000000000000000000, 1.000000000000000000 ) ) ;
#5739 = CARTESIAN_POINT ( 'NONE',  ( 51.75000000000000711, -20.00000000000003197, 6.349999999999999645 ) ) ;
#5740 = ORIENTED_EDGE ( 'NONE', *, *, #3683, .F. ) ;
#5741 = CARTESIAN_POINT ( 'NONE',  ( 73.30000000000005400, 32.05000000000005400, 6.349999999999999645 ) ) ;
#5742 = VECTOR ( 'NONE', #5393, 1000.000000000000000 ) ;
#5743 = ORIENTED_EDGE ( 'NONE', *, *, #10628, .F. ) ;
#5744 = VECTOR ( 'NONE', #1885, 1000.000000000000000 ) ;
#5745 = CARTESIAN_POINT ( 'NONE',  ( 210.2000000000001023, 32.05000000000005400, 6.349999999999999645 ) ) ;
#5746 = VECTOR ( 'NONE', #6481, 1000.000000000000000 ) ;
#5747 = CARTESIAN_POINT ( 'NONE',  ( 313.3000000000000114, -5.399999999999992362, 6.349999999999999645 ) ) ;
#5748 = ORIENTED_EDGE ( 'NONE', *, *, #843, .F. ) ;
#5749 = EDGE_LOOP ( 'NONE', ( #5925, #3922, #8873, #9006 ) ) ;
#5750 = LINE ( 'NONE', #10908, #3762 ) ;
#5751 = VECTOR ( 'NONE', #1594, 1000.000000000000227 ) ;
#5752 = AXIS2_PLACEMENT_3D ( 'NONE', #2263, #425, #7236 ) ;
#5753 = EDGE_LOOP ( 'NONE', ( #4945, #8670, #6412, #5627 ) ) ;
#5754 = CIRCLE ( 'NONE', #1520, 1.549999999999995826 ) ;
#5755 = EDGE_CURVE ( 'NONE', #6670, #10591, #6095, .T. ) ;
#5756 = CARTESIAN_POINT ( 'NONE',  ( 100.2000000000000881, 32.05000000000005400, 6.349999999999999645 ) ) ;
#5757 = PLANE ( 'NONE',  #1456 ) ;
#5758 = AXIS2_PLACEMENT_3D ( 'NONE', #9167, #6416, #3103 ) ;
#5759 = VECTOR ( 'NONE', #4851, 1000.000000000000000 ) ;
#5760 = CARTESIAN_POINT ( 'NONE',  ( 143.3000000000000966, -19.99999999999992184, 0.000000000000000000 ) ) ;
#5761 = AXIS2_PLACEMENT_3D ( 'NONE', #3934, #5738, #1427 ) ;
#5762 = DIRECTION ( 'NONE',  ( -1.000000000000000000, 0.000000000000000000, 0.000000000000000000 ) ) ;
#5763 = ORIENTED_EDGE ( 'NONE', *, *, #4319, .T. ) ;
#5764 = DIRECTION ( 'NONE',  ( 0.000000000000000000, 0.000000000000000000, 1.000000000000000000 ) ) ;
#5765 = ORIENTED_EDGE ( 'NONE', *, *, #9375, .F. ) ;
#5766 = AXIS2_PLACEMENT_3D ( 'NONE', #74, #10259, #7557 ) ;
#5767 = CYLINDRICAL_SURFACE ( 'NONE', #4692, 1.549999999999995826 ) ;
#5768 = VERTEX_POINT ( 'NONE', #6206 ) ;
#5769 = CARTESIAN_POINT ( 'NONE',  ( 203.3000000000000966, -19.99999999999992184, 6.349999999999999645 ) ) ;
#5770 = DIRECTION ( 'NONE',  ( 0.000000000000000000, -1.000000000000000000, 0.000000000000000000 ) ) ;
#5771 =( GEOMETRIC_REPRESENTATION_CONTEXT ( 3 ) GLOBAL_UNCERTAINTY_ASSIGNED_CONTEXT ( ( #9156 ) ) GLOBAL_UNIT_ASSIGNED_CONTEXT ( ( #1512, #6502, #4899 ) ) REPRESENTATION_CONTEXT ( 'NONE', 'WORKASPACE' ) );
#5772 = ADVANCED_FACE ( 'NONE', ( #3673 ), #5376, .T. ) ;
#5773 = FACE_OUTER_BOUND ( 'NONE', #4498, .T. ) ;
#5774 = CARTESIAN_POINT ( 'NONE',  ( 342.4714292284635349, -50.79999999999998295, 6.349999999999999645 ) ) ;
#5775 = EDGE_LOOP ( 'NONE', ( #2744, #7767, #3140, #6694 ) ) ;
#5776 = CIRCLE ( 'NONE', #1007, 1.549999999999995826 ) ;
#5777 = AXIS2_PLACEMENT_3D ( 'NONE', #1415, #6393, #2191 ) ;
#5778 = AXIS2_PLACEMENT_3D ( 'NONE', #7306, #4065, #7423 ) ;
#5779 = CYLINDRICAL_SURFACE ( 'NONE', #8069, 1.549999999999995826 ) ;
#5780 = VECTOR ( 'NONE', #2786, 1000.000000000000000 ) ;
#5781 = VECTOR ( 'NONE', #7607, 1000.000000000000000 ) ;
#5782 = ORIENTED_EDGE ( 'NONE', *, *, #7785, .F. ) ;
#5783 = CARTESIAN_POINT ( 'NONE',  ( 303.3000000000000114, -5.399999999999999467, 6.349999999999999645 ) ) ;
#5784 = ORIENTED_EDGE ( 'NONE', *, *, #2577, .F. ) ;
#5785 = ORIENTED_EDGE ( 'NONE', *, *, #3976, .T. ) ;
#5786 = DIRECTION ( 'NONE',  ( 1.000000000000000000, 6.938893903907227392E-16, -0.000000000000000000 ) ) ;
#5787 = ADVANCED_FACE ( 'NONE', ( #171 ), #116, .F. ) ;
#5788 = CIRCLE ( 'NONE', #3143, 1.549999999999995826 ) ;
#5789 = DIRECTION ( 'NONE',  ( 0.000000000000000000, 1.000000000000000000, 0.000000000000000000 ) ) ;
#5790 = DIRECTION ( 'NONE',  ( -0.000000000000000000, -0.000000000000000000, -1.000000000000000000 ) ) ;
#5791 = ORIENTED_EDGE ( 'NONE', *, *, #6372, .T. ) ;
#5792 = CARTESIAN_POINT ( 'NONE',  ( 291.7500000000000000, 45.39999999999999858, 6.349999999999999645 ) ) ;
#5793 = AXIS2_PLACEMENT_3D ( 'NONE', #10830, #591, #3095 ) ;
#5794 = LINE ( 'NONE', #1528, #1699 ) ;
#5795 = CIRCLE ( 'NONE', #4041, 1.549999999999995826 ) ;
#5796 = DIRECTION ( 'NONE',  ( 1.387778780781445676E-15, -1.000000000000000000, 0.000000000000000000 ) ) ;
#5797 = ORIENTED_EDGE ( 'NONE', *, *, #2627, .T. ) ;
#5798 = DIRECTION ( 'NONE',  ( -0.000000000000000000, -0.000000000000000000, -1.000000000000000000 ) ) ;
#5799 = VERTEX_POINT ( 'NONE', #3509 ) ;
#5800 = ORIENTED_EDGE ( 'NONE', *, *, #6276, .F. ) ;
#5801 = CARTESIAN_POINT ( 'NONE',  ( 271.7500000000000000, 45.39999999999999858, 6.349999999999999645 ) ) ;
#5802 = VECTOR ( 'NONE', #578, 1000.000000000000000 ) ;
#5803 = CARTESIAN_POINT ( 'NONE',  ( 313.3000000000000114, 5.399999999999999467, 0.000000000000000000 ) ) ;
#5804 = ORIENTED_EDGE ( 'NONE', *, *, #7912, .T. ) ;
#5805 = PLANE ( 'NONE',  #5065 ) ;
#5806 = CARTESIAN_POINT ( 'NONE',  ( 151.7500000000000853, 72.05000000000005400, 6.349999999999999645 ) ) ;
#5807 = VERTEX_POINT ( 'NONE', #2731 ) ;
#5808 = EDGE_CURVE ( 'NONE', #5451, #1375, #3468, .T. ) ;
#5809 = ADVANCED_FACE ( 'NONE', ( #2895 ), #3559, .F. ) ;
#5810 = EDGE_CURVE ( 'NONE', #1539, #6752, #7080, .T. ) ;
#5811 = LINE ( 'NONE', #5033, #9228 ) ;
#5812 = ORIENTED_EDGE ( 'NONE', *, *, #9719, .T. ) ;
#5813 = CARTESIAN_POINT ( 'NONE',  ( 101.7500000000000000, 20.00000000000000355, 0.000000000000000000 ) ) ;
#5814 = CIRCLE ( 'NONE', #682, 1.549999999999968070 ) ;
#5815 = CARTESIAN_POINT ( 'NONE',  ( 83.30000000000015348, -72.05000000000008242, 6.349999999999999645 ) ) ;
#5816 = ORIENTED_EDGE ( 'NONE', *, *, #9040, .T. ) ;
#5817 = ORIENTED_EDGE ( 'NONE', *, *, #8489, .F. ) ;
#5818 = LINE ( 'NONE', #8357, #7276 ) ;
#5819 = ORIENTED_EDGE ( 'NONE', *, *, #5715, .T. ) ;
#5820 = ADVANCED_FACE ( 'NONE', ( #4398 ), #8743, .T. ) ;
#5821 = EDGE_CURVE ( 'NONE', #3240, #6950, #2847, .T. ) ;
#5822 = FACE_OUTER_BOUND ( 'NONE', #5283, .T. ) ;
#5823 = CYLINDRICAL_SURFACE ( 'NONE', #3419, 1.549999999999995826 ) ;
#5824 = DIRECTION ( 'NONE',  ( 3.469446951953620598E-16, -1.000000000000000000, 0.000000000000000000 ) ) ;
#5825 = CARTESIAN_POINT ( 'NONE',  ( 50.20000000000008100, 72.05000000000005400, 6.349999999999999645 ) ) ;
#5826 = VERTEX_POINT ( 'NONE', #10294 ) ;
#5827 = CARTESIAN_POINT ( 'NONE',  ( 151.7500000000001705, -72.05000000000008242, 6.349999999999999645 ) ) ;
#5828 = ORIENTED_EDGE ( 'NONE', *, *, #1338, .T. ) ;
#5829 = DIRECTION ( 'NONE',  ( -0.000000000000000000, -0.000000000000000000, -1.000000000000000000 ) ) ;
#5830 = ORIENTED_EDGE ( 'NONE', *, *, #6397, .F. ) ;
#5831 = DIRECTION ( 'NONE',  ( -1.000000000000000000, 0.000000000000000000, 0.000000000000000000 ) ) ;
#5832 = DIRECTION ( 'NONE',  ( -1.000000000000000000, 0.000000000000000000, 0.000000000000000000 ) ) ;
#5833 = FACE_OUTER_BOUND ( 'NONE', #2812, .T. ) ;
#5834 = DIRECTION ( 'NONE',  ( -0.000000000000000000, -0.000000000000000000, -1.000000000000000000 ) ) ;
#5835 = ORIENTED_EDGE ( 'NONE', *, *, #5041, .T. ) ;
#5836 = LINE ( 'NONE', #1627, #3125 ) ;
#5837 = CARTESIAN_POINT ( 'NONE',  ( 251.7500000000000284, 5.399999999999998579, 6.349999999999999645 ) ) ;
#5838 = EDGE_CURVE ( 'NONE', #3269, #7731, #4556, .T. ) ;
#5839 = ORIENTED_EDGE ( 'NONE', *, *, #2142, .T. ) ;
#5840 = CARTESIAN_POINT ( 'NONE',  ( 250.2000000000001023, -5.400000000000034994, 6.349999999999999645 ) ) ;
#5841 = EDGE_LOOP ( 'NONE', ( #2762, #10732, #1319, #5192 ) ) ;
#5842 = EDGE_LOOP ( 'NONE', ( #4272, #3936, #2020, #10665 ) ) ;
#5843 = CARTESIAN_POINT ( 'NONE',  ( 60.20000000000008811, 32.05000000000005400, 6.349999999999999645 ) ) ;
#5844 = FACE_OUTER_BOUND ( 'NONE', #544, .T. ) ;
#5845 = CARTESIAN_POINT ( 'NONE',  ( 140.2000000000001023, 32.05000000000005400, 0.000000000000000000 ) ) ;
#5846 = VERTEX_POINT ( 'NONE', #7926 ) ;
#5847 = FACE_OUTER_BOUND ( 'NONE', #7600, .T. ) ;
#5848 = CARTESIAN_POINT ( 'NONE',  ( 60.20000000000013074, -32.05000000000007532, 6.349999999999999645 ) ) ;
#5849 = EDGE_CURVE ( 'NONE', #2601, #5665, #6039, .T. ) ;
#5850 = ADVANCED_FACE ( 'NONE', ( #7035 ), #338, .T. ) ;
#5851 = CARTESIAN_POINT ( 'NONE',  ( 91.75000000000000000, 20.00000000000000355, 6.349999999999999645 ) ) ;
#5852 = EDGE_LOOP ( 'NONE', ( #8901, #6223, #6723, #5330 ) ) ;
#5853 = DIRECTION ( 'NONE',  ( -0.000000000000000000, -0.000000000000000000, -1.000000000000000000 ) ) ;
#5854 = ORIENTED_EDGE ( 'NONE', *, *, #3526, .T. ) ;
#5855 = ORIENTED_EDGE ( 'NONE', *, *, #2471, .F. ) ;
#5856 = DIRECTION ( 'NONE',  ( 1.000000000000000000, 0.000000000000000000, 0.000000000000000000 ) ) ;
#5857 = DIRECTION ( 'NONE',  ( -0.000000000000000000, -0.000000000000000000, -1.000000000000000000 ) ) ;
#5858 = ORIENTED_EDGE ( 'NONE', *, *, #4657, .T. ) ;
#5859 = CARTESIAN_POINT ( 'NONE',  ( 50.20000000000010232, -19.99999999999992184, 6.349999999999999645 ) ) ;
#5860 = CYLINDRICAL_SURFACE ( 'NONE', #8892, 1.549999999999995826 ) ;
#5861 = ORIENTED_EDGE ( 'NONE', *, *, #3434, .T. ) ;
#5862 = DIRECTION ( 'NONE',  ( -0.000000000000000000, -0.000000000000000000, -1.000000000000000000 ) ) ;
#5863 = ORIENTED_EDGE ( 'NONE', *, *, #3451, .F. ) ;
#5864 = CIRCLE ( 'NONE', #9577, 1.549999999999995826 ) ;
#5865 = LINE ( 'NONE', #7524, #9324 ) ;
#5866 = ADVANCED_FACE ( 'NONE', ( #9528 ), #6255, .F. ) ;
#5867 = EDGE_CURVE ( 'NONE', #615, #5637, #2056, .T. ) ;
#5868 = DIRECTION ( 'NONE',  ( -1.000000000000000000, 0.000000000000000000, 0.000000000000000000 ) ) ;
#5869 = ORIENTED_EDGE ( 'NONE', *, *, #3857, .T. ) ;
#5870 = VERTEX_POINT ( 'NONE', #1111 ) ;
#5871 = PLANE ( 'NONE',  #2710 ) ;
#5872 = EDGE_LOOP ( 'NONE', ( #6272, #9037, #9623, #6422 ) ) ;
#5873 = LINE ( 'NONE', #8476, #2049 ) ;
#5875 = DIRECTION ( 'NONE',  ( 1.040834085586084059E-15, -1.000000000000000000, 0.000000000000000000 ) ) ;
#5874 = AXIS2_PLACEMENT_3D ( 'NONE', #6729, #1756, #1804 ) ;
#5876 = CIRCLE ( 'NONE', #2330, 1.549999999999995826 ) ;
#5877 = CARTESIAN_POINT ( 'NONE',  ( 113.3000000000001108, -32.05000000000007532, 6.349999999999999645 ) ) ;
#5878 = EDGE_CURVE ( 'NONE', #10766, #1222, #4502, .T. ) ;
#5879 = EDGE_CURVE ( 'NONE', #8335, #8136, #10530, .T. ) ;
#5880 = AXIS2_PLACEMENT_3D ( 'NONE', #7100, #8716, #1134 ) ;
#5881 = CARTESIAN_POINT ( 'NONE',  ( 222.2500000000000000, 82.55000000000001137, 6.349999999999999645 ) ) ;
#5882 = ORIENTED_EDGE ( 'NONE', *, *, #5111, .T. ) ;
#5884 = AXIS2_PLACEMENT_3D ( 'NONE', #4001, #10018, #4874 ) ;
#5883 = LINE ( 'NONE', #3123, #8934 ) ;
#5885 = ORIENTED_EDGE ( 'NONE', *, *, #861, .T. ) ;
#5886 = ORIENTED_EDGE ( 'NONE', *, *, #719, .T. ) ;
#5887 = DIRECTION ( 'NONE',  ( -0.000000000000000000, -1.000000000000000000, -0.000000000000000000 ) ) ;
#5888 = EDGE_LOOP ( 'NONE', ( #685, #9702, #3225, #75 ) ) ;
#5889 = FACE_OUTER_BOUND ( 'NONE', #3192, .T. ) ;
#5890 = DIRECTION ( 'NONE',  ( 0.000000000000000000, 0.000000000000000000, 1.000000000000000000 ) ) ;
#5891 = DIRECTION ( 'NONE',  ( -1.000000000000000000, 0.000000000000000000, 0.000000000000000000 ) ) ;
#5892 = VECTOR ( 'NONE', #7141, 1000.000000000000000 ) ;
#5893 = AXIS2_PLACEMENT_3D ( 'NONE', #6096, #8644, #223 ) ;
#5894 = DIRECTION ( 'NONE',  ( 1.000000000000000000, 0.000000000000000000, 0.000000000000000000 ) ) ;
#5895 = ORIENTED_EDGE ( 'NONE', *, *, #10320, .T. ) ;
#5896 = FACE_OUTER_BOUND ( 'NONE', #9266, .T. ) ;
#5897 = ORIENTED_EDGE ( 'NONE', *, *, #2770, .T. ) ;
#5898 = FACE_OUTER_BOUND ( 'NONE', #7605, .T. ) ;
#5899 = CARTESIAN_POINT ( 'NONE',  ( 80.20000000000008811, 32.05000000000005400, 6.349999999999999645 ) ) ;
#5900 = CARTESIAN_POINT ( 'NONE',  ( 161.7500000000000568, 72.05000000000005400, 6.349999999999999645 ) ) ;
#5901 = ORIENTED_EDGE ( 'NONE', *, *, #7056, .F. ) ;
#5902 = PLANE ( 'NONE',  #5415 ) ;
#5903 = EDGE_CURVE ( 'NONE', #7440, #5265, #2947, .T. ) ;
#5904 = DIRECTION ( 'NONE',  ( -1.000000000000000000, 0.000000000000000000, 0.000000000000000000 ) ) ;
#5905 = DIRECTION ( 'NONE',  ( -0.000000000000000000, -0.000000000000000000, -1.000000000000000000 ) ) ;
#5906 = ORIENTED_EDGE ( 'NONE', *, *, #3790, .T. ) ;
#5907 = CARTESIAN_POINT ( 'NONE',  ( 191.7500000000001421, -72.05000000000008242, 6.349999999999999645 ) ) ;
#5908 = ORIENTED_EDGE ( 'NONE', *, *, #10037, .F. ) ;
#5909 = ORIENTED_EDGE ( 'NONE', *, *, #720, .F. ) ;
#5910 = FACE_OUTER_BOUND ( 'NONE', #2108, .T. ) ;
#5911 = CARTESIAN_POINT ( 'NONE',  ( 153.3000000000000682, 32.05000000000005400, 6.349999999999999645 ) ) ;
#5912 = ORIENTED_EDGE ( 'NONE', *, *, #7361, .F. ) ;
#5913 = FACE_OUTER_BOUND ( 'NONE', #9422, .T. ) ;
#5914 = CARTESIAN_POINT ( 'NONE',  ( 31.75000000000000000, 82.54999999999999716, 6.349999999999999645 ) ) ;
#5915 = VERTEX_POINT ( 'NONE', #10573 ) ;
#5916 = CARTESIAN_POINT ( 'NONE',  ( 233.3000000000000966, -45.40000000000005542, 0.000000000000000000 ) ) ;
#5917 = ADVANCED_FACE ( 'NONE', ( #10622 ), #4653, .T. ) ;
#5918 = VERTEX_POINT ( 'NONE', #545 ) ;
#5919 = CIRCLE ( 'NONE', #2383, 1.549999999999995826 ) ;
#5920 = DIRECTION ( 'NONE',  ( 1.000000000000000000, 0.000000000000000000, 0.000000000000000000 ) ) ;
#5921 = CARTESIAN_POINT ( 'NONE',  ( 153.3000000000000682, 32.05000000000005400, 0.000000000000000000 ) ) ;
#5922 = ORIENTED_EDGE ( 'NONE', *, *, #6664, .F. ) ;
#5923 = EDGE_LOOP ( 'NONE', ( #9268, #4497, #5828, #4857 ) ) ;
#5924 = CARTESIAN_POINT ( 'NONE',  ( 190.2000000000001023, 72.05000000000005400, 6.349999999999999645 ) ) ;
#5925 = ORIENTED_EDGE ( 'NONE', *, *, #5179, .F. ) ;
#5926 = AXIS2_PLACEMENT_3D ( 'NONE', #8314, #999, #10693 ) ;
#5927 = CIRCLE ( 'NONE', #5389, 1.549999999999995826 ) ;
#5928 = EDGE_CURVE ( 'NONE', #3305, #1380, #2593, .T. ) ;
#5929 = DIRECTION ( 'NONE',  ( -1.000000000000000000, 0.000000000000000000, 0.000000000000000000 ) ) ;
#5930 = CARTESIAN_POINT ( 'NONE',  ( 160.2000000000001023, 32.05000000000005400, 6.349999999999999645 ) ) ;
#5931 = ADVANCED_FACE ( 'NONE', ( #9786 ), #8020, .F. ) ;
#5932 = AXIS2_PLACEMENT_3D ( 'NONE', #4283, #5212, #10416 ) ;
#5933 = VECTOR ( 'NONE', #9507, 1000.000000000000000 ) ;
#5934 = DIRECTION ( 'NONE',  ( -1.000000000000000000, -3.469446951953620598E-16, 0.000000000000000000 ) ) ;
#5935 = CIRCLE ( 'NONE', #2588, 1.549999999999995826 ) ;
#5936 = CARTESIAN_POINT ( 'NONE',  ( 41.75000000000012079, -32.05000000000007532, 0.000000000000000000 ) ) ;
#5937 = ORIENTED_EDGE ( 'NONE', *, *, #9091, .T. ) ;
#5938 = CYLINDRICAL_SURFACE ( 'NONE', #10902, 1.549999999999968070 ) ;
#5939 = ORIENTED_EDGE ( 'NONE', *, *, #3113, .T. ) ;
#5940 = DIRECTION ( 'NONE',  ( -1.000000000000000000, 0.000000000000000000, 0.000000000000000000 ) ) ;
#5941 = VERTEX_POINT ( 'NONE', #5582 ) ;
#5942 = VECTOR ( 'NONE', #3455, 1000.000000000000000 ) ;
#5943 = CARTESIAN_POINT ( 'NONE',  ( 161.7500000000000568, 72.05000000000005400, 6.349999999999999645 ) ) ;
#5944 = CARTESIAN_POINT ( 'NONE',  ( 170.2000000000001592, -72.05000000000008242, 0.000000000000000000 ) ) ;
#5945 = DIRECTION ( 'NONE',  ( 1.000000000000000000, 0.000000000000000000, 0.000000000000000000 ) ) ;
#5946 = EDGE_CURVE ( 'NONE', #168, #1304, #1385, .T. ) ;
#5947 = CIRCLE ( 'NONE', #8947, 1.549999999999995826 ) ;
#5948 = EDGE_CURVE ( 'NONE', #6547, #6088, #3310, .T. ) ;
#5949 = ADVANCED_FACE ( 'NONE', ( #436 ), #7245, .F. ) ;
#5950 = VECTOR ( 'NONE', #7062, 1000.000000000000000 ) ;
#5951 = LINE ( 'NONE', #8379, #2233 ) ;
#5952 = VECTOR ( 'NONE', #7610, 1000.000000000000000 ) ;
#5953 = VECTOR ( 'NONE', #4079, 1000.000000000000000 ) ;
#5954 = EDGE_LOOP ( 'NONE', ( #3530, #2516, #4735, #8936 ) ) ;
#5955 = DIRECTION ( 'NONE',  ( 0.000000000000000000, 0.000000000000000000, 1.000000000000000000 ) ) ;
#5956 = ORIENTED_EDGE ( 'NONE', *, *, #10189, .F. ) ;
#5957 = PLANE ( 'NONE',  #2618 ) ;
#5958 = AXIS2_PLACEMENT_3D ( 'NONE', #4626, #7991, #8769 ) ;
#5959 = CARTESIAN_POINT ( 'NONE',  ( 33.30000000000006821, 32.05000000000005400, 6.349999999999999645 ) ) ;
#5960 = CARTESIAN_POINT ( 'NONE',  ( 180.2000000000001023, -19.99999999999992184, 6.349999999999999645 ) ) ;
#5961 = ORIENTED_EDGE ( 'NONE', *, *, #10704, .T. ) ;
#5962 = EDGE_CURVE ( 'NONE', #7182, #9475, #10510, .T. ) ;
#5963 = DIRECTION ( 'NONE',  ( 1.000000000000000000, 0.000000000000000000, -0.000000000000000000 ) ) ;
#5964 = VECTOR ( 'NONE', #777, 1000.000000000000000 ) ;
#5965 = PLANE ( 'NONE',  #5587 ) ;
#5966 = LINE ( 'NONE', #8721, #6504 ) ;
#5967 = ORIENTED_EDGE ( 'NONE', *, *, #7382, .T. ) ;
#5968 = CIRCLE ( 'NONE', #9141, 1.549999999999982059 ) ;
#5969 = DIRECTION ( 'NONE',  ( 1.000000000000000000, 0.000000000000000000, 0.000000000000000000 ) ) ;
#5970 = EDGE_LOOP ( 'NONE', ( #1866, #8088, #316, #7007 ) ) ;
#5971 = VERTEX_POINT ( 'NONE', #7503 ) ;
#5972 = DIRECTION ( 'NONE',  ( 0.000000000000000000, 0.000000000000000000, 1.000000000000000000 ) ) ;
#5973 = DIRECTION ( 'NONE',  ( 1.000000000000000000, 0.000000000000000000, 0.000000000000000000 ) ) ;
#5974 = ORIENTED_EDGE ( 'NONE', *, *, #8031, .T. ) ;
#5975 = CARTESIAN_POINT ( 'NONE',  ( 190.2000000000001023, 32.05000000000005400, 6.349999999999999645 ) ) ;
#5976 = DIRECTION ( 'NONE',  ( -1.000000000000000000, -1.387778780781445478E-15, 0.000000000000000000 ) ) ;
#5977 = EDGE_LOOP ( 'NONE', ( #7244, #8749, #239, #3443 ) ) ;
#5978 = AXIS2_PLACEMENT_3D ( 'NONE', #1055, #6915, #7805 ) ;
#5979 = LINE ( 'NONE', #2833, #4292 ) ;
#5980 = VECTOR ( 'NONE', #6375, 1000.000000000000000 ) ;
#5981 = ORIENTED_EDGE ( 'NONE', *, *, #695, .T. ) ;
#5982 = PLANE ( 'NONE',  #5086 ) ;
#5983 = VECTOR ( 'NONE', #10216, 1000.000000000000000 ) ;
#5984 = EDGE_CURVE ( 'NONE', #978, #6433, #9844, .T. ) ;
#5985 = DIRECTION ( 'NONE',  ( 0.000000000000000000, 0.000000000000000000, 1.000000000000000000 ) ) ;
#5986 = ORIENTED_EDGE ( 'NONE', *, *, #2850, .T. ) ;
#5987 = VERTEX_POINT ( 'NONE', #8129 ) ;
#5988 = DIRECTION ( 'NONE',  ( 0.000000000000000000, 1.000000000000000000, 0.000000000000000000 ) ) ;
#5989 = CIRCLE ( 'NONE', #8811, 1.549999999999995826 ) ;
#5990 = EDGE_LOOP ( 'NONE', ( #5901, #9571, #7050, #6720 ) ) ;
#5991 = LINE ( 'NONE', #4448, #9949 ) ;
#5992 = CARTESIAN_POINT ( 'NONE',  ( 110.2000000000001023, -19.99999999999992184, 6.349999999999999645 ) ) ;
#5993 = FACE_OUTER_BOUND ( 'NONE', #6593, .T. ) ;
#5994 = ADVANCED_FACE ( 'NONE', ( #4708 ), #7192, .F. ) ;
#5995 = PLANE ( 'NONE',  #9830 ) ;
#5996 = EDGE_CURVE ( 'NONE', #10571, #2446, #5481, .T. ) ;
#5997 = ADVANCED_FACE ( 'NONE', ( #5847 ), #6313, .T. ) ;
#5998 = DIRECTION ( 'NONE',  ( 3.469446951953613696E-16, -1.000000000000000000, -0.000000000000000000 ) ) ;
#5999 = ORIENTED_EDGE ( 'NONE', *, *, #631, .F. ) ;
#6000 = CARTESIAN_POINT ( 'NONE',  ( 51.75000000000011369, -32.05000000000007532, 6.349999999999999645 ) ) ;
#6001 = ORIENTED_EDGE ( 'NONE', *, *, #2421, .T. ) ;
#6002 = VERTEX_POINT ( 'NONE', #497 ) ;
#6003 = DIRECTION ( 'NONE',  ( 0.000000000000000000, 0.000000000000000000, 1.000000000000000000 ) ) ;
#6004 = PLANE ( 'NONE',  #1641 ) ;
#6005 = EDGE_LOOP ( 'NONE', ( #3, #4282, #4943, #10292 ) ) ;
#6006 = DIRECTION ( 'NONE',  ( 1.000000000000000000, 0.000000000000000000, 0.000000000000000000 ) ) ;
#6007 = EDGE_CURVE ( 'NONE', #10007, #1568, #2408, .T. ) ;
#6008 = EDGE_CURVE ( 'NONE', #6493, #10715, #6365, .T. ) ;
#6009 = VERTEX_POINT ( 'NONE', #1267 ) ;
#6010 = DIRECTION ( 'NONE',  ( -0.2553414760175478082, -0.9668509350593710305, 0.000000000000000000 ) ) ;
#6011 = ORIENTED_EDGE ( 'NONE', *, *, #8909, .F. ) ;
#6012 = CARTESIAN_POINT ( 'NONE',  ( 329.6714292284635235, 19.99999999999999645, 6.349999999999999645 ) ) ;
#6013 = DIRECTION ( 'NONE',  ( -1.000000000000000000, -1.734723475976806848E-16, 0.000000000000000000 ) ) ;
#6014 = DIRECTION ( 'NONE',  ( -3.469446951953620598E-16, 1.000000000000000000, 0.000000000000000000 ) ) ;
#6015 = ORIENTED_EDGE ( 'NONE', *, *, #5366, .T. ) ;
#6016 = CARTESIAN_POINT ( 'NONE',  ( 180.2000000000001023, 32.05000000000005400, 0.000000000000000000 ) ) ;
#6017 = LINE ( 'NONE', #6898, #3163 ) ;
#6018 = EDGE_CURVE ( 'NONE', #4429, #6002, #10180, .T. ) ;
#6019 = EDGE_CURVE ( 'NONE', #7613, #10952, #4700, .T. ) ;
#6020 = VERTEX_POINT ( 'NONE', #808 ) ;
#6021 = DIRECTION ( 'NONE',  ( 0.000000000000000000, 0.000000000000000000, 1.000000000000000000 ) ) ;
#6022 = ORIENTED_EDGE ( 'NONE', *, *, #10786, .F. ) ;
#6023 = ORIENTED_EDGE ( 'NONE', *, *, #2771, .F. ) ;
#6024 = LINE ( 'NONE', #5306, #6332 ) ;
#6025 = CARTESIAN_POINT ( 'NONE',  ( 293.3000000000000682, -45.40000000000000568, 6.349999999999999645 ) ) ;
#6026 = ORIENTED_EDGE ( 'NONE', *, *, #3218, .T. ) ;
#6027 = CARTESIAN_POINT ( 'NONE',  ( 71.75000000000001421, -20.00000000000003197, 6.349999999999999645 ) ) ;
#6028 = DIRECTION ( 'NONE',  ( 6.938893903907227392E-16, -1.000000000000000000, 0.000000000000000000 ) ) ;
#6029 = VERTEX_POINT ( 'NONE', #5079 ) ;
#6030 = CARTESIAN_POINT ( 'NONE',  ( 220.2000000000001592, -72.05000000000008242, 6.349999999999999645 ) ) ;
#6031 = CARTESIAN_POINT ( 'NONE',  ( 40.20000000000008811, 32.05000000000005400, 0.000000000000000000 ) ) ;
#6032 = DIRECTION ( 'NONE',  ( 0.000000000000000000, 0.000000000000000000, 1.000000000000000000 ) ) ;
#6033 = ORIENTED_EDGE ( 'NONE', *, *, #6398, .F. ) ;
#6034 = EDGE_LOOP ( 'NONE', ( #4103, #8016, #7987, #3975 ) ) ;
#6035 = CARTESIAN_POINT ( 'NONE',  ( 93.30000000000006821, 72.05000000000005400, 6.349999999999999645 ) ) ;
#6036 = CARTESIAN_POINT ( 'NONE',  ( 20.25999999999999801, 20.00000000000000000, 6.349999999999999645 ) ) ;
#6037 = ORIENTED_EDGE ( 'NONE', *, *, #8410, .F. ) ;
#6038 = LINE ( 'NONE', #114, #8869 ) ;
#6039 = LINE ( 'NONE', #2002, #9115 ) ;
#6040 = CARTESIAN_POINT ( 'NONE',  ( -2.099656937138137081E-14, 57.15000000000000568, 6.349999999999999645 ) ) ;
#6041 = EDGE_CURVE ( 'NONE', #9913, #8944, #10157, .T. ) ;
#6042 = CARTESIAN_POINT ( 'NONE',  ( 170.2000000000001592, -72.05000000000008242, 6.349999999999999645 ) ) ;
#6043 = CARTESIAN_POINT ( 'NONE',  ( 50.20000000000009521, 32.05000000000005400, 6.349999999999999645 ) ) ;
#6044 = ORIENTED_EDGE ( 'NONE', *, *, #9543, .F. ) ;
#6045 = DIRECTION ( 'NONE',  ( -1.000000000000000000, 0.000000000000000000, 0.000000000000000000 ) ) ;
#6046 = ORIENTED_EDGE ( 'NONE', *, *, #2851, .F. ) ;
#6047 = VECTOR ( 'NONE', #6435, 1000.000000000000000 ) ;
#6048 = AXIS2_PLACEMENT_3D ( 'NONE', #7958, #6399, #9771 ) ;
#6049 = EDGE_LOOP ( 'NONE', ( #9700, #8401, #7549, #8604 ) ) ;
#6050 = CARTESIAN_POINT ( 'NONE',  ( 50.20000000000010232, -19.99999999999992184, 6.349999999999999645 ) ) ;
#6051 = CARTESIAN_POINT ( 'NONE',  ( 140.2000000000001023, 32.05000000000005400, 6.349999999999999645 ) ) ;
#6052 = DIRECTION ( 'NONE',  ( 0.000000000000000000, 0.000000000000000000, 1.000000000000000000 ) ) ;
#6053 = ADVANCED_FACE ( 'NONE', ( #7620 ), #9337, .T. ) ;
#6054 = VECTOR ( 'NONE', #883, 1000.000000000000000 ) ;
#6055 = AXIS2_PLACEMENT_3D ( 'NONE', #2501, #165, #6090 ) ;
#6056 = CARTESIAN_POINT ( 'NONE',  ( 300.2000000000000455, 5.399999999999998579, 6.349999999999999645 ) ) ;
#6057 = EDGE_CURVE ( 'NONE', #10144, #65, #6786, .T. ) ;
#6058 = VERTEX_POINT ( 'NONE', #1697 ) ;
#6059 = CARTESIAN_POINT ( 'NONE',  ( 303.3000000000000114, 45.40000000000000568, 6.349999999999999645 ) ) ;
#6060 = ORIENTED_EDGE ( 'NONE', *, *, #666, .F. ) ;
#6061 = FACE_OUTER_BOUND ( 'NONE', #4488, .T. ) ;
#6062 = CYLINDRICAL_SURFACE ( 'NONE', #2242, 1.549999999999995826 ) ;
#6063 = DIRECTION ( 'NONE',  ( 0.000000000000000000, 0.000000000000000000, 1.000000000000000000 ) ) ;
#6064 = CIRCLE ( 'NONE', #2003, 1.549999999999995826 ) ;
#6065 = ORIENTED_EDGE ( 'NONE', *, *, #6414, .F. ) ;
#6066 = VECTOR ( 'NONE', #62, 1000.000000000000000 ) ;
#6067 = ADVANCED_FACE ( 'NONE', ( #1638 ), #5902, .T. ) ;
#6068 = EDGE_CURVE ( 'NONE', #6279, #10279, #3369, .T. ) ;
#6069 = CARTESIAN_POINT ( 'NONE',  ( 41.75000000000000000, 20.00000000000000355, 0.000000000000000000 ) ) ;
#6070 = AXIS2_PLACEMENT_3D ( 'NONE', #4607, #6309, #10671 ) ;
#6071 = LINE ( 'NONE', #7003, #2641 ) ;
#6072 = ORIENTED_EDGE ( 'NONE', *, *, #5150, .F. ) ;
#6073 = CARTESIAN_POINT ( 'NONE',  ( 70.20000000000010232, -19.99999999999992184, 0.000000000000000000 ) ) ;
#6074 = VERTEX_POINT ( 'NONE', #1616 ) ;
#6075 = EDGE_LOOP ( 'NONE', ( #651, #6849, #3588, #6542 ) ) ;
#6076 = DIRECTION ( 'NONE',  ( 0.000000000000000000, 1.000000000000000000, 0.000000000000000000 ) ) ;
#6077 = CARTESIAN_POINT ( 'NONE',  ( 83.30000000000006821, 32.05000000000005400, 0.000000000000000000 ) ) ;
#6078 = EDGE_LOOP ( 'NONE', ( #1332, #5462, #766, #3915 ) ) ;
#6079 = CARTESIAN_POINT ( 'NONE',  ( 110.2000000000000881, 20.00000000000000355, 6.349999999999999645 ) ) ;
#6080 = DIRECTION ( 'NONE',  ( -0.000000000000000000, 1.000000000000000000, -0.000000000000000000 ) ) ;
#6081 = ORIENTED_EDGE ( 'NONE', *, *, #6753, .F. ) ;
#6082 = DIRECTION ( 'NONE',  ( 3.469446951953620598E-16, -1.000000000000000000, -0.000000000000000000 ) ) ;
#6083 = ADVANCED_FACE ( 'NONE', ( #10852 ), #6651, .F. ) ;
#6084 = EDGE_CURVE ( 'NONE', #95, #4819, #5054, .T. ) ;
#6085 = EDGE_CURVE ( 'NONE', #7029, #1778, #5705, .T. ) ;
#6086 = DIRECTION ( 'NONE',  ( 0.9670745372626463610, 0.2544932992796436477, -0.000000000000000000 ) ) ;
#6087 = DIRECTION ( 'NONE',  ( 8.673617379884034486E-16, -1.000000000000000000, 0.000000000000000000 ) ) ;
#6088 = VERTEX_POINT ( 'NONE', #4885 ) ;
#6089 = VERTEX_POINT ( 'NONE', #10753 ) ;
#6090 = DIRECTION ( 'NONE',  ( -1.000000000000000000, 0.000000000000000000, 0.000000000000000000 ) ) ;
#6091 = FACE_BOUND ( 'NONE', #4413, .T. ) ;
#6092 = ORIENTED_EDGE ( 'NONE', *, *, #6817, .F. ) ;
#6093 = ORIENTED_EDGE ( 'NONE', *, *, #10207, .T. ) ;
#6094 = LINE ( 'NONE', #4397, #10661 ) ;
#6095 = LINE ( 'NONE', #3727, #2756 ) ;
#6096 = CARTESIAN_POINT ( 'NONE',  ( 20.26000000000000156, -20.00000000000000000, 6.349999999999999645 ) ) ;
#6097 = AXIS2_PLACEMENT_3D ( 'NONE', #7624, #36, #5969 ) ;
#6098 = EDGE_CURVE ( 'NONE', #727, #10334, #8595, .T. ) ;
#6099 = DIRECTION ( 'NONE',  ( 0.000000000000000000, 0.000000000000000000, 1.000000000000000000 ) ) ;
#6100 = CARTESIAN_POINT ( 'NONE',  ( 90.20000000000017337, -72.05000000000008242, 6.349999999999999645 ) ) ;
#6101 = ORIENTED_EDGE ( 'NONE', *, *, #9249, .T. ) ;
#6102 = CARTESIAN_POINT ( 'NONE',  ( 190.2000000000001592, -32.05000000000007532, 6.349999999999999645 ) ) ;
#6103 = VECTOR ( 'NONE', #5505, 1000.000000000000000 ) ;
#6104 = VECTOR ( 'NONE', #1563, 1000.000000000000000 ) ;
#6105 = ORIENTED_EDGE ( 'NONE', *, *, #4737, .F. ) ;
#6106 = DIRECTION ( 'NONE',  ( -3.469446951953620598E-16, 1.000000000000000000, 0.000000000000000000 ) ) ;
#6107 = CARTESIAN_POINT ( 'NONE',  ( 90.20000000000008811, 72.05000000000005400, 6.349999999999999645 ) ) ;
#6108 = VERTEX_POINT ( 'NONE', #3179 ) ;
#6109 = AXIS2_PLACEMENT_3D ( 'NONE', #7, #3394, #5109 ) ;
#6110 = AXIS2_PLACEMENT_3D ( 'NONE', #10429, #5955, #3069 ) ;
#6111 = AXIS2_PLACEMENT_3D ( 'NONE', #8246, #10788, #7412 ) ;
#6112 = LINE ( 'NONE', #7046, #9655 ) ;
#6113 = EDGE_LOOP ( 'NONE', ( #129, #10706, #7688, #5147 ) ) ;
#6114 = EDGE_CURVE ( 'NONE', #1067, #1108, #9964, .T. ) ;
#6115 = VECTOR ( 'NONE', #2113, 1000.000000000000000 ) ;
#6116 = CARTESIAN_POINT ( 'NONE',  ( 253.3000000000000682, -5.400000000000034106, 6.349999999999999645 ) ) ;
#6117 = VERTEX_POINT ( 'NONE', #2510 ) ;
#6118 = DIRECTION ( 'NONE',  ( -1.000000000000000000, -6.938893903907241197E-16, 0.000000000000000000 ) ) ;
#6119 = AXIS2_PLACEMENT_3D ( 'NONE', #6360, #8176, #3098 ) ;
#6120 = CARTESIAN_POINT ( 'NONE',  ( 180.2000000000000739, 72.05000000000005400, 6.349999999999999645 ) ) ;
#6121 = DIRECTION ( 'NONE',  ( -0.000000000000000000, -0.000000000000000000, -1.000000000000000000 ) ) ;
#6122 = ORIENTED_EDGE ( 'NONE', *, *, #7910, .F. ) ;
#6123 = AXIS2_PLACEMENT_3D ( 'NONE', #2138, #8837, #2767 ) ;
#6124 = VECTOR ( 'NONE', #1196, 1000.000000000000000 ) ;
#6125 = CARTESIAN_POINT ( 'NONE',  ( 83.30000000000015348, -72.05000000000008242, 0.000000000000000000 ) ) ;
#6126 = DIRECTION ( 'NONE',  ( 1.000000000000000000, 0.000000000000000000, 0.000000000000000000 ) ) ;
#6127 = AXIS2_PLACEMENT_3D ( 'NONE', #5236, #866, #1755 ) ;
#6128 = ORIENTED_EDGE ( 'NONE', *, *, #8253, .T. ) ;
#6129 = EDGE_CURVE ( 'NONE', #7898, #365, #5240, .T. ) ;
#6130 = DIRECTION ( 'NONE',  ( 1.000000000000000000, 0.000000000000000000, 0.000000000000000000 ) ) ;
#6131 = ORIENTED_EDGE ( 'NONE', *, *, #2665, .F. ) ;
#6132 = ORIENTED_EDGE ( 'NONE', *, *, #7692, .F. ) ;
#6133 = CYLINDRICAL_SURFACE ( 'NONE', #7383, 1.549999999999982059 ) ;
#6134 = LINE ( 'NONE', #5358, #8223 ) ;
#6135 = AXIS2_PLACEMENT_3D ( 'NONE', #9415, #9627, #339 ) ;
#6136 = ORIENTED_EDGE ( 'NONE', *, *, #9106, .F. ) ;
#6137 = DIRECTION ( 'NONE',  ( 1.000000000000000000, 0.000000000000000000, 0.000000000000000000 ) ) ;
#6138 = DIRECTION ( 'NONE',  ( -1.000000000000000000, 0.000000000000000000, 0.000000000000000000 ) ) ;
#6139 = ORIENTED_EDGE ( 'NONE', *, *, #3874, .F. ) ;
#6140 = FILL_AREA_STYLE ('',( #6862 ) ) ;
#6141 = CIRCLE ( 'NONE', #2079, 1.549999999999995826 ) ;
#6142 = AXIS2_PLACEMENT_3D ( 'NONE', #10915, #2453, #1668 ) ;
#6143 = CARTESIAN_POINT ( 'NONE',  ( 203.2999999999999829, 20.00000000000000355, 6.349999999999999645 ) ) ;
#6144 = CARTESIAN_POINT ( 'NONE',  ( 143.2999999999999829, 20.00000000000000355, 0.000000000000000000 ) ) ;
#6145 = ORIENTED_EDGE ( 'NONE', *, *, #8697, .T. ) ;
#6146 = VERTEX_POINT ( 'NONE', #724 ) ;
#6147 = DIRECTION ( 'NONE',  ( -1.000000000000000000, 0.000000000000000000, 0.000000000000000000 ) ) ;
#6148 = ADVANCED_FACE ( 'NONE', ( #9198 ), #6539, .T. ) ;
#6149 = CIRCLE ( 'NONE', #9679, 1.549999999999995826 ) ;
#6150 = ADVANCED_FACE ( 'NONE', ( #9255 ), #8367, .T. ) ;
#6151 = FACE_BOUND ( 'NONE', #7745, .T. ) ;
#6152 = VERTEX_POINT ( 'NONE', #780 ) ;
#6153 = VERTEX_POINT ( 'NONE', #4070 ) ;
#6154 = CARTESIAN_POINT ( 'NONE',  ( 143.3000000000000682, 72.05000000000005400, 0.000000000000000000 ) ) ;
#6155 = DIRECTION ( 'NONE',  ( -0.000000000000000000, -0.000000000000000000, -1.000000000000000000 ) ) ;
#6156 = CIRCLE ( 'NONE', #8258, 1.549999999999995826 ) ;
#6157 = DIRECTION ( 'NONE',  ( -0.000000000000000000, -0.000000000000000000, -1.000000000000000000 ) ) ;
#6158 = CARTESIAN_POINT ( 'NONE',  ( 150.2000000000001023, 32.05000000000005400, 0.000000000000000000 ) ) ;
#6159 = AXIS2_PLACEMENT_3D ( 'NONE', #9163, #5786, #4199 ) ;
#6160 = CYLINDRICAL_SURFACE ( 'NONE', #8965, 1.549999999999999378 ) ;
#6161 = VECTOR ( 'NONE', #7576, 1000.000000000000000 ) ;
#6162 = CARTESIAN_POINT ( 'NONE',  ( 41.75000000000012079, -32.05000000000007532, 6.349999999999999645 ) ) ;
#6163 = VERTEX_POINT ( 'NONE', #9080 ) ;
#6164 = DIRECTION ( 'NONE',  ( 1.387778780781445478E-15, -1.000000000000000000, 0.000000000000000000 ) ) ;
#6165 = EDGE_CURVE ( 'NONE', #690, #6881, #4179, .T. ) ;
#6166 = EDGE_CURVE ( 'NONE', #6020, #6254, #9910, .T. ) ;
#6167 = VERTEX_POINT ( 'NONE', #1671 ) ;
#6168 = DIRECTION ( 'NONE',  ( -1.000000000000000000, 0.000000000000000000, 0.000000000000000000 ) ) ;
#6169 = DIRECTION ( 'NONE',  ( 0.000000000000000000, 0.000000000000000000, 1.000000000000000000 ) ) ;
#6170 = CARTESIAN_POINT ( 'NONE',  ( 110.2000000000001307, -32.05000000000007532, 0.000000000000000000 ) ) ;
#6171 = EDGE_CURVE ( 'NONE', #10812, #10509, #5883, .T. ) ;
#6172 = DIRECTION ( 'NONE',  ( -0.000000000000000000, -0.000000000000000000, -1.000000000000000000 ) ) ;
#6173 = ORIENTED_EDGE ( 'NONE', *, *, #1808, .T. ) ;
#6174 = DIRECTION ( 'NONE',  ( -0.000000000000000000, -0.000000000000000000, -1.000000000000000000 ) ) ;
#6175 = VERTEX_POINT ( 'NONE', #6490 ) ;
#6176 = DIRECTION ( 'NONE',  ( 6.938893903907227392E-16, -1.000000000000000000, -0.000000000000000000 ) ) ;
#6177 = LINE ( 'NONE', #9548, #8606 ) ;
#6178 = DIRECTION ( 'NONE',  ( 0.000000000000000000, 0.000000000000000000, 1.000000000000000000 ) ) ;
#6179 = ORIENTED_EDGE ( 'NONE', *, *, #4386, .T. ) ;
#6180 = EDGE_CURVE ( 'NONE', #1397, #6029, #9865, .T. ) ;
#6181 = CARTESIAN_POINT ( 'NONE',  ( 30.20000000000008811, 32.05000000000005400, 6.349999999999999645 ) ) ;
#6182 = LINE ( 'NONE', #9552, #5107 ) ;
#6183 = VERTEX_POINT ( 'NONE', #5653 ) ;
#6184 = CARTESIAN_POINT ( 'NONE',  ( 143.3000000000000966, -32.05000000000007532, 6.349999999999999645 ) ) ;
#6185 = ORIENTED_EDGE ( 'NONE', *, *, #7910, .T. ) ;
#6186 = ORIENTED_EDGE ( 'NONE', *, *, #7776, .F. ) ;
#6187 = DIRECTION ( 'NONE',  ( 3.469446951953613696E-16, -1.000000000000000000, -0.000000000000000000 ) ) ;
#6188 = PLANE ( 'NONE',  #2403 ) ;
#6189 = CARTESIAN_POINT ( 'NONE',  ( 221.7500000000000000, -20.00000000000003197, 6.349999999999999645 ) ) ;
#6190 = FACE_BOUND ( 'NONE', #6364, .T. ) ;
#6191 = ORIENTED_EDGE ( 'NONE', *, *, #8202, .F. ) ;
#6192 = ADVANCED_BREP_SHAPE_REPRESENTATION ( 'baseplate', ( #2256, #1714 ), #5771 ) ;
#6193 = CARTESIAN_POINT ( 'NONE',  ( 203.3000000000000966, -19.99999999999992184, 6.349999999999999645 ) ) ;
#6194 = EDGE_CURVE ( 'NONE', #6748, #10761, #3226, .T. ) ;
#6195 = EDGE_CURVE ( 'NONE', #8571, #10715, #8312, .T. ) ;
#6196 = DIRECTION ( 'NONE',  ( -1.000000000000000000, 0.000000000000000000, 0.000000000000000000 ) ) ;
#6197 = DIRECTION ( 'NONE',  ( 0.000000000000000000, 0.000000000000000000, 1.000000000000000000 ) ) ;
#6198 = ORIENTED_EDGE ( 'NONE', *, *, #4468, .F. ) ;
#6199 = ORIENTED_EDGE ( 'NONE', *, *, #5334, .F. ) ;
#6200 = DIRECTION ( 'NONE',  ( -1.387778780781445478E-15, 1.000000000000000000, -0.000000000000000000 ) ) ;
#6201 = FACE_BOUND ( 'NONE', #9286, .T. ) ;
#6202 = EDGE_LOOP ( 'NONE', ( #8220, #10838, #5906, #7517 ) ) ;
#6203 = EDGE_LOOP ( 'NONE', ( #6139, #2992, #9060, #6406 ) ) ;
#6204 = CARTESIAN_POINT ( 'NONE',  ( 30.20000000000008455, 20.00000000000000355, 6.349999999999999645 ) ) ;
#6205 = DIRECTION ( 'NONE',  ( -3.469446951953620598E-16, 1.000000000000000000, 0.000000000000000000 ) ) ;
#6206 = CARTESIAN_POINT ( 'NONE',  ( 200.2000000000000739, 72.05000000000005400, 6.349999999999999645 ) ) ;
#6207 = ADVANCED_FACE ( 'NONE', ( #7479 ), #8194, .T. ) ;
#6208 = ADVANCED_FACE ( 'NONE', ( #3517 ), #10140, .F. ) ;
#6209 = DIRECTION ( 'NONE',  ( -1.000000000000000000, 0.000000000000000000, 0.000000000000000000 ) ) ;
#6210 = CARTESIAN_POINT ( 'NONE',  ( 263.3000000000000114, -5.400000000000027001, 6.349999999999999645 ) ) ;
#6211 = ORIENTED_EDGE ( 'NONE', *, *, #7382, .F. ) ;
#6212 = LINE ( 'NONE', #9581, #1445 ) ;
#6213 = ORIENTED_EDGE ( 'NONE', *, *, #3913, .F. ) ;
#6214 = FACE_OUTER_BOUND ( 'NONE', #820, .T. ) ;
#6215 = FACE_OUTER_BOUND ( 'NONE', #3002, .T. ) ;
#6216 = CARTESIAN_POINT ( 'NONE',  ( 30.20000000000016627, -72.05000000000008242, 6.349999999999999645 ) ) ;
#6217 = EDGE_CURVE ( 'NONE', #8890, #5149, #9646, .T. ) ;
#6218 = EDGE_CURVE ( 'NONE', #694, #3917, #7655, .T. ) ;
#6219 = CARTESIAN_POINT ( 'NONE',  ( 60.20000000000010232, -19.99999999999992184, 6.349999999999999645 ) ) ;
#6220 = AXIS2_PLACEMENT_3D ( 'NONE', #1097, #7687, #2772 ) ;
#6221 = ORIENTED_EDGE ( 'NONE', *, *, #4104, .F. ) ;
#6222 = LINE ( 'NONE', #6334, #8751 ) ;
#6223 = ORIENTED_EDGE ( 'NONE', *, *, #10136, .F. ) ;
#6224 = DIRECTION ( 'NONE',  ( -3.469446951953620598E-16, 1.000000000000000000, 0.000000000000000000 ) ) ;
#6225 = DIRECTION ( 'NONE',  ( -0.000000000000000000, -0.000000000000000000, -1.000000000000000000 ) ) ;
#6226 = LINE ( 'NONE', #9598, #2530 ) ;
#6227 = EDGE_LOOP ( 'NONE', ( #3070, #6529, #3372, #6445 ) ) ;
#6228 = VECTOR ( 'NONE', #10100, 1000.000000000000000 ) ;
#6229 = AXIS2_PLACEMENT_3D ( 'NONE', #4615, #8026, #10626 ) ;
#6230 = LINE ( 'NONE', #3749, #7887 ) ;
#6231 = ORIENTED_EDGE ( 'NONE', *, *, #2603, .T. ) ;
#6232 = VECTOR ( 'NONE', #6930, 1000.000000000000000 ) ;
#6233 = DIRECTION ( 'NONE',  ( -0.000000000000000000, 1.000000000000000000, -0.000000000000000000 ) ) ;
#6234 = ORIENTED_EDGE ( 'NONE', *, *, #4400, .T. ) ;
#6235 = VERTEX_POINT ( 'NONE', #7817 ) ;
#6236 = DIRECTION ( 'NONE',  ( 0.000000000000000000, 0.000000000000000000, 1.000000000000000000 ) ) ;
#6237 = AXIS2_PLACEMENT_3D ( 'NONE', #9137, #4940, #3899 ) ;
#6238 = ADVANCED_FACE ( 'NONE', ( #3620 ), #1738, .F. ) ;
#6239 = CARTESIAN_POINT ( 'NONE',  ( 280.1999999999999886, 5.399999999999998579, 0.000000000000000000 ) ) ;
#6240 = FACE_BOUND ( 'NONE', #10835, .T. ) ;
#6241 = ORIENTED_EDGE ( 'NONE', *, *, #8221, .T. ) ;
#6242 = CARTESIAN_POINT ( 'NONE',  ( 171.7500000000001421, -72.05000000000008242, 0.000000000000000000 ) ) ;
#6243 = CARTESIAN_POINT ( 'NONE',  ( 70.20000000000010232, 32.05000000000005400, 6.349999999999999645 ) ) ;
#6244 = CARTESIAN_POINT ( 'NONE',  ( 43.30000000000011084, -32.05000000000007532, 6.349999999999999645 ) ) ;
#6245 = ORIENTED_EDGE ( 'NONE', *, *, #9874, .F. ) ;
#6246 = ORIENTED_EDGE ( 'NONE', *, *, #1339, .F. ) ;
#6247 = LINE ( 'NONE', #9568, #4571 ) ;
#6248 = EDGE_CURVE ( 'NONE', #6074, #996, #6300, .T. ) ;
#6249 = FACE_BOUND ( 'NONE', #4030, .T. ) ;
#6250 = ORIENTED_EDGE ( 'NONE', *, *, #10586, .F. ) ;
#6251 = ORIENTED_EDGE ( 'NONE', *, *, #7342, .F. ) ;
#6252 = DIRECTION ( 'NONE',  ( 1.000000000000000000, 0.000000000000000000, 0.000000000000000000 ) ) ;
#6253 = DIRECTION ( 'NONE',  ( 0.000000000000000000, 0.000000000000000000, 1.000000000000000000 ) ) ;
#6254 = VERTEX_POINT ( 'NONE', #6824 ) ;
#6255 = CYLINDRICAL_SURFACE ( 'NONE', #8411, 1.549999999999995826 ) ;
#6256 = CARTESIAN_POINT ( 'NONE',  ( 221.7500000000000568, 72.05000000000005400, 0.000000000000000000 ) ) ;
#6257 = DIRECTION ( 'NONE',  ( -1.000000000000000000, -1.460270790212613217E-16, 0.000000000000000000 ) ) ;
#6258 = ORIENTED_EDGE ( 'NONE', *, *, #9793, .F. ) ;
#6259 = DIRECTION ( 'NONE',  ( -0.000000000000000000, -0.000000000000000000, -1.000000000000000000 ) ) ;
#6260 = EDGE_CURVE ( 'NONE', #5846, #1920, #5284, .T. ) ;
#6261 = ORIENTED_EDGE ( 'NONE', *, *, #6180, .T. ) ;
#6262 = AXIS2_PLACEMENT_3D ( 'NONE', #10888, #4917, #10774 ) ;
#6263 = ADVANCED_FACE ( 'NONE', ( #8650 ), #7601, .F. ) ;
#6264 = CYLINDRICAL_SURFACE ( 'NONE', #7367, 1.549999999999995826 ) ;
#6265 = CARTESIAN_POINT ( 'NONE',  ( 81.75000000000007105, 72.05000000000005400, 6.349999999999999645 ) ) ;
#6266 = CARTESIAN_POINT ( 'NONE',  ( 223.3000000000000966, -19.99999999999992184, 0.000000000000000000 ) ) ;
#6267 = CIRCLE ( 'NONE', #7689, 1.549999999999995826 ) ;
#6268 = DIRECTION ( 'NONE',  ( 0.000000000000000000, 1.000000000000000000, 0.000000000000000000 ) ) ;
#6269 = AXIS2_PLACEMENT_3D ( 'NONE', #6709, #5161, #4119 ) ;
#6270 = VERTEX_POINT ( 'NONE', #66 ) ;
#6271 = PLANE ( 'NONE',  #7870 ) ;
#6272 = ORIENTED_EDGE ( 'NONE', *, *, #3315, .F. ) ;
#6273 = DIRECTION ( 'NONE',  ( -0.000000000000000000, -0.000000000000000000, -1.000000000000000000 ) ) ;
#6274 = ADVANCED_FACE ( 'NONE', ( #3399 ), #177, .F. ) ;
#6275 = ADVANCED_FACE ( 'NONE', ( #12 ), #5938, .F. ) ;
#6276 = EDGE_CURVE ( 'NONE', #4069, #3897, #6879, .T. ) ;
#6277 = DIRECTION ( 'NONE',  ( -0.7808688094430306093, -0.6246950475544237324, -0.000000000000000000 ) ) ;
#6278 = DIRECTION ( 'NONE',  ( 0.000000000000000000, 0.000000000000000000, 1.000000000000000000 ) ) ;
#6279 = VERTEX_POINT ( 'NONE', #952 ) ;
#6280 = AXIS2_PLACEMENT_3D ( 'NONE', #6116, #1919, #7779 ) ;
#6281 = CIRCLE ( 'NONE', #2760, 1.549999999999995826 ) ;
#6282 = CARTESIAN_POINT ( 'NONE',  ( 43.30000000000008242, -19.99999999999992184, 0.000000000000000000 ) ) ;
#6283 = VECTOR ( 'NONE', #586, 1000.000000000000000 ) ;
#6284 = ORIENTED_EDGE ( 'NONE', *, *, #3068, .T. ) ;
#6285 = VECTOR ( 'NONE', #5798, 1000.000000000000000 ) ;
#6286 = DIRECTION ( 'NONE',  ( -1.000000000000000000, 0.000000000000000000, 0.000000000000000000 ) ) ;
#6287 = VERTEX_POINT ( 'NONE', #2801 ) ;
#6288 = ORIENTED_EDGE ( 'NONE', *, *, #773, .T. ) ;
#6289 = DIRECTION ( 'NONE',  ( 1.000000000000000000, 6.938893903907227392E-16, -0.000000000000000000 ) ) ;
#6290 = EDGE_CURVE ( 'NONE', #1397, #2151, #7768, .T. ) ;
#6291 = DIRECTION ( 'NONE',  ( 0.000000000000000000, 0.000000000000000000, 1.000000000000000000 ) ) ;
#6292 = FACE_BOUND ( 'NONE', #2461, .T. ) ;
#6293 = ORIENTED_EDGE ( 'NONE', *, *, #5584, .F. ) ;
#6294 = CARTESIAN_POINT ( 'NONE',  ( 140.2000000000001023, 20.00000000000000355, 6.349999999999999645 ) ) ;
#6295 = AXIS2_PLACEMENT_3D ( 'NONE', #5792, #2208, #3891 ) ;
#6296 = AXIS2_PLACEMENT_3D ( 'NONE', #8333, #4090, #4914 ) ;
#6297 = AXIS2_PLACEMENT_3D ( 'NONE', #1937, #2829, #6137 ) ;
#6298 = DIRECTION ( 'NONE',  ( 1.000000000000000000, 0.000000000000000000, 0.000000000000000000 ) ) ;
#6299 = CARTESIAN_POINT ( 'NONE',  ( 181.7500000000000000, -20.00000000000003197, 6.349999999999999645 ) ) ;
#6300 = CIRCLE ( 'NONE', #1525, 1.549999999999995826 ) ;
#6301 = CARTESIAN_POINT ( 'NONE',  ( 163.3000000000000682, 72.05000000000005400, 6.349999999999999645 ) ) ;
#6302 = VERTEX_POINT ( 'NONE', #10199 ) ;
#6303 = VERTEX_POINT ( 'NONE', #9537 ) ;
#6304 = PLANE ( 'NONE',  #4401 ) ;
#6305 = FACE_BOUND ( 'NONE', #6525, .T. ) ;
#6306 = ORIENTED_EDGE ( 'NONE', *, *, #1323, .T. ) ;
#6307 = ORIENTED_EDGE ( 'NONE', *, *, #6932, .T. ) ;
#6308 = CARTESIAN_POINT ( 'NONE',  ( 313.3000000000000114, -5.399999999999992362, 0.000000000000000000 ) ) ;
#6309 = DIRECTION ( 'NONE',  ( 1.000000000000000000, 1.734723475976807094E-16, -0.000000000000000000 ) ) ;
#6310 = ORIENTED_EDGE ( 'NONE', *, *, #6536, .T. ) ;
#6311 = VECTOR ( 'NONE', #4141, 1000.000000000000000 ) ;
#6312 = VECTOR ( 'NONE', #1466, 1000.000000000000000 ) ;
#6313 = PLANE ( 'NONE',  #7173 ) ;
#6314 = CIRCLE ( 'NONE', #8950, 1.549999999999982059 ) ;
#6315 = ADVANCED_FACE ( 'NONE', ( #4288 ), #2681, .F. ) ;
#6316 = AXIS2_PLACEMENT_3D ( 'NONE', #8902, #4606, #8073 ) ;
#6317 = DIRECTION ( 'NONE',  ( 0.000000000000000000, 0.000000000000000000, 1.000000000000000000 ) ) ;
#6318 = AXIS2_PLACEMENT_3D ( 'NONE', #8203, #6545, #4020 ) ;
#6319 = CARTESIAN_POINT ( 'NONE',  ( 301.7500000000000568, -45.39999999999999858, 6.349999999999999645 ) ) ;
#6320 = EDGE_LOOP ( 'NONE', ( #8803, #6990, #8488, #7916 ) ) ;
#6321 = DIRECTION ( 'NONE',  ( -1.000000000000000000, 0.000000000000000000, 0.000000000000000000 ) ) ;
#6322 = CIRCLE ( 'NONE', #2083, 1.549999999999999378 ) ;
#6323 = ORIENTED_EDGE ( 'NONE', *, *, #3038, .T. ) ;
#6324 = CARTESIAN_POINT ( 'NONE',  ( 111.7500000000000000, 20.00000000000000355, 0.000000000000000000 ) ) ;
#6325 = CARTESIAN_POINT ( 'NONE',  ( 33.29999999999999005, 20.00000000000000355, 6.349999999999999645 ) ) ;
#6326 = LINE ( 'NONE', #10426, #5980 ) ;
#6327 = VECTOR ( 'NONE', #10891, 1000.000000000000000 ) ;
#6328 = EDGE_CURVE ( 'NONE', #6380, #8553, #1900, .T. ) ;
#6329 = EDGE_CURVE ( 'NONE', #9244, #10165, #5163, .T. ) ;
#6330 = AXIS2_PLACEMENT_3D ( 'NONE', #5260, #10341, #4545 ) ;
#6331 = CARTESIAN_POINT ( 'NONE',  ( 221.7500000000001137, 32.05000000000005400, 6.349999999999999645 ) ) ;
#6332 = VECTOR ( 'NONE', #6187, 1000.000000000000000 ) ;
#6333 = EDGE_LOOP ( 'NONE', ( #1312, #2519, #2937, #2029 ) ) ;
#6334 = CARTESIAN_POINT ( 'NONE',  ( 250.2000000000001023, -45.40000000000003411, 6.349999999999999645 ) ) ;
#6335 = ORIENTED_EDGE ( 'NONE', *, *, #7751, .T. ) ;
#6336 = CARTESIAN_POINT ( 'NONE',  ( 201.7499999999999716, -20.00000000000003197, 0.000000000000000000 ) ) ;
#6337 = DIRECTION ( 'NONE',  ( 0.000000000000000000, 0.000000000000000000, 1.000000000000000000 ) ) ;
#6338 = PLANE ( 'NONE',  #8169 ) ;
#6339 = VERTEX_POINT ( 'NONE', #4343 ) ;
#6340 = ADVANCED_FACE ( 'NONE', ( #1015 ), #7721, .T. ) ;
#6341 = EDGE_CURVE ( 'NONE', #6303, #3228, #7722, .T. ) ;
#6342 = FACE_OUTER_BOUND ( 'NONE', #7835, .T. ) ;
#6343 = VERTEX_POINT ( 'NONE', #1797 ) ;
#6344 = DIRECTION ( 'NONE',  ( -0.000000000000000000, -0.000000000000000000, -1.000000000000000000 ) ) ;
#6345 = VERTEX_POINT ( 'NONE', #4299 ) ;
#6346 = ORIENTED_EDGE ( 'NONE', *, *, #5123, .F. ) ;
#6347 = DIRECTION ( 'NONE',  ( -1.000000000000000000, 0.000000000000000000, 0.000000000000000000 ) ) ;
#6348 = CARTESIAN_POINT ( 'NONE',  ( 63.30000000000006111, 72.05000000000005400, 6.349999999999999645 ) ) ;
#6349 = FACE_BOUND ( 'NONE', #3708, .T. ) ;
#6350 = VERTEX_POINT ( 'NONE', #5124 ) ;
#6351 = DIRECTION ( 'NONE',  ( -1.000000000000000000, 0.000000000000000000, 0.000000000000000000 ) ) ;
#6352 = EDGE_CURVE ( 'NONE', #10599, #1790, #10193, .T. ) ;
#6353 = EDGE_CURVE ( 'NONE', #3723, #8834, #5174, .T. ) ;
#6354 = CYLINDRICAL_SURFACE ( 'NONE', #5403, 1.549999999999995826 ) ;
#6355 = CARTESIAN_POINT ( 'NONE',  ( 290.2000000000000455, -45.40000000000001279, 6.349999999999999645 ) ) ;
#6356 = CYLINDRICAL_SURFACE ( 'NONE', #5752, 1.549999999999995826 ) ;
#6357 = ORIENTED_EDGE ( 'NONE', *, *, #10409, .T. ) ;
#6358 = ORIENTED_EDGE ( 'NONE', *, *, #8991, .F. ) ;
#6359 = CARTESIAN_POINT ( 'NONE',  ( 141.7500000000000568, 72.05000000000005400, 6.349999999999999645 ) ) ;
#6360 = CARTESIAN_POINT ( 'NONE',  ( 283.3000000000000114, 5.399999999999999467, 6.349999999999999645 ) ) ;
#6361 = ORIENTED_EDGE ( 'NONE', *, *, #5522, .T. ) ;
#6362 = CARTESIAN_POINT ( 'NONE',  ( 221.7500000000000000, -20.00000000000003197, 0.000000000000000000 ) ) ;
#6363 = LINE ( 'NONE', #9730, #3613 ) ;
#6364 = EDGE_LOOP ( 'NONE', ( #2663, #312, #2176, #4446 ) ) ;
#6365 = LINE ( 'NONE', #3775, #6115 ) ;
#6366 = ORIENTED_EDGE ( 'NONE', *, *, #8881, .F. ) ;
#6367 = CARTESIAN_POINT ( 'NONE',  ( 10.25999999999999446, 20.00000000000000000, 0.000000000000000000 ) ) ;
#6368 = LINE ( 'NONE', #7298, #8408 ) ;
#6369 = EDGE_LOOP ( 'NONE', ( #1815, #708, #2247, #4817 ) ) ;
#6370 = PLANE ( 'NONE',  #5348 ) ;
#6371 = ORIENTED_EDGE ( 'NONE', *, *, #2969, .T. ) ;
#6372 = EDGE_CURVE ( 'NONE', #2118, #849, #5951, .T. ) ;
#6373 = CARTESIAN_POINT ( 'NONE',  ( 33.30000000000006821, 32.05000000000005400, 6.349999999999999645 ) ) ;
#6374 = CARTESIAN_POINT ( 'NONE',  ( 310.2000000000000455, 5.399999999999998579, 6.349999999999999645 ) ) ;
#6375 = DIRECTION ( 'NONE',  ( -1.387778780781445478E-15, 1.000000000000000000, -0.000000000000000000 ) ) ;
#6376 = DIRECTION ( 'NONE',  ( 3.469446951953620598E-16, -1.000000000000000000, -0.000000000000000000 ) ) ;
#6377 = CARTESIAN_POINT ( 'NONE',  ( 290.1999999999999886, -5.400000000000007461, 0.000000000000000000 ) ) ;
#6378 = EDGE_LOOP ( 'NONE', ( #2581, #10568, #1552, #4768 ) ) ;
#6379 = CARTESIAN_POINT ( 'NONE',  ( 311.7500000000000000, 45.39999999999999858, 6.349999999999999645 ) ) ;
#6380 = VERTEX_POINT ( 'NONE', #8542 ) ;
#6381 = CARTESIAN_POINT ( 'NONE',  ( 141.7500000000000000, 20.00000000000000355, 6.349999999999999645 ) ) ;
#6382 = ADVANCED_FACE ( 'NONE', ( #3297 ), #960, .T. ) ;
#6383 = CARTESIAN_POINT ( 'NONE',  ( 110.2000000000001307, -32.05000000000007532, 6.349999999999999645 ) ) ;
#6384 = LINE ( 'NONE', #5499, #7281 ) ;
#6385 = ORIENTED_EDGE ( 'NONE', *, *, #7537, .T. ) ;
#6386 = ADVANCED_FACE ( 'NONE', ( #737 ), #8321, .F. ) ;
#6387 = CARTESIAN_POINT ( 'NONE',  ( 342.4714292284635349, -50.79999999999998295, 0.000000000000000000 ) ) ;
#6388 = EDGE_LOOP ( 'NONE', ( #2910, #8404, #10803, #10906 ) ) ;
#6389 = LINE ( 'NONE', #8108, #5035 ) ;
#6390 = ORIENTED_EDGE ( 'NONE', *, *, #7178, .T. ) ;
#6391 = ORIENTED_EDGE ( 'NONE', *, *, #3096, .T. ) ;
#6392 = CARTESIAN_POINT ( 'NONE',  ( 223.3000000000000682, 32.05000000000005400, 0.000000000000000000 ) ) ;
#6393 = DIRECTION ( 'NONE',  ( 0.000000000000000000, 0.000000000000000000, 1.000000000000000000 ) ) ;
#6394 = FACE_BOUND ( 'NONE', #3206, .T. ) ;
#6395 = CIRCLE ( 'NONE', #1989, 1.549999999999988942 ) ;
#6396 = ORIENTED_EDGE ( 'NONE', *, *, #7979, .T. ) ;
#6397 = EDGE_CURVE ( 'NONE', #4083, #10144, #6835, .T. ) ;
#6398 = EDGE_CURVE ( 'NONE', #8834, #6163, #1344, .T. ) ;
#6399 = DIRECTION ( 'NONE',  ( 0.000000000000000000, 0.000000000000000000, 1.000000000000000000 ) ) ;
#6400 = PLANE ( 'NONE',  #7705 ) ;
#6401 = VECTOR ( 'NONE', #7153, 1000.000000000000000 ) ;
#6402 = VECTOR ( 'NONE', #442, 1000.000000000000000 ) ;
#6403 = CYLINDRICAL_SURFACE ( 'NONE', #7034, 1.549999999999982059 ) ;
#6404 = DIRECTION ( 'NONE',  ( 0.000000000000000000, 0.000000000000000000, 1.000000000000000000 ) ) ;
#6405 = VERTEX_POINT ( 'NONE', #10042 ) ;
#6406 = ORIENTED_EDGE ( 'NONE', *, *, #2578, .T. ) ;
#6407 = DIRECTION ( 'NONE',  ( -3.469446951953613696E-16, 1.000000000000000000, 0.000000000000000000 ) ) ;
#6408 = FACE_BOUND ( 'NONE', #205, .T. ) ;
#6409 = ORIENTED_EDGE ( 'NONE', *, *, #7979, .F. ) ;
#6410 = DIRECTION ( 'NONE',  ( -0.000000000000000000, -0.000000000000000000, -1.000000000000000000 ) ) ;
#6411 = LINE ( 'NONE', #9784, #4824 ) ;
#6412 = ORIENTED_EDGE ( 'NONE', *, *, #1068, .T. ) ;
#6413 = EDGE_CURVE ( 'NONE', #6781, #2116, #1005, .T. ) ;
#6414 = EDGE_CURVE ( 'NONE', #6089, #6058, #1685, .T. ) ;
#6415 = EDGE_CURVE ( 'NONE', #5474, #6839, #138, .T. ) ;
#6416 = DIRECTION ( 'NONE',  ( -1.000000000000000000, -1.387778780781445676E-15, 0.000000000000000000 ) ) ;
#6417 = VECTOR ( 'NONE', #3522, 1000.000000000000000 ) ;
#6418 = AXIS2_PLACEMENT_3D ( 'NONE', #9024, #2283, #2224 ) ;
#6419 = CARTESIAN_POINT ( 'NONE',  ( 291.7500000000000568, -5.400000000000007461, 6.349999999999999645 ) ) ;
#6420 = DIRECTION ( 'NONE',  ( -0.000000000000000000, -0.000000000000000000, -1.000000000000000000 ) ) ;
#6421 = EDGE_LOOP ( 'NONE', ( #955, #10666, #7592, #5908 ) ) ;
#6422 = ORIENTED_EDGE ( 'NONE', *, *, #368, .F. ) ;
#6424 = VECTOR ( 'NONE', #7347, 1000.000000000000000 ) ;
#6423 = LINE ( 'NONE', #503, #392 ) ;
#6425 = EDGE_LOOP ( 'NONE', ( #5171, #1392, #10020, #6323 ) ) ;
#6426 = EDGE_CURVE ( 'NONE', #10799, #3028, #794, .T. ) ;
#6427 = CARTESIAN_POINT ( 'NONE',  ( 270.1999999999999886, 5.399999999999998579, 0.000000000000000000 ) ) ;
#6428 = FACE_OUTER_BOUND ( 'NONE', #9920, .T. ) ;
#6429 = DIRECTION ( 'NONE',  ( -1.000000000000000000, 0.000000000000000000, 0.000000000000000000 ) ) ;
#6430 = CARTESIAN_POINT ( 'NONE',  ( 201.7499999999999716, -20.00000000000003197, 6.349999999999999645 ) ) ;
#6431 = ORIENTED_EDGE ( 'NONE', *, *, #348, .F. ) ;
#6432 = CARTESIAN_POINT ( 'NONE',  ( 200.2000000000001023, 32.05000000000005400, 0.000000000000000000 ) ) ;
#6433 = VERTEX_POINT ( 'NONE', #2467 ) ;
#6434 = CARTESIAN_POINT ( 'NONE',  ( 241.7500000000000853, -5.400000000000042100, 6.349999999999999645 ) ) ;
#6435 = DIRECTION ( 'NONE',  ( -0.000000000000000000, -0.000000000000000000, -1.000000000000000000 ) ) ;
#6436 = DIRECTION ( 'NONE',  ( -0.000000000000000000, -0.000000000000000000, -1.000000000000000000 ) ) ;
#6437 = FACE_OUTER_BOUND ( 'NONE', #6751, .T. ) ;
#6438 = EDGE_LOOP ( 'NONE', ( #8623, #2428, #9200, #9143 ) ) ;
#6439 = AXIS2_PLACEMENT_3D ( 'NONE', #8884, #2187, #2301 ) ;
#6440 = CARTESIAN_POINT ( 'NONE',  ( 140.2000000000001023, 32.05000000000005400, 6.349999999999999645 ) ) ;
#6441 = EDGE_CURVE ( 'NONE', #5055, #10861, #288, .T. ) ;
#6442 = EDGE_LOOP ( 'NONE', ( #6506, #3127, #7193, #5299 ) ) ;
#6443 = DIRECTION ( 'NONE',  ( -0.000000000000000000, -0.000000000000000000, -1.000000000000000000 ) ) ;
#6444 = VERTEX_POINT ( 'NONE', #9428 ) ;
#6445 = ORIENTED_EDGE ( 'NONE', *, *, #3972, .T. ) ;
#6446 = DIRECTION ( 'NONE',  ( 0.000000000000000000, 0.000000000000000000, 1.000000000000000000 ) ) ;
#6447 = CARTESIAN_POINT ( 'NONE',  ( 280.2000000000000455, -45.40000000000001279, 6.349999999999999645 ) ) ;
#6448 = FACE_BOUND ( 'NONE', #6568, .T. ) ;
#6449 = ORIENTED_EDGE ( 'NONE', *, *, #4467, .T. ) ;
#6450 = DIRECTION ( 'NONE',  ( 0.000000000000000000, 0.000000000000000000, 1.000000000000000000 ) ) ;
#6451 = VECTOR ( 'NONE', #894, 1000.000000000000000 ) ;
#6452 = VECTOR ( 'NONE', #2765, 1000.000000000000000 ) ;
#6453 = CARTESIAN_POINT ( 'NONE',  ( 61.75000000000007816, 72.05000000000005400, 6.349999999999999645 ) ) ;
#6454 = VECTOR ( 'NONE', #3837, 1000.000000000000000 ) ;
#6455 = EDGE_CURVE ( 'NONE', #6977, #10070, #5836, .T. ) ;
#6456 = EDGE_CURVE ( 'NONE', #1608, #343, #7535, .T. ) ;
#6457 = CARTESIAN_POINT ( 'NONE',  ( 33.30000000000006821, 32.05000000000005400, 0.000000000000000000 ) ) ;
#6458 = LINE ( 'NONE', #3982, #423 ) ;
#6459 = EDGE_LOOP ( 'NONE', ( #4428, #2109, #457, #178 ) ) ;
#6460 = ORIENTED_EDGE ( 'NONE', *, *, #7421, .T. ) ;
#6461 = CARTESIAN_POINT ( 'NONE',  ( 290.2000000000000455, -45.40000000000001279, 6.349999999999999645 ) ) ;
#6462 = FACE_OUTER_BOUND ( 'NONE', #6049, .T. ) ;
#6463 = VECTOR ( 'NONE', #8691, 1000.000000000000000 ) ;
#6464 = ORIENTED_EDGE ( 'NONE', *, *, #180, .F. ) ;
#6465 = CARTESIAN_POINT ( 'NONE',  ( 342.4714292284635349, 50.80000000000001137, 6.349999999999999645 ) ) ;
#6466 = CARTESIAN_POINT ( 'NONE',  ( 293.3000000000000114, 5.399999999999999467, 6.349999999999999645 ) ) ;
#6467 = ORIENTED_EDGE ( 'NONE', *, *, #9658, .T. ) ;
#6468 = AXIS2_PLACEMENT_3D ( 'NONE', #2868, #3027, #8880 ) ;
#6469 = DIRECTION ( 'NONE',  ( 0.000000000000000000, 0.000000000000000000, 1.000000000000000000 ) ) ;
#6470 = VECTOR ( 'NONE', #157, 1000.000000000000000 ) ;
#6471 = AXIS2_PLACEMENT_3D ( 'NONE', #6069, #8551, #6947 ) ;
#6472 = CARTESIAN_POINT ( 'NONE',  ( 61.75000000000007816, 72.05000000000005400, 0.000000000000000000 ) ) ;
#6473 = EDGE_CURVE ( 'NONE', #1592, #8084, #2580, .T. ) ;
#6474 = EDGE_CURVE ( 'NONE', #3895, #7181, #7894, .T. ) ;
#6475 = CARTESIAN_POINT ( 'NONE',  ( 180.2000000000001023, -19.99999999999992184, 6.349999999999999645 ) ) ;
#6476 = ORIENTED_EDGE ( 'NONE', *, *, #4736, .F. ) ;
#6477 = ORIENTED_EDGE ( 'NONE', *, *, #8978, .T. ) ;
#6478 = DIRECTION ( 'NONE',  ( 0.000000000000000000, 1.000000000000000000, 0.000000000000000000 ) ) ;
#6479 = ORIENTED_EDGE ( 'NONE', *, *, #9761, .F. ) ;
#6480 = AXIS2_PLACEMENT_3D ( 'NONE', #2331, #452, #4010 ) ;
#6481 = DIRECTION ( 'NONE',  ( -0.000000000000000000, -0.000000000000000000, -1.000000000000000000 ) ) ;
#6482 = DIRECTION ( 'NONE',  ( 1.000000000000000000, 0.000000000000000000, 0.000000000000000000 ) ) ;
#6483 = CIRCLE ( 'NONE', #300, 1.549999999999999378 ) ;
#6484 = VECTOR ( 'NONE', #1847, 1000.000000000000227 ) ;
#6485 = FACE_OUTER_BOUND ( 'NONE', #10275, .T. ) ;
#6486 = EDGE_CURVE ( 'NONE', #7981, #4934, #1233, .T. ) ;
#6487 = EDGE_CURVE ( 'NONE', #3407, #769, #10372, .T. ) ;
#6488 = VECTOR ( 'NONE', #6086, 1000.000000000000227 ) ;
#6489 = DIRECTION ( 'NONE',  ( 1.040834085586084059E-15, -1.000000000000000000, 0.000000000000000000 ) ) ;
#6490 = CARTESIAN_POINT ( 'NONE',  ( 63.30000000000006111, 72.05000000000005400, 0.000000000000000000 ) ) ;
#6491 = ORIENTED_EDGE ( 'NONE', *, *, #7893, .T. ) ;
#6492 = CARTESIAN_POINT ( 'NONE',  ( 329.6714292284635235, -20.00000000000000355, 6.349999999999999645 ) ) ;
#6493 = VERTEX_POINT ( 'NONE', #7777 ) ;
#6494 = DIRECTION ( 'NONE',  ( -1.000000000000000000, 0.000000000000000000, 0.000000000000000000 ) ) ;
#6495 = DIRECTION ( 'NONE',  ( -1.000000000000000000, 0.000000000000000000, 0.000000000000000000 ) ) ;
#6496 = VECTOR ( 'NONE', #3821, 1000.000000000000000 ) ;
#6497 = CARTESIAN_POINT ( 'NONE',  ( 70.20000000000010232, 32.05000000000005400, 0.000000000000000000 ) ) ;
#6498 = DIRECTION ( 'NONE',  ( 1.000000000000000000, 0.000000000000000000, 0.000000000000000000 ) ) ;
#6499 = ORIENTED_EDGE ( 'NONE', *, *, #6945, .F. ) ;
#6500 = VECTOR ( 'NONE', #10561, 1000.000000000000000 ) ;
#6501 = CIRCLE ( 'NONE', #672, 1.549999999999995826 ) ;
#6502 =( NAMED_UNIT ( * ) PLANE_ANGLE_UNIT ( ) SI_UNIT ( $, .RADIAN. ) );
#6503 = ORIENTED_EDGE ( 'NONE', *, *, #10473, .T. ) ;
#6504 = VECTOR ( 'NONE', #4530, 1000.000000000000000 ) ;
#6505 = CARTESIAN_POINT ( 'NONE',  ( 53.30000000000011084, -32.05000000000007532, 6.349999999999999645 ) ) ;
#6506 = ORIENTED_EDGE ( 'NONE', *, *, #2258, .F. ) ;
#6507 = EDGE_LOOP ( 'NONE', ( #2300, #6871, #7510, #4167 ) ) ;
#6508 = DIRECTION ( 'NONE',  ( 1.000000000000000000, 0.000000000000000000, 0.000000000000000000 ) ) ;
#6509 = CARTESIAN_POINT ( 'NONE',  ( 120.7857146142317504, 30.31245605000008680, 6.349999999999999645 ) ) ;
#6510 = CARTESIAN_POINT ( 'NONE',  ( 160.2000000000001023, 32.05000000000005400, 0.000000000000000000 ) ) ;
#6511 = EDGE_LOOP ( 'NONE', ( #8210, #4028, #6540, #1801 ) ) ;
#6512 = CARTESIAN_POINT ( 'NONE',  ( 273.3000000000000682, -5.400000000000019895, 6.349999999999999645 ) ) ;
#6513 = ADVANCED_FACE ( 'NONE', ( #185 ), #347, .F. ) ;
#6514 = DIRECTION ( 'NONE',  ( -1.387778780781445478E-15, 1.000000000000000000, -0.000000000000000000 ) ) ;
#6515 = CARTESIAN_POINT ( 'NONE',  ( 270.1999999999999886, 45.39999999999999858, 6.349999999999999645 ) ) ;
#6516 = LINE ( 'NONE', #4855, #7709 ) ;
#6517 = ORIENTED_EDGE ( 'NONE', *, *, #10654, .T. ) ;
#6518 = ORIENTED_EDGE ( 'NONE', *, *, #7081, .F. ) ;
#6519 = CARTESIAN_POINT ( 'NONE',  ( 153.3000000000000966, -19.99999999999992184, 0.000000000000000000 ) ) ;
#6520 = CIRCLE ( 'NONE', #9530, 1.549999999999995826 ) ;
#6521 = DIRECTION ( 'NONE',  ( -1.000000000000000000, 0.000000000000000000, 0.000000000000000000 ) ) ;
#6522 = ORIENTED_EDGE ( 'NONE', *, *, #1796, .F. ) ;
#6523 = DIRECTION ( 'NONE',  ( -1.734723475976807094E-16, 1.000000000000000000, 0.000000000000000000 ) ) ;
#6524 = DIRECTION ( 'NONE',  ( -1.000000000000000000, 0.000000000000000000, 0.000000000000000000 ) ) ;
#6525 = EDGE_LOOP ( 'NONE', ( #10264, #8661, #7742, #2458 ) ) ;
#6526 = EDGE_CURVE ( 'NONE', #8616, #9969, #2909, .T. ) ;
#6527 = LINE ( 'NONE', #7353, #3864 ) ;
#6528 = DIRECTION ( 'NONE',  ( -0.000000000000000000, -0.000000000000000000, -1.000000000000000000 ) ) ;
#6529 = ORIENTED_EDGE ( 'NONE', *, *, #6398, .T. ) ;
#6530 = EDGE_LOOP ( 'NONE', ( #2803, #9369, #3243, #2314 ) ) ;
#6531 = CARTESIAN_POINT ( 'NONE',  ( 201.7500000000000853, 32.05000000000005400, 6.349999999999999645 ) ) ;
#6532 = ORIENTED_EDGE ( 'NONE', *, *, #2983, .F. ) ;
#6533 = CARTESIAN_POINT ( 'NONE',  ( 153.3000000000000682, 72.05000000000005400, 6.349999999999999645 ) ) ;
#6534 = FACE_OUTER_BOUND ( 'NONE', #3757, .T. ) ;
#6535 = EDGE_CURVE ( 'NONE', #13, #6146, #2859, .T. ) ;
#6536 = EDGE_CURVE ( 'NONE', #5807, #6254, #7179, .T. ) ;
#6537 = FACE_OUTER_BOUND ( 'NONE', #6608, .T. ) ;
#6538 = CYLINDRICAL_SURFACE ( 'NONE', #5561, 1.549999999999995826 ) ;
#6539 = PLANE ( 'NONE',  #8060 ) ;
#6540 = ORIENTED_EDGE ( 'NONE', *, *, #912, .T. ) ;
#6541 = FACE_OUTER_BOUND ( 'NONE', #9878, .T. ) ;
#6542 = ORIENTED_EDGE ( 'NONE', *, *, #3524, .T. ) ;
#6543 = DIRECTION ( 'NONE',  ( 1.000000000000000000, 0.000000000000000000, 0.000000000000000000 ) ) ;
#6544 = LINE ( 'NONE', #729, #3239 ) ;
#6545 = DIRECTION ( 'NONE',  ( 1.000000000000000000, 6.938893903907227392E-16, -0.000000000000000000 ) ) ;
#6546 = LINE ( 'NONE', #4785, #7652 ) ;
#6547 = VERTEX_POINT ( 'NONE', #7092 ) ;
#6548 = EDGE_CURVE ( 'NONE', #10169, #3783, #2809, .T. ) ;
#6549 = ADVANCED_FACE ( 'NONE', ( #9542 ), #1967, .T. ) ;
#6550 = DIRECTION ( 'NONE',  ( 1.000000000000000000, 0.000000000000000000, 0.000000000000000000 ) ) ;
#6551 = ORIENTED_EDGE ( 'NONE', *, *, #9658, .F. ) ;
#6552 = DIRECTION ( 'NONE',  ( 1.387778780781445478E-15, -1.000000000000000000, 0.000000000000000000 ) ) ;
#6553 = VERTEX_POINT ( 'NONE', #9642 ) ;
#6554 = ORIENTED_EDGE ( 'NONE', *, *, #2274, .F. ) ;
#6555 = CARTESIAN_POINT ( 'NONE',  ( 80.20000000000007390, 72.05000000000005400, 0.000000000000000000 ) ) ;
#6556 = DIRECTION ( 'NONE',  ( 0.000000000000000000, 0.000000000000000000, 1.000000000000000000 ) ) ;
#6557 = DIRECTION ( 'NONE',  ( -1.000000000000000000, 0.000000000000000000, 0.000000000000000000 ) ) ;
#6558 = EDGE_LOOP ( 'NONE', ( #9213, #10506, #8430, #7478 ) ) ;
#6559 = LINE ( 'NONE', #2361, #2950 ) ;
#6560 = CARTESIAN_POINT ( 'NONE',  ( 61.75000000000000000, -20.00000000000003197, 6.349999999999999645 ) ) ;
#6561 = ADVANCED_FACE ( 'NONE', ( #1126 ), #1024, .F. ) ;
#6562 = CARTESIAN_POINT ( 'NONE',  ( 301.7500000000000000, 5.399999999999998579, 6.349999999999999645 ) ) ;
#6563 = ORIENTED_EDGE ( 'NONE', *, *, #2387, .T. ) ;
#6564 = ORIENTED_EDGE ( 'NONE', *, *, #695, .F. ) ;
#6565 = CARTESIAN_POINT ( 'NONE',  ( 261.7500000000001705, -45.40000000000002700, 6.349999999999999645 ) ) ;
#6566 = VECTOR ( 'NONE', #2039, 1000.000000000000000 ) ;
#6567 = DIRECTION ( 'NONE',  ( 0.000000000000000000, 0.000000000000000000, 1.000000000000000000 ) ) ;
#6568 = EDGE_LOOP ( 'NONE', ( #271, #2504, #9694, #2923 ) ) ;
#6569 = DIRECTION ( 'NONE',  ( 0.000000000000000000, 0.000000000000000000, 1.000000000000000000 ) ) ;
#6570 = CYLINDRICAL_SURFACE ( 'NONE', #5347, 1.549999999999988942 ) ;
#6571 = ORIENTED_EDGE ( 'NONE', *, *, #8791, .T. ) ;
#6572 = CARTESIAN_POINT ( 'NONE',  ( 50.20000000000008811, 20.00000000000000355, 0.000000000000000000 ) ) ;
#6573 = ORIENTED_EDGE ( 'NONE', *, *, #2351, .T. ) ;
#6574 = AXIS2_PLACEMENT_3D ( 'NONE', #1772, #4323, #2768 ) ;
#6575 = CIRCLE ( 'NONE', #9051, 1.549999999999982059 ) ;
#6576 = DIRECTION ( 'NONE',  ( -1.000000000000000000, 0.000000000000000000, 0.000000000000000000 ) ) ;
#6577 = EDGE_CURVE ( 'NONE', #1799, #3389, #5227, .T. ) ;
#6578 = CARTESIAN_POINT ( 'NONE',  ( 110.2000000000000881, 32.05000000000005400, 6.349999999999999645 ) ) ;
#6579 = EDGE_LOOP ( 'NONE', ( #2826, #9851, #3528, #7593 ) ) ;
#6580 = ORIENTED_EDGE ( 'NONE', *, *, #9452, .F. ) ;
#6581 = CARTESIAN_POINT ( 'NONE',  ( 150.2000000000001023, 32.05000000000005400, 6.349999999999999645 ) ) ;
#6582 = ORIENTED_EDGE ( 'NONE', *, *, #5616, .F. ) ;
#6583 = VECTOR ( 'NONE', #4077, 1000.000000000000000 ) ;
#6584 = CIRCLE ( 'NONE', #4134, 1.549999999999995826 ) ;
#6585 = DIRECTION ( 'NONE',  ( -0.000000000000000000, -1.000000000000000000, -0.000000000000000000 ) ) ;
#6586 = FACE_OUTER_BOUND ( 'NONE', #2600, .T. ) ;
#6587 = VECTOR ( 'NONE', #3049, 1000.000000000000000 ) ;
#6588 = FACE_OUTER_BOUND ( 'NONE', #3078, .T. ) ;
#6589 = EDGE_CURVE ( 'NONE', #4069, #3895, #6112, .T. ) ;
#6590 = LINE ( 'NONE', #5704, #9626 ) ;
#6591 = ORIENTED_EDGE ( 'NONE', *, *, #4039, .F. ) ;
#6592 = DIRECTION ( 'NONE',  ( -0.000000000000000000, -0.000000000000000000, -1.000000000000000000 ) ) ;
#6593 = EDGE_LOOP ( 'NONE', ( #3842, #4347, #4649, #8534 ) ) ;
#6594 = FACE_BOUND ( 'NONE', #679, .T. ) ;
#6595 = ORIENTED_EDGE ( 'NONE', *, *, #6753, .T. ) ;
#6596 = DIRECTION ( 'NONE',  ( 0.000000000000000000, 0.000000000000000000, 1.000000000000000000 ) ) ;
#6597 = DIRECTION ( 'NONE',  ( -1.000000000000000000, 0.000000000000000000, 0.000000000000000000 ) ) ;
#6598 = CARTESIAN_POINT ( 'NONE',  ( 203.3000000000001535, -72.05000000000008242, 6.349999999999999645 ) ) ;
#6599 = DIRECTION ( 'NONE',  ( -1.000000000000000000, 0.000000000000000000, 0.000000000000000000 ) ) ;
#6600 = EDGE_LOOP ( 'NONE', ( #1766, #8302, #5069, #4998 ) ) ;
#6601 = CYLINDRICAL_SURFACE ( 'NONE', #9836, 1.549999999999982059 ) ;
#6602 = EDGE_CURVE ( 'NONE', #3492, #8616, #4888, .T. ) ;
#6603 = ADVANCED_FACE ( 'NONE', ( #8820 ), #9484, .T. ) ;
#6604 = EDGE_CURVE ( 'NONE', #2668, #10775, #4416, .T. ) ;
#6605 = ORIENTED_EDGE ( 'NONE', *, *, #4513, .T. ) ;
#6606 = LINE ( 'NONE', #9043, #10156 ) ;
#6607 = ORIENTED_EDGE ( 'NONE', *, *, #10550, .F. ) ;
#6608 = EDGE_LOOP ( 'NONE', ( #6191, #2843, #3581, #8798 ) ) ;
#6609 = DIRECTION ( 'NONE',  ( 0.000000000000000000, 0.000000000000000000, 1.000000000000000000 ) ) ;
#6610 = LINE ( 'NONE', #2416, #6312 ) ;
#6611 = FACE_BOUND ( 'NONE', #3906, .T. ) ;
#6612 = VERTEX_POINT ( 'NONE', #2966 ) ;
#6613 = AXIS2_PLACEMENT_3D ( 'NONE', #6562, #5087, #9939 ) ;
#6614 = CARTESIAN_POINT ( 'NONE',  ( 240.2000000000000739, -5.400000000000042100, 0.000000000000000000 ) ) ;
#6616 = CARTESIAN_POINT ( 'NONE',  ( 310.2000000000000455, -5.399999999999993250, 0.000000000000000000 ) ) ;
#6615 = VECTOR ( 'NONE', #7493, 1000.000000000000000 ) ;
#6617 = EDGE_CURVE ( 'NONE', #3036, #8815, #10012, .T. ) ;
#6618 = EDGE_CURVE ( 'NONE', #6152, #8116, #4718, .T. ) ;
#6619 = AXIS2_PLACEMENT_3D ( 'NONE', #2007, #9691, #1958 ) ;
#6620 = LINE ( 'NONE', #1531, #1850 ) ;
#6621 = ORIENTED_EDGE ( 'NONE', *, *, #5366, .F. ) ;
#6622 = ORIENTED_EDGE ( 'NONE', *, *, #10957, .T. ) ;
#6623 = DIRECTION ( 'NONE',  ( -0.000000000000000000, -0.000000000000000000, -1.000000000000000000 ) ) ;
#6624 = DIRECTION ( 'NONE',  ( -0.000000000000000000, -0.000000000000000000, -1.000000000000000000 ) ) ;
#6625 = ORIENTED_EDGE ( 'NONE', *, *, #6057, .F. ) ;
#6626 = CARTESIAN_POINT ( 'NONE',  ( 101.7500000000000000, -20.00000000000003197, 6.349999999999999645 ) ) ;
#6627 = DIRECTION ( 'NONE',  ( -0.000000000000000000, -0.000000000000000000, -1.000000000000000000 ) ) ;
#6628 = ORIENTED_EDGE ( 'NONE', *, *, #10810, .F. ) ;
#6629 = LINE ( 'NONE', #8405, #9402 ) ;
#6630 = AXIS2_PLACEMENT_3D ( 'NONE', #10243, #10921, #4946 ) ;
#6631 = ORIENTED_EDGE ( 'NONE', *, *, #4953, .F. ) ;
#6632 = AXIS2_PLACEMENT_3D ( 'NONE', #4547, #6032, #7070 ) ;
#6633 = DIRECTION ( 'NONE',  ( -0.000000000000000000, -0.000000000000000000, -1.000000000000000000 ) ) ;
#6634 = VECTOR ( 'NONE', #552, 1000.000000000000000 ) ;
#6635 = CARTESIAN_POINT ( 'NONE',  ( 33.30000000000014637, -72.05000000000008242, 0.000000000000000000 ) ) ;
#6636 = ORIENTED_EDGE ( 'NONE', *, *, #9384, .T. ) ;
#6637 = ORIENTED_EDGE ( 'NONE', *, *, #521, .T. ) ;
#6638 = CARTESIAN_POINT ( 'NONE',  ( 30.20000000000012719, -32.05000000000007532, 0.000000000000000000 ) ) ;
#6639 = VECTOR ( 'NONE', #1256, 1000.000000000000000 ) ;
#6640 = ORIENTED_EDGE ( 'NONE', *, *, #10930, .T. ) ;
#6641 = AXIS2_PLACEMENT_3D ( 'NONE', #4926, #8292, #704 ) ;
#6642 = LINE ( 'NONE', #4337, #8406 ) ;
#6643 = DIRECTION ( 'NONE',  ( 0.000000000000000000, 0.000000000000000000, 1.000000000000000000 ) ) ;
#6644 = EDGE_CURVE ( 'NONE', #7851, #3987, #5291, .T. ) ;
#6645 = AXIS2_PLACEMENT_3D ( 'NONE', #10879, #4963, #8331 ) ;
#6646 = CIRCLE ( 'NONE', #3666, 1.549999999999995826 ) ;
#6647 = FACE_OUTER_BOUND ( 'NONE', #8414, .T. ) ;
#6648 = CIRCLE ( 'NONE', #7360, 1.549999999999995826 ) ;
#6649 = CARTESIAN_POINT ( 'NONE',  ( 143.3000000000000966, -32.05000000000007532, 6.349999999999999645 ) ) ;
#6650 = ORIENTED_EDGE ( 'NONE', *, *, #5716, .F. ) ;
#6651 = CYLINDRICAL_SURFACE ( 'NONE', #2225, 1.549999999999995826 ) ;
#6652 = ORIENTED_EDGE ( 'NONE', *, *, #6328, .F. ) ;
#6653 = VECTOR ( 'NONE', #230, 1000.000000000000000 ) ;
#6654 = LINE ( 'NONE', #10032, #3278 ) ;
#6655 = EDGE_LOOP ( 'NONE', ( #7289, #9293, #7226, #1831 ) ) ;
#6656 = DIRECTION ( 'NONE',  ( -1.387778780781445873E-15, 1.000000000000000000, -0.000000000000000000 ) ) ;
#6657 = DIRECTION ( 'NONE',  ( 0.000000000000000000, 0.000000000000000000, 1.000000000000000000 ) ) ;
#6658 = CARTESIAN_POINT ( 'NONE',  ( 283.3000000000000114, -5.400000000000013678, 6.349999999999999645 ) ) ;
#6659 = CARTESIAN_POINT ( 'NONE',  ( 41.75000000000000000, -20.00000000000003197, 6.349999999999999645 ) ) ;
#6660 = ORIENTED_EDGE ( 'NONE', *, *, #2831, .T. ) ;
#6661 = CIRCLE ( 'NONE', #1901, 1.549999999999968070 ) ;
#6662 = CIRCLE ( 'NONE', #3137, 1.549999999999968070 ) ;
#6663 = ADVANCED_FACE ( 'NONE', ( #9863 ), #3177, .F. ) ;
#6664 = EDGE_CURVE ( 'NONE', #1292, #4794, #5492, .T. ) ;
#6665 = AXIS2_PLACEMENT_3D ( 'NONE', #611, #3017, #4825 ) ;
#6666 = CARTESIAN_POINT ( 'NONE',  ( 180.2000000000001307, -32.05000000000007532, 6.349999999999999645 ) ) ;
#6667 = LINE ( 'NONE', #10762, #1006 ) ;
#6668 = VECTOR ( 'NONE', #2051, 1000.000000000000000 ) ;
#6669 = CIRCLE ( 'NONE', #8967, 1.549999999999995826 ) ;
#6670 = VERTEX_POINT ( 'NONE', #2174 ) ;
#6671 = DIRECTION ( 'NONE',  ( 1.387778780781445478E-15, -1.000000000000000000, 0.000000000000000000 ) ) ;
#6672 = ORIENTED_EDGE ( 'NONE', *, *, #2561, .T. ) ;
#6673 = VERTEX_POINT ( 'NONE', #9744 ) ;
#6674 = DIRECTION ( 'NONE',  ( 1.000000000000000000, 6.938893903907227392E-16, -0.000000000000000000 ) ) ;
#6675 = DIRECTION ( 'NONE',  ( -1.000000000000000000, 0.000000000000000000, 0.000000000000000000 ) ) ;
#6676 = FACE_BOUND ( 'NONE', #7136, .T. ) ;
#6677 = ORIENTED_EDGE ( 'NONE', *, *, #1072, .F. ) ;
#6678 = DIRECTION ( 'NONE',  ( -0.000000000000000000, -0.000000000000000000, -1.000000000000000000 ) ) ;
#6679 = EDGE_CURVE ( 'NONE', #1583, #3030, #7903, .T. ) ;
#6680 = EDGE_CURVE ( 'NONE', #8288, #208, #5080, .T. ) ;
#6681 = DIRECTION ( 'NONE',  ( 0.000000000000000000, 0.000000000000000000, 1.000000000000000000 ) ) ;
#6682 = VECTOR ( 'NONE', #587, 1000.000000000000000 ) ;
#6683 = CARTESIAN_POINT ( 'NONE',  ( 100.2000000000001023, -19.99999999999992184, 6.349999999999999645 ) ) ;
#6684 = VERTEX_POINT ( 'NONE', #7368 ) ;
#6685 = DIRECTION ( 'NONE',  ( 1.000000000000000000, 0.000000000000000000, 0.000000000000000000 ) ) ;
#6686 = VERTEX_POINT ( 'NONE', #508 ) ;
#6687 = ORIENTED_EDGE ( 'NONE', *, *, #1275, .F. ) ;
#6688 = CARTESIAN_POINT ( 'NONE',  ( 110.2000000000000881, 32.05000000000005400, 6.349999999999999645 ) ) ;
#6689 = CIRCLE ( 'NONE', #4026, 1.549999999999995826 ) ;
#6690 = CARTESIAN_POINT ( 'NONE',  ( 110.2000000000001734, -72.05000000000008242, 0.000000000000000000 ) ) ;
#6691 = ORIENTED_EDGE ( 'NONE', *, *, #3851, .T. ) ;
#6692 = DIRECTION ( 'NONE',  ( -0.000000000000000000, -0.000000000000000000, -1.000000000000000000 ) ) ;
#6693 = LINE ( 'NONE', #10117, #1293 ) ;
#6694 = ORIENTED_EDGE ( 'NONE', *, *, #7776, .T. ) ;
#6695 = CARTESIAN_POINT ( 'NONE',  ( 73.30000000000005400, 32.05000000000005400, 0.000000000000000000 ) ) ;
#6696 = EDGE_CURVE ( 'NONE', #4233, #9776, #476, .T. ) ;
#6697 = ADVANCED_FACE ( 'NONE', ( #6588 ), #10749, .F. ) ;
#6698 = VERTEX_POINT ( 'NONE', #1395 ) ;
#6699 = VECTOR ( 'NONE', #2741, 1000.000000000000000 ) ;
#6700 = DIRECTION ( 'NONE',  ( -1.387778780781445676E-15, 1.000000000000000000, -0.000000000000000000 ) ) ;
#6701 = CARTESIAN_POINT ( 'NONE',  ( 90.20000000000010232, -19.99999999999992184, 0.000000000000000000 ) ) ;
#6702 = VERTEX_POINT ( 'NONE', #2287 ) ;
#6703 = ORIENTED_EDGE ( 'NONE', *, *, #7523, .F. ) ;
#6704 = FACE_OUTER_BOUND ( 'NONE', #9442, .T. ) ;
#6705 = ORIENTED_EDGE ( 'NONE', *, *, #3452, .F. ) ;
#6706 = DIRECTION ( 'NONE',  ( 0.000000000000000000, 0.000000000000000000, 1.000000000000000000 ) ) ;
#6707 = LINE ( 'NONE', #7597, #5006 ) ;
#6708 = CARTESIAN_POINT ( 'NONE',  ( 160.2000000000001307, -32.05000000000007532, 0.000000000000000000 ) ) ;
#6709 = CARTESIAN_POINT ( 'NONE',  ( 17.16000000000000014, -20.00000000000000000, 6.349999999999999645 ) ) ;
#6710 = ORIENTED_EDGE ( 'NONE', *, *, #8645, .T. ) ;
#6711 = DIRECTION ( 'NONE',  ( -1.387778780781445478E-15, 1.000000000000000000, -0.000000000000000000 ) ) ;
#6712 = ORIENTED_EDGE ( 'NONE', *, *, #6921, .F. ) ;
#6713 = ADVANCED_FACE ( 'NONE', ( #6537 ), #5703, .F. ) ;
#6714 = LINE ( 'NONE', #2339, #10687 ) ;
#6715 = ORIENTED_EDGE ( 'NONE', *, *, #8645, .F. ) ;
#6716 = CARTESIAN_POINT ( 'NONE',  ( 83.30000000000008242, -19.99999999999992184, 0.000000000000000000 ) ) ;
#6717 = ORIENTED_EDGE ( 'NONE', *, *, #1403, .F. ) ;
#6718 = DIRECTION ( 'NONE',  ( 0.000000000000000000, 1.000000000000000000, 0.000000000000000000 ) ) ;
#6719 = DIRECTION ( 'NONE',  ( -0.000000000000000000, -0.000000000000000000, -1.000000000000000000 ) ) ;
#6720 = ORIENTED_EDGE ( 'NONE', *, *, #7950, .T. ) ;
#6721 = CARTESIAN_POINT ( 'NONE',  ( 51.75000000000015632, -72.05000000000008242, 0.000000000000000000 ) ) ;
#6722 = DIRECTION ( 'NONE',  ( 0.000000000000000000, 0.000000000000000000, 1.000000000000000000 ) ) ;
#6723 = ORIENTED_EDGE ( 'NONE', *, *, #2213, .T. ) ;
#6724 = EDGE_CURVE ( 'NONE', #11, #5055, #3902, .T. ) ;
#6725 = DIRECTION ( 'NONE',  ( -1.000000000000000000, -1.387778780781445478E-15, 0.000000000000000000 ) ) ;
#6726 = ORIENTED_EDGE ( 'NONE', *, *, #9090, .F. ) ;
#6727 = CARTESIAN_POINT ( 'NONE',  ( 301.7500000000000000, 5.399999999999998579, 6.349999999999999645 ) ) ;
#6728 = DIRECTION ( 'NONE',  ( -0.000000000000000000, 1.000000000000000000, -0.000000000000000000 ) ) ;
#6729 = CARTESIAN_POINT ( 'NONE',  ( 81.75000000000008527, 32.05000000000005400, 0.000000000000000000 ) ) ;
#6730 = EDGE_LOOP ( 'NONE', ( #9974, #5164, #2565, #7186 ) ) ;
#6731 = DIRECTION ( 'NONE',  ( -1.000000000000000000, -1.387778780781445478E-15, 0.000000000000000000 ) ) ;
#6732 = CARTESIAN_POINT ( 'NONE',  ( 81.75000000000008527, 32.05000000000005400, 6.349999999999999645 ) ) ;
#6733 = DIRECTION ( 'NONE',  ( -0.000000000000000000, -0.000000000000000000, -1.000000000000000000 ) ) ;
#6734 = ORIENTED_EDGE ( 'NONE', *, *, #8976, .F. ) ;
#6735 = EDGE_CURVE ( 'NONE', #3484, #2763, #9078, .T. ) ;
#6736 = CARTESIAN_POINT ( 'NONE',  ( 311.7500000000000000, -5.399999999999991473, 6.349999999999999645 ) ) ;
#6737 = ORIENTED_EDGE ( 'NONE', *, *, #9637, .F. ) ;
#6738 = VERTEX_POINT ( 'NONE', #5543 ) ;
#6739 = CARTESIAN_POINT ( 'NONE',  ( 241.7500000000000284, 5.399999999999998579, 0.000000000000000000 ) ) ;
#6740 = EDGE_CURVE ( 'NONE', #10851, #1936, #2793, .T. ) ;
#6741 = ADVANCED_FACE ( 'NONE', ( #6485 ), #4668, .F. ) ;
#6742 = CARTESIAN_POINT ( 'NONE',  ( 243.3000000000000114, 5.399999999999999467, 0.000000000000000000 ) ) ;
#6743 = ORIENTED_EDGE ( 'NONE', *, *, #6276, .T. ) ;
#6744 = LINE ( 'NONE', #2546, #3294 ) ;
#6745 = DIRECTION ( 'NONE',  ( -0.000000000000000000, -0.000000000000000000, -1.000000000000000000 ) ) ;
#6746 = ORIENTED_EDGE ( 'NONE', *, *, #3053, .T. ) ;
#6747 = CARTESIAN_POINT ( 'NONE',  ( 103.3000000000000682, 32.05000000000005400, 0.000000000000000000 ) ) ;
#6748 = VERTEX_POINT ( 'NONE', #4725 ) ;
#6749 = DIRECTION ( 'NONE',  ( 0.000000000000000000, 0.000000000000000000, 1.000000000000000000 ) ) ;
#6750 = DIRECTION ( 'NONE',  ( 1.000000000000000000, 0.000000000000000000, 0.000000000000000000 ) ) ;
#6751 = EDGE_LOOP ( 'NONE', ( #1994, #3969, #3057, #3592 ) ) ;
#6752 = VERTEX_POINT ( 'NONE', #7208 ) ;
#6753 = EDGE_CURVE ( 'NONE', #3917, #3852, #2227, .T. ) ;
#6754 = CARTESIAN_POINT ( 'NONE',  ( 183.3000000000000682, 72.05000000000005400, 6.349999999999999645 ) ) ;
#6755 = EDGE_CURVE ( 'NONE', #6899, #6146, #8079, .T. ) ;
#6756 = ADVANCED_FACE ( 'NONE', ( #556 ), #3953, .T. ) ;
#6757 = VERTEX_POINT ( 'NONE', #3120 ) ;
#6758 = DIRECTION ( 'NONE',  ( -0.000000000000000000, -0.000000000000000000, -1.000000000000000000 ) ) ;
#6760 = CYLINDRICAL_SURFACE ( 'NONE', #5698, 1.549999999999988942 ) ;
#6759 = AXIS2_PLACEMENT_3D ( 'NONE', #6798, #5976, #3876 ) ;
#6761 = AXIS2_PLACEMENT_3D ( 'NONE', #2901, #2009, #342 ) ;
#6762 = LINE ( 'NONE', #10081, #9314 ) ;
#6763 = CIRCLE ( 'NONE', #1112, 1.549999999999995826 ) ;
#6764 = DIRECTION ( 'NONE',  ( -1.000000000000000000, 0.000000000000000000, 0.000000000000000000 ) ) ;
#6765 = EDGE_LOOP ( 'NONE', ( #4689, #4123, #7355, #412 ) ) ;
#6767 = VECTOR ( 'NONE', #7984, 1000.000000000000000 ) ;
#6766 = CARTESIAN_POINT ( 'NONE',  ( 171.7500000000000000, 20.00000000000000355, 6.349999999999999645 ) ) ;
#6768 = EDGE_CURVE ( 'NONE', #7676, #3911, #3135, .T. ) ;
#6769 = ORIENTED_EDGE ( 'NONE', *, *, #3079, .F. ) ;
#6770 = ORIENTED_EDGE ( 'NONE', *, *, #4526, .T. ) ;
#6771 = CARTESIAN_POINT ( 'NONE',  ( 313.3000000000000114, -5.399999999999992362, 6.349999999999999645 ) ) ;
#6772 = ORIENTED_EDGE ( 'NONE', *, *, #9317, .F. ) ;
#6773 = LINE ( 'NONE', #8538, #837 ) ;
#6774 = CARTESIAN_POINT ( 'NONE',  ( 230.2000000000000171, 45.39999999999999858, 0.000000000000000000 ) ) ;
#6775 = LINE ( 'NONE', #7091, #2004 ) ;
#6776 = AXIS2_PLACEMENT_3D ( 'NONE', #10090, #10257, #5120 ) ;
#6777 = VECTOR ( 'NONE', #1401, 1000.000000000000000 ) ;
#6778 = DIRECTION ( 'NONE',  ( 0.000000000000000000, 0.000000000000000000, 1.000000000000000000 ) ) ;
#6779 = ORIENTED_EDGE ( 'NONE', *, *, #10124, .F. ) ;
#6780 = PLANE ( 'NONE',  #7145 ) ;
#6781 = VERTEX_POINT ( 'NONE', #63 ) ;
#6782 = DIRECTION ( 'NONE',  ( 1.000000000000000000, 0.000000000000000000, 0.000000000000000000 ) ) ;
#6783 = DIRECTION ( 'NONE',  ( 1.000000000000000000, 0.000000000000000000, 0.000000000000000000 ) ) ;
#6784 = DIRECTION ( 'NONE',  ( -3.469446951953613696E-16, 1.000000000000000000, 0.000000000000000000 ) ) ;
#6785 = VERTEX_POINT ( 'NONE', #8528 ) ;
#6786 = LINE ( 'NONE', #5132, #6991 ) ;
#6787 = EDGE_CURVE ( 'NONE', #8044, #4139, #5112, .T. ) ;
#6788 = DIRECTION ( 'NONE',  ( -0.000000000000000000, -0.000000000000000000, -1.000000000000000000 ) ) ;
#6789 = CARTESIAN_POINT ( 'NONE',  ( 80.20000000000010232, -19.99999999999992184, 6.349999999999999645 ) ) ;
#6790 = ORIENTED_EDGE ( 'NONE', *, *, #2647, .T. ) ;
#6791 = CARTESIAN_POINT ( 'NONE',  ( 171.7500000000000000, 20.00000000000000355, 0.000000000000000000 ) ) ;
#6792 = ORIENTED_EDGE ( 'NONE', *, *, #5821, .T. ) ;
#6793 = ORIENTED_EDGE ( 'NONE', *, *, #8101, .T. ) ;
#6794 = LINE ( 'NONE', #9346, #322 ) ;
#6795 = LINE ( 'NONE', #4096, #8049 ) ;
#6796 = ORIENTED_EDGE ( 'NONE', *, *, #8221, .F. ) ;
#6797 = CARTESIAN_POINT ( 'NONE',  ( 40.20000000000012363, -32.05000000000007532, 0.000000000000000000 ) ) ;
#6798 = CARTESIAN_POINT ( 'NONE',  ( 223.3000000000000966, -32.05000000000007532, 6.349999999999999645 ) ) ;
#6799 = ADVANCED_FACE ( 'NONE', ( #4992 ), #7476, .T. ) ;
#6800 = ORIENTED_EDGE ( 'NONE', *, *, #1807, .F. ) ;
#6801 = DIRECTION ( 'NONE',  ( -1.000000000000000000, 0.000000000000000000, 0.000000000000000000 ) ) ;
#6802 = EDGE_LOOP ( 'NONE', ( #1703, #10832, #7285, #7403 ) ) ;
#6803 = EDGE_CURVE ( 'NONE', #978, #1258, #9496, .T. ) ;
#6804 = EDGE_CURVE ( 'NONE', #3242, #2575, #6762, .T. ) ;
#6805 = AXIS2_PLACEMENT_3D ( 'NONE', #9096, #1752, #9328 ) ;
#6806 = LINE ( 'NONE', #1, #7020 ) ;
#6807 = CARTESIAN_POINT ( 'NONE',  ( 150.2000000000000739, 72.05000000000005400, 6.349999999999999645 ) ) ;
#6808 = VERTEX_POINT ( 'NONE', #3346 ) ;
#6809 = EDGE_LOOP ( 'NONE', ( #5354, #10235, #5078, #1999 ) ) ;
#6810 = LINE ( 'NONE', #4393, #3689 ) ;
#6811 = VERTEX_POINT ( 'NONE', #8307 ) ;
#6812 = CARTESIAN_POINT ( 'NONE',  ( 20.26000000000000156, -20.00000000000000000, 6.349999999999999645 ) ) ;
#6813 = VECTOR ( 'NONE', #8083, 1000.000000000000000 ) ;
#6814 = CARTESIAN_POINT ( 'NONE',  ( 310.2000000000000455, 45.39999999999999858, 6.349999999999999645 ) ) ;
#6815 = DIRECTION ( 'NONE',  ( -1.734723475976806848E-16, 1.000000000000000000, 0.000000000000000000 ) ) ;
#6816 = ADVANCED_FACE ( 'NONE', ( #1561 ), #8364, .F. ) ;
#6817 = EDGE_CURVE ( 'NONE', #3911, #1304, #2507, .T. ) ;
#6818 = AXIS2_PLACEMENT_3D ( 'NONE', #3013, #7202, #7364 ) ;
#6819 = VECTOR ( 'NONE', #10168, 1000.000000000000000 ) ;
#6820 = PLANE ( 'NONE',  #1181 ) ;
#6821 = VECTOR ( 'NONE', #3092, 1000.000000000000000 ) ;
#6822 = PLANE ( 'NONE',  #2579 ) ;
#6823 = ORIENTED_EDGE ( 'NONE', *, *, #5602, .F. ) ;
#6824 = CARTESIAN_POINT ( 'NONE',  ( 103.3000000000000824, -19.99999999999992184, 0.000000000000000000 ) ) ;
#6825 = ORIENTED_EDGE ( 'NONE', *, *, #1927, .F. ) ;
#6826 = LINE ( 'NONE', #10350, #5780 ) ;
#6827 = ORIENTED_EDGE ( 'NONE', *, *, #10784, .T. ) ;
#6828 = DIRECTION ( 'NONE',  ( -0.000000000000000000, -0.000000000000000000, -1.000000000000000000 ) ) ;
#6829 = DIRECTION ( 'NONE',  ( 0.000000000000000000, 0.000000000000000000, 1.000000000000000000 ) ) ;
#6830 = VERTEX_POINT ( 'NONE', #10195 ) ;
#6831 = AXIS2_PLACEMENT_3D ( 'NONE', #6732, #10822, #4965 ) ;
#6832 = ADVANCED_FACE ( 'NONE', ( #4941 ), #5995, .T. ) ;
#6833 = CIRCLE ( 'NONE', #8772, 1.549999999999995826 ) ;
#6834 = EDGE_CURVE ( 'NONE', #10509, #7731, #5432, .T. ) ;
#6835 = LINE ( 'NONE', #9265, #2958 ) ;
#6836 = AXIS2_PLACEMENT_3D ( 'NONE', #5336, #8707, #10527 ) ;
#6837 = VERTEX_POINT ( 'NONE', #5760 ) ;
#6838 = CARTESIAN_POINT ( 'NONE',  ( 222.2500000000000000, 82.55000000000001137, 6.349999999999999645 ) ) ;
#6839 = VERTEX_POINT ( 'NONE', #9365 ) ;
#6840 = DIRECTION ( 'NONE',  ( 1.000000000000000000, 0.000000000000000000, 0.000000000000000000 ) ) ;
#6841 = VECTOR ( 'NONE', #4845, 1000.000000000000000 ) ;
#6842 = CYLINDRICAL_SURFACE ( 'NONE', #10010, 1.549999999999995826 ) ;
#6843 = DIRECTION ( 'NONE',  ( -0.000000000000000000, -0.000000000000000000, -1.000000000000000000 ) ) ;
#6844 = EDGE_LOOP ( 'NONE', ( #2785, #7413, #10776, #1846 ) ) ;
#6845 = AXIS2_PLACEMENT_3D ( 'NONE', #404, #6994, #7886 ) ;
#6846 = CIRCLE ( 'NONE', #8077, 1.549999999999995826 ) ;
#6847 = DIRECTION ( 'NONE',  ( -0.000000000000000000, -0.000000000000000000, -1.000000000000000000 ) ) ;
#6848 = DIRECTION ( 'NONE',  ( -0.000000000000000000, -0.000000000000000000, -1.000000000000000000 ) ) ;
#6849 = ORIENTED_EDGE ( 'NONE', *, *, #933, .F. ) ;
#6850 = AXIS2_PLACEMENT_3D ( 'NONE', #7195, #8859, #439 ) ;
#6851 = CARTESIAN_POINT ( 'NONE',  ( 211.7500000000001137, 32.05000000000005400, 0.000000000000000000 ) ) ;
#6852 = ORIENTED_EDGE ( 'NONE', *, *, #237, .T. ) ;
#6853 = ORIENTED_EDGE ( 'NONE', *, *, #7545, .T. ) ;
#6854 = DIRECTION ( 'NONE',  ( 0.000000000000000000, 0.000000000000000000, 1.000000000000000000 ) ) ;
#6855 = EDGE_CURVE ( 'NONE', #4662, #8288, #7598, .T. ) ;
#6856 = CYLINDRICAL_SURFACE ( 'NONE', #988, 1.549999999999995826 ) ;
#6857 = ORIENTED_EDGE ( 'NONE', *, *, #8792, .T. ) ;
#6858 = CARTESIAN_POINT ( 'NONE',  ( 81.75000000000000000, 20.00000000000000355, 6.349999999999999645 ) ) ;
#6859 = DIRECTION ( 'NONE',  ( -1.000000000000000000, 0.000000000000000000, 0.000000000000000000 ) ) ;
#6860 = ORIENTED_EDGE ( 'NONE', *, *, #6740, .F. ) ;
#6861 = VECTOR ( 'NONE', #6623, 1000.000000000000000 ) ;
#6862 = FILL_AREA_STYLE_COLOUR ( '', #9747 ) ;
#6863 = AXIS2_PLACEMENT_3D ( 'NONE', #10106, #5905, #10825 ) ;
#6864 = DIRECTION ( 'NONE',  ( -1.387778780781445478E-15, 1.000000000000000000, -0.000000000000000000 ) ) ;
#6865 = CIRCLE ( 'NONE', #4574, 1.549999999999988942 ) ;
#6866 = DIRECTION ( 'NONE',  ( 1.387778780781448239E-15, -1.000000000000000000, 0.000000000000000000 ) ) ;
#6867 = ORIENTED_EDGE ( 'NONE', *, *, #7827, .T. ) ;
#6868 = ORIENTED_EDGE ( 'NONE', *, *, #308, .T. ) ;
#6869 = DIRECTION ( 'NONE',  ( 6.938893903907227392E-16, -1.000000000000000000, 0.000000000000000000 ) ) ;
#6870 = EDGE_CURVE ( 'NONE', #1739, #7165, #4117, .T. ) ;
#6871 = ORIENTED_EDGE ( 'NONE', *, *, #10597, .F. ) ;
#6872 = CARTESIAN_POINT ( 'NONE',  ( 51.75000000000007105, 72.05000000000005400, 6.349999999999999645 ) ) ;
#6873 = CARTESIAN_POINT ( 'NONE',  ( 230.2000000000000171, 5.399999999999998579, 6.349999999999999645 ) ) ;
#6874 = CARTESIAN_POINT ( 'NONE',  ( 93.30000000000011084, -32.05000000000007532, 6.349999999999999645 ) ) ;
#6875 = EDGE_CURVE ( 'NONE', #6270, #5238, #4285, .T. ) ;
#6876 = DIRECTION ( 'NONE',  ( -0.000000000000000000, -0.000000000000000000, -1.000000000000000000 ) ) ;
#6877 = DIRECTION ( 'NONE',  ( 0.000000000000000000, 0.000000000000000000, 1.000000000000000000 ) ) ;
#6878 = ORIENTED_EDGE ( 'NONE', *, *, #7693, .T. ) ;
#6879 = LINE ( 'NONE', #6978, #5252 ) ;
#6880 = ORIENTED_EDGE ( 'NONE', *, *, #7302, .T. ) ;
#6881 = VERTEX_POINT ( 'NONE', #3279 ) ;
#6882 = EDGE_CURVE ( 'NONE', #360, #2763, #8610, .T. ) ;
#6883 = ADVANCED_FACE ( 'NONE', ( #5160 ), #6820, .T. ) ;
#6884 = DIRECTION ( 'NONE',  ( 1.000000000000000000, 0.000000000000000000, 0.000000000000000000 ) ) ;
#6885 = LINE ( 'NONE', #905, #5363 ) ;
#6886 = CARTESIAN_POINT ( 'NONE',  ( 310.2000000000000455, 5.399999999999998579, 0.000000000000000000 ) ) ;
#6887 = DIRECTION ( 'NONE',  ( 1.000000000000000000, 0.000000000000000000, 0.000000000000000000 ) ) ;
#6888 = ORIENTED_EDGE ( 'NONE', *, *, #5292, .T. ) ;
#6889 = LINE ( 'NONE', #1969, #8392 ) ;
#6890 = ORIENTED_EDGE ( 'NONE', *, *, #2696, .F. ) ;
#6891 = DIRECTION ( 'NONE',  ( -1.000000000000000000, 0.000000000000000000, 0.000000000000000000 ) ) ;
#6892 = ADVANCED_FACE ( 'NONE', ( #6647 ), #9252, .F. ) ;
#6893 = EDGE_CURVE ( 'NONE', #9688, #8198, #1365, .T. ) ;
#6894 = FACE_OUTER_BOUND ( 'NONE', #8355, .T. ) ;
#6895 = LINE ( 'NONE', #10939, #1442 ) ;
#6896 = EDGE_LOOP ( 'NONE', ( #2570, #9129, #10215, #7659 ) ) ;
#6897 = CYLINDRICAL_SURFACE ( 'NONE', #4367, 1.549999999999982059 ) ;
#6898 = CARTESIAN_POINT ( 'NONE',  ( 73.30000000000008242, -19.99999999999992184, 6.349999999999999645 ) ) ;
#6899 = VERTEX_POINT ( 'NONE', #7037 ) ;
#6900 = CYLINDRICAL_SURFACE ( 'NONE', #8034, 1.549999999999995826 ) ;
#6901 = ORIENTED_EDGE ( 'NONE', *, *, #5243, .F. ) ;
#6902 = EDGE_LOOP ( 'NONE', ( #8913, #756, #1229, #2360 ) ) ;
#6903 = DIRECTION ( 'NONE',  ( -0.000000000000000000, -0.000000000000000000, -1.000000000000000000 ) ) ;
#6904 = DIRECTION ( 'NONE',  ( 1.000000000000000000, 0.000000000000000000, 0.000000000000000000 ) ) ;
#6905 = ORIENTED_EDGE ( 'NONE', *, *, #3735, .T. ) ;
#6906 = DIRECTION ( 'NONE',  ( 0.000000000000000000, 1.000000000000000000, 0.000000000000000000 ) ) ;
#6907 = CARTESIAN_POINT ( 'NONE',  ( 83.29999999999998295, 20.00000000000000355, 0.000000000000000000 ) ) ;
#6908 = ORIENTED_EDGE ( 'NONE', *, *, #8298, .T. ) ;
#6909 = PLANE ( 'NONE',  #8151 ) ;
#6910 = EDGE_CURVE ( 'NONE', #4957, #10091, #6314, .T. ) ;
#6911 = CARTESIAN_POINT ( 'NONE',  ( 81.75000000000012790, -32.05000000000007532, 0.000000000000000000 ) ) ;
#6912 = CARTESIAN_POINT ( 'NONE',  ( 233.3000000000000114, 5.399999999999999467, 0.000000000000000000 ) ) ;
#6913 = ORIENTED_EDGE ( 'NONE', *, *, #2024, .F. ) ;
#6914 = ORIENTED_EDGE ( 'NONE', *, *, #8201, .F. ) ;
#6915 = DIRECTION ( 'NONE',  ( -0.000000000000000000, -0.000000000000000000, -1.000000000000000000 ) ) ;
#6916 = FACE_BOUND ( 'NONE', #10327, .T. ) ;
#6917 = ORIENTED_EDGE ( 'NONE', *, *, #9485, .F. ) ;
#6918 = CARTESIAN_POINT ( 'NONE',  ( 70.20000000000010232, -19.99999999999992184, 6.349999999999999645 ) ) ;
#6919 = DIRECTION ( 'NONE',  ( -0.000000000000000000, -0.000000000000000000, -1.000000000000000000 ) ) ;
#6920 = DIRECTION ( 'NONE',  ( -6.938893903907227392E-16, 1.000000000000000000, -0.000000000000000000 ) ) ;
#6921 = EDGE_CURVE ( 'NONE', #10241, #10799, #8785, .T. ) ;
#6922 = LINE ( 'NONE', #4504, #8617 ) ;
#6923 = CYLINDRICAL_SURFACE ( 'NONE', #3808, 1.549999999999995826 ) ;
#6924 = VERTEX_POINT ( 'NONE', #9578 ) ;
#6925 = DIRECTION ( 'NONE',  ( 6.938893903907241197E-16, -1.000000000000000000, 0.000000000000000000 ) ) ;
#6926 = ORIENTED_EDGE ( 'NONE', *, *, #57, .F. ) ;
#6927 = VECTOR ( 'NONE', #9882, 1000.000000000000000 ) ;
#6928 = AXIS2_PLACEMENT_3D ( 'NONE', #4977, #4223, #825 ) ;
#6929 = PLANE ( 'NONE',  #621 ) ;
#6930 = DIRECTION ( 'NONE',  ( -0.000000000000000000, -1.000000000000000000, -0.000000000000000000 ) ) ;
#6931 = LINE ( 'NONE', #9262, #3730 ) ;
#6932 = EDGE_CURVE ( 'NONE', #3669, #1227, #10299, .T. ) ;
#6933 = AXIS2_PLACEMENT_3D ( 'NONE', #6659, #8204, #6498 ) ;
#6934 = AXIS2_PLACEMENT_3D ( 'NONE', #7415, #9132, #7358 ) ;
#6935 = DIRECTION ( 'NONE',  ( 1.000000000000000000, 0.000000000000000000, 0.000000000000000000 ) ) ;
#6936 = ORIENTED_EDGE ( 'NONE', *, *, #7322, .F. ) ;
#6937 = DIRECTION ( 'NONE',  ( -1.000000000000000000, 0.000000000000000000, 0.000000000000000000 ) ) ;
#6938 = VERTEX_POINT ( 'NONE', #5434 ) ;
#6939 = CARTESIAN_POINT ( 'NONE',  ( 240.2000000000000171, 5.399999999999998579, 6.349999999999999645 ) ) ;
#6940 = CARTESIAN_POINT ( 'NONE',  ( 342.4714292284635349, 50.80000000000001137, 6.349999999999999645 ) ) ;
#6941 = CARTESIAN_POINT ( 'NONE',  ( 193.3000000000000966, 72.05000000000005400, 0.000000000000000000 ) ) ;
#6942 = AXIS2_PLACEMENT_3D ( 'NONE', #9153, #9872, #9973 ) ;
#6943 = ORIENTED_EDGE ( 'NONE', *, *, #1943, .F. ) ;
#6944 = VECTOR ( 'NONE', #8191, 1000.000000000000000 ) ;
#6945 = EDGE_CURVE ( 'NONE', #2235, #2759, #10373, .T. ) ;
#6946 = ADVANCED_FACE ( 'NONE', ( #5377 ), #2898, .T. ) ;
#6947 = DIRECTION ( 'NONE',  ( 1.000000000000000000, 0.000000000000000000, 0.000000000000000000 ) ) ;
#6948 = AXIS2_PLACEMENT_3D ( 'NONE', #10035, #8099, #9204 ) ;
#6949 = DIRECTION ( 'NONE',  ( -0.000000000000000000, -0.000000000000000000, -1.000000000000000000 ) ) ;
#6950 = VERTEX_POINT ( 'NONE', #3729 ) ;
#6951 = DIRECTION ( 'NONE',  ( -6.938893903907241197E-16, 1.000000000000000000, 0.000000000000000000 ) ) ;
#6952 = EDGE_LOOP ( 'NONE', ( #1131, #7138, #5885, #7340 ) ) ;
#6953 = EDGE_LOOP ( 'NONE', ( #10319, #48, #7932, #5085 ) ) ;
#6954 = CARTESIAN_POINT ( 'NONE',  ( 43.30000000000008242, -19.99999999999992184, 6.349999999999999645 ) ) ;
#6955 = CARTESIAN_POINT ( 'NONE',  ( 210.2000000000001023, -19.99999999999992184, 6.349999999999999645 ) ) ;
#6956 = ORIENTED_EDGE ( 'NONE', *, *, #4275, .F. ) ;
#6957 = LINE ( 'NONE', #9287, #7000 ) ;
#6958 = DIRECTION ( 'NONE',  ( -0.000000000000000000, -0.000000000000000000, -1.000000000000000000 ) ) ;
#6959 = VERTEX_POINT ( 'NONE', #1840 ) ;
#6960 = LINE ( 'NONE', #934, #7094 ) ;
#6961 = ADVANCED_FACE ( 'NONE', ( #7082 ), #10248, .F. ) ;
#6962 = EDGE_CURVE ( 'NONE', #4933, #1779, #1169, .T. ) ;
#6963 = DIRECTION ( 'NONE',  ( -1.000000000000000000, 0.000000000000000000, 0.000000000000000000 ) ) ;
#6964 = CARTESIAN_POINT ( 'NONE',  ( 290.1999999999999886, -5.400000000000007461, 6.349999999999999645 ) ) ;
#6965 = ORIENTED_EDGE ( 'NONE', *, *, #2552, .T. ) ;
#6966 = ORIENTED_EDGE ( 'NONE', *, *, #10721, .T. ) ;
#6967 = DIRECTION ( 'NONE',  ( 1.000000000000000000, 0.000000000000000000, 0.000000000000000000 ) ) ;
#6968 = FACE_BOUND ( 'NONE', #198, .T. ) ;
#6969 = ORIENTED_EDGE ( 'NONE', *, *, #6617, .F. ) ;
#6970 = ORIENTED_EDGE ( 'NONE', *, *, #2749, .F. ) ;
#6971 = DIRECTION ( 'NONE',  ( -3.469446951953620598E-16, 1.000000000000000000, 0.000000000000000000 ) ) ;
#6972 = DIRECTION ( 'NONE',  ( 0.000000000000000000, 0.000000000000000000, 1.000000000000000000 ) ) ;
#6973 = DIRECTION ( 'NONE',  ( -1.000000000000000000, 0.000000000000000000, 0.000000000000000000 ) ) ;
#6974 = VECTOR ( 'NONE', #6951, 1000.000000000000000 ) ;
#6975 = CYLINDRICAL_SURFACE ( 'NONE', #5259, 1.549999999999968070 ) ;
#6976 = DIRECTION ( 'NONE',  ( -1.000000000000000000, -1.387778780781445676E-15, 0.000000000000000000 ) ) ;
#6977 = VERTEX_POINT ( 'NONE', #1063 ) ;
#6978 = CARTESIAN_POINT ( 'NONE',  ( 90.20000000000008811, 20.00000000000000355, 6.349999999999999645 ) ) ;
#6979 = VECTOR ( 'NONE', #688, 1000.000000000000000 ) ;
#6980 = CIRCLE ( 'NONE', #607, 1.549999999999982059 ) ;
#6981 = ORIENTED_EDGE ( 'NONE', *, *, #9433, .F. ) ;
#6982 = ADVANCED_FACE ( 'NONE', ( #10417 ), #6975, .F. ) ;
#6983 = FACE_OUTER_BOUND ( 'NONE', #1501, .T. ) ;
#6984 = CARTESIAN_POINT ( 'NONE',  ( 110.2000000000001734, -72.05000000000008242, 6.349999999999999645 ) ) ;
#6985 = DIRECTION ( 'NONE',  ( -1.000000000000000000, 0.000000000000000000, 0.000000000000000000 ) ) ;
#6986 = AXIS2_PLACEMENT_3D ( 'NONE', #9193, #716, #10846 ) ;
#6987 = VECTOR ( 'NONE', #4648, 1000.000000000000000 ) ;
#6988 = VECTOR ( 'NONE', #9565, 1000.000000000000000 ) ;
#6989 = DIRECTION ( 'NONE',  ( -1.040834085586084059E-15, 1.000000000000000000, -0.000000000000000000 ) ) ;
#6990 = ORIENTED_EDGE ( 'NONE', *, *, #3176, .F. ) ;
#6991 = VECTOR ( 'NONE', #1758, 1000.000000000000000 ) ;
#6992 = DIRECTION ( 'NONE',  ( -0.000000000000000000, -0.000000000000000000, -1.000000000000000000 ) ) ;
#6993 = ORIENTED_EDGE ( 'NONE', *, *, #6195, .T. ) ;
#6994 = DIRECTION ( 'NONE',  ( -0.000000000000000000, -0.000000000000000000, -1.000000000000000000 ) ) ;
#6995 = ADVANCED_FACE ( 'NONE', ( #2733 ), #5278, .T. ) ;
#6996 = EDGE_CURVE ( 'NONE', #4863, #9116, #1530, .T. ) ;
#6997 = PLANE ( 'NONE',  #3848 ) ;
#6998 = FACE_OUTER_BOUND ( 'NONE', #7948, .T. ) ;
#6999 = EDGE_LOOP ( 'NONE', ( #4791, #9447, #8013, #1950 ) ) ;
#7000 = VECTOR ( 'NONE', #7630, 1000.000000000000000 ) ;
#7001 = CIRCLE ( 'NONE', #1168, 1.549999999999995826 ) ;
#7002 = CARTESIAN_POINT ( 'NONE',  ( 80.20000000000017337, -72.05000000000008242, 6.349999999999999645 ) ) ;
#7003 = CARTESIAN_POINT ( 'NONE',  ( 70.20000000000008811, 72.05000000000005400, 6.349999999999999645 ) ) ;
#7004 = AXIS2_PLACEMENT_3D ( 'NONE', #79, #4200, #10938 ) ;
#7005 = VERTEX_POINT ( 'NONE', #4612 ) ;
#7006 = CARTESIAN_POINT ( 'NONE',  ( 153.3000000000001535, -72.05000000000008242, 6.349999999999999645 ) ) ;
#7007 = ORIENTED_EDGE ( 'NONE', *, *, #6875, .T. ) ;
#7008 = ORIENTED_EDGE ( 'NONE', *, *, #7222, .F. ) ;
#7009 = CARTESIAN_POINT ( 'NONE',  ( 221.7500000000000000, 20.00000000000000355, 6.349999999999999645 ) ) ;
#7010 = CARTESIAN_POINT ( 'NONE',  ( 220.2000000000001307, -19.99999999999992184, 6.349999999999999645 ) ) ;
#7011 = AXIS2_PLACEMENT_3D ( 'NONE', #4452, #3678, #3561 ) ;
#7012 = LINE ( 'NONE', #8056, #5429 ) ;
#7013 = PLANE ( 'NONE',  #7461 ) ;
#7014 = ORIENTED_EDGE ( 'NONE', *, *, #9423, .T. ) ;
#7015 = ADVANCED_FACE ( 'NONE', ( #7975 ), #6160, .F. ) ;
#7016 = EDGE_CURVE ( 'NONE', #6153, #799, #5216, .T. ) ;
#7017 =( NAMED_UNIT ( * ) PLANE_ANGLE_UNIT ( ) SI_UNIT ( $, .RADIAN. ) );
#7018 = VECTOR ( 'NONE', #2527, 1000.000000000000000 ) ;
#7019 = VECTOR ( 'NONE', #2295, 1000.000000000000000 ) ;
#7020 = VECTOR ( 'NONE', #10071, 1000.000000000000000 ) ;
#7021 = CARTESIAN_POINT ( 'NONE',  ( 203.3000000000000682, 32.05000000000005400, 0.000000000000000000 ) ) ;
#7022 = CARTESIAN_POINT ( 'NONE',  ( 293.3000000000000114, -5.400000000000006573, 6.349999999999999645 ) ) ;
#7023 = ORIENTED_EDGE ( 'NONE', *, *, #302, .F. ) ;
#7024 = ORIENTED_EDGE ( 'NONE', *, *, #10491, .F. ) ;
#7025 = DIRECTION ( 'NONE',  ( -0.000000000000000000, -0.000000000000000000, -1.000000000000000000 ) ) ;
#7026 = VECTOR ( 'NONE', #9835, 1000.000000000000000 ) ;
#7027 = FACE_BOUND ( 'NONE', #10130, .T. ) ;
#7028 = EDGE_LOOP ( 'NONE', ( #6687, #5782, #1619, #10770 ) ) ;
#7029 = VERTEX_POINT ( 'NONE', #4403 ) ;
#7030 = LINE ( 'NONE', #10414, #2956 ) ;
#7031 = DIRECTION ( 'NONE',  ( 0.000000000000000000, 0.000000000000000000, 1.000000000000000000 ) ) ;
#7032 = EDGE_CURVE ( 'NONE', #10172, #4701, #2797, .T. ) ;
#7033 = EDGE_CURVE ( 'NONE', #977, #5507, #7765, .T. ) ;
#7034 = AXIS2_PLACEMENT_3D ( 'NONE', #3817, #2198, #9003 ) ;
#7035 = FACE_OUTER_BOUND ( 'NONE', #5220, .T. ) ;
#7036 = AXIS2_PLACEMENT_3D ( 'NONE', #3486, #6854, #10230 ) ;
#7037 = CARTESIAN_POINT ( 'NONE',  ( 120.7857146142317646, -30.31245604999991983, 0.000000000000000000 ) ) ;
#7038 = VECTOR ( 'NONE', #2653, 1000.000000000000000 ) ;
#7039 = CARTESIAN_POINT ( 'NONE',  ( 170.2000000000001023, 20.00000000000000355, 6.349999999999999645 ) ) ;
#7040 = ORIENTED_EDGE ( 'NONE', *, *, #8685, .F. ) ;
#7041 = DIRECTION ( 'NONE',  ( -1.000000000000000000, -1.387778780781445478E-15, 0.000000000000000000 ) ) ;
#7042 = ORIENTED_EDGE ( 'NONE', *, *, #9749, .T. ) ;
#7043 = CARTESIAN_POINT ( 'NONE',  ( 190.2000000000001023, -19.99999999999992184, 6.349999999999999645 ) ) ;
#7044 = DIRECTION ( 'NONE',  ( -0.000000000000000000, -0.000000000000000000, -1.000000000000000000 ) ) ;
#7045 = DIRECTION ( 'NONE',  ( -1.000000000000000000, -6.938893903907241197E-16, 0.000000000000000000 ) ) ;
#7046 = CARTESIAN_POINT ( 'NONE',  ( 90.20000000000010232, -19.99999999999992184, 6.349999999999999645 ) ) ;
#7047 = EDGE_CURVE ( 'NONE', #8335, #4409, #6922, .T. ) ;
#7048 = ORIENTED_EDGE ( 'NONE', *, *, #7814, .F. ) ;
#7049 = FACE_OUTER_BOUND ( 'NONE', #4263, .T. ) ;
#7050 = ORIENTED_EDGE ( 'NONE', *, *, #400, .T. ) ;
#7051 = CARTESIAN_POINT ( 'NONE',  ( 183.3000000000000966, -19.99999999999992184, 6.349999999999999645 ) ) ;
#7052 = LINE ( 'NONE', #2865, #5435 ) ;
#7053 = DIRECTION ( 'NONE',  ( 0.000000000000000000, 0.000000000000000000, 1.000000000000000000 ) ) ;
#7054 = ORIENTED_EDGE ( 'NONE', *, *, #7359, .F. ) ;
#7055 = LINE ( 'NONE', #7002, #629 ) ;
#7056 = EDGE_CURVE ( 'NONE', #3454, #2235, #600, .T. ) ;
#7057 = VERTEX_POINT ( 'NONE', #4712 ) ;
#7058 = CARTESIAN_POINT ( 'NONE',  ( 220.2000000000000739, 72.05000000000005400, 6.349999999999999645 ) ) ;
#7059 = ORIENTED_EDGE ( 'NONE', *, *, #9613, .T. ) ;
#7060 = ORIENTED_EDGE ( 'NONE', *, *, #8086, .T. ) ;
#7061 = DIRECTION ( 'NONE',  ( -1.387778780781445676E-15, 1.000000000000000000, -0.000000000000000000 ) ) ;
#7062 = DIRECTION ( 'NONE',  ( -6.938893903907241197E-16, 1.000000000000000000, 0.000000000000000000 ) ) ;
#7063 = FACE_BOUND ( 'NONE', #1214, .T. ) ;
#7064 = EDGE_CURVE ( 'NONE', #8177, #577, #5588, .T. ) ;
#7065 = VERTEX_POINT ( 'NONE', #8081 ) ;
#7066 = CARTESIAN_POINT ( 'NONE',  ( 113.3000000000000824, -19.99999999999992184, 6.349999999999999645 ) ) ;
#7067 = EDGE_CURVE ( 'NONE', #6175, #6612, #2808, .T. ) ;
#7068 = DIRECTION ( 'NONE',  ( 0.000000000000000000, 0.000000000000000000, 1.000000000000000000 ) ) ;
#7069 = EDGE_CURVE ( 'NONE', #9879, #3454, #9846, .T. ) ;
#7070 = DIRECTION ( 'NONE',  ( -1.000000000000000000, 0.000000000000000000, 0.000000000000000000 ) ) ;
#7071 = VERTEX_POINT ( 'NONE', #10577 ) ;
#7072 = ORIENTED_EDGE ( 'NONE', *, *, #9917, .T. ) ;
#7073 = FACE_OUTER_BOUND ( 'NONE', #7427, .T. ) ;
#7074 = FACE_BOUND ( 'NONE', #5841, .T. ) ;
#7075 = VERTEX_POINT ( 'NONE', #8245 ) ;
#7076 = ORIENTED_EDGE ( 'NONE', *, *, #3016, .T. ) ;
#7077 = DIRECTION ( 'NONE',  ( -1.387778780781445478E-15, 1.000000000000000000, -0.000000000000000000 ) ) ;
#7078 = LINE ( 'NONE', #432, #5364 ) ;
#7079 = ORIENTED_EDGE ( 'NONE', *, *, #10795, .T. ) ;
#7080 = LINE ( 'NONE', #10246, #797 ) ;
#7081 = EDGE_CURVE ( 'NONE', #9272, #3663, #7200, .T. ) ;
#7082 = FACE_OUTER_BOUND ( 'NONE', #1463, .T. ) ;
#7083 = EDGE_CURVE ( 'NONE', #1834, #1129, #6527, .T. ) ;
#7084 = EDGE_CURVE ( 'NONE', #9336, #7723, #1325, .T. ) ;
#7085 = FACE_OUTER_BOUND ( 'NONE', #10940, .T. ) ;
#7086 = EDGE_LOOP ( 'NONE', ( #1417, #1975, #3747, #3621 ) ) ;
#7087 = CARTESIAN_POINT ( 'NONE',  ( -2.099656937138137081E-14, 57.15000000000000568, 6.349999999999999645 ) ) ;
#7088 = ORIENTED_EDGE ( 'NONE', *, *, #7876, .F. ) ;
#7089 = CARTESIAN_POINT ( 'NONE',  ( 43.30000000000006821, 32.05000000000005400, 0.000000000000000000 ) ) ;
#7090 = CARTESIAN_POINT ( 'NONE',  ( 70.20000000000011653, -32.05000000000007532, 6.349999999999999645 ) ) ;
#7091 = CARTESIAN_POINT ( 'NONE',  ( 110.2000000000001307, -32.05000000000007532, 6.349999999999999645 ) ) ;
#7092 = CARTESIAN_POINT ( 'NONE',  ( 163.2999999999999545, 20.00000000000000355, 6.349999999999999645 ) ) ;
#7093 = ADVANCED_FACE ( 'NONE', ( #5532 ), #5641, .F. ) ;
#7094 = VECTOR ( 'NONE', #5257, 1000.000000000000000 ) ;
#7095 = ORIENTED_EDGE ( 'NONE', *, *, #8894, .F. ) ;
#7096 = DIRECTION ( 'NONE',  ( 1.000000000000000000, 0.000000000000000000, 0.000000000000000000 ) ) ;
#7097 = ORIENTED_EDGE ( 'NONE', *, *, #1245, .F. ) ;
#7098 = CARTESIAN_POINT ( 'NONE',  ( 191.7500000000000853, 32.05000000000005400, 6.349999999999999645 ) ) ;
#7099 = CARTESIAN_POINT ( 'NONE',  ( 213.3000000000000966, -32.05000000000007532, 6.349999999999999645 ) ) ;
#7100 = CARTESIAN_POINT ( 'NONE',  ( 151.7500000000001137, 32.05000000000005400, 6.349999999999999645 ) ) ;
#7101 = ORIENTED_EDGE ( 'NONE', *, *, #1115, .F. ) ;
#7102 = VECTOR ( 'NONE', #2714, 1000.000000000000000 ) ;
#7103 = CIRCLE ( 'NONE', #10468, 1.549999999999995826 ) ;
#7104 = FACE_OUTER_BOUND ( 'NONE', #5269, .T. ) ;
#7105 = EDGE_LOOP ( 'NONE', ( #6966, #4828, #6563, #8620 ) ) ;
#7106 = CIRCLE ( 'NONE', #5530, 1.549999999999995826 ) ;
#7107 = LINE ( 'NONE', #9662, #255 ) ;
#7108 = VERTEX_POINT ( 'NONE', #1271 ) ;
#7109 = ORIENTED_EDGE ( 'NONE', *, *, #1587, .F. ) ;
#7110 = CARTESIAN_POINT ( 'NONE',  ( 191.7500000000001421, -72.05000000000008242, 6.349999999999999645 ) ) ;
#7111 = AXIS2_PLACEMENT_3D ( 'NONE', #7937, #1282, #346 ) ;
#7112 = DIRECTION ( 'NONE',  ( 6.938893903907227392E-16, -1.000000000000000000, 0.000000000000000000 ) ) ;
#7113 = FACE_BOUND ( 'NONE', #8626, .T. ) ;
#7114 = VERTEX_POINT ( 'NONE', #8023 ) ;
#7115 =( NAMED_UNIT ( * ) SI_UNIT ( $, .STERADIAN. ) SOLID_ANGLE_UNIT ( ) );
#7116 = EDGE_CURVE ( 'NONE', #5140, #6089, #4738, .T. ) ;
#7117 = AXIS2_PLACEMENT_3D ( 'NONE', #2206, #5579, #3004 ) ;
#7118 = CARTESIAN_POINT ( 'NONE',  ( 310.2000000000001023, -45.39999999999999858, 0.000000000000000000 ) ) ;
#7119 = LINE ( 'NONE', #8949, #4232 ) ;
#7120 = DIRECTION ( 'NONE',  ( -0.000000000000000000, -0.000000000000000000, -1.000000000000000000 ) ) ;
#7121 = VERTEX_POINT ( 'NONE', #4658 ) ;
#7122 = ORIENTED_EDGE ( 'NONE', *, *, #3573, .T. ) ;
#7123 = CARTESIAN_POINT ( 'NONE',  ( 313.3000000000000114, 45.40000000000000568, 6.349999999999999645 ) ) ;
#7124 = FACE_BOUND ( 'NONE', #5410, .T. ) ;
#7125 = ORIENTED_EDGE ( 'NONE', *, *, #1807, .T. ) ;
#7126 = VERTEX_POINT ( 'NONE', #3893 ) ;
#7127 = DIRECTION ( 'NONE',  ( 6.938893903907227392E-16, -1.000000000000000000, 0.000000000000000000 ) ) ;
#7128 = CYLINDRICAL_SURFACE ( 'NONE', #10837, 1.549999999999995826 ) ;
#7129 = ORIENTED_EDGE ( 'NONE', *, *, #8919, .T. ) ;
#7130 = EDGE_CURVE ( 'NONE', #7231, #2162, #5968, .T. ) ;
#7131 = EDGE_CURVE ( 'NONE', #8671, #146, #2951, .T. ) ;
#7132 = DIRECTION ( 'NONE',  ( 1.000000000000000000, 0.000000000000000000, 0.000000000000000000 ) ) ;
#7133 = ORIENTED_EDGE ( 'NONE', *, *, #8673, .T. ) ;
#7134 = DIRECTION ( 'NONE',  ( -1.000000000000000000, 0.000000000000000000, 0.000000000000000000 ) ) ;
#7135 = DIRECTION ( 'NONE',  ( -1.000000000000000000, 0.000000000000000000, 0.000000000000000000 ) ) ;
#7136 = EDGE_LOOP ( 'NONE', ( #1644, #10120, #4198, #6122 ) ) ;
#7137 = DIRECTION ( 'NONE',  ( -0.000000000000000000, -0.000000000000000000, -1.000000000000000000 ) ) ;
#7138 = ORIENTED_EDGE ( 'NONE', *, *, #7556, .F. ) ;
#7139 = CIRCLE ( 'NONE', #6613, 1.549999999999995826 ) ;
#7140 = PLANE ( 'NONE',  #2214 ) ;
#7141 = DIRECTION ( 'NONE',  ( -0.000000000000000000, -1.000000000000000000, -0.000000000000000000 ) ) ;
#7142 = CARTESIAN_POINT ( 'NONE',  ( 329.6714292284635235, -20.00000000000000355, 6.349999999999999645 ) ) ;
#7143 = EDGE_CURVE ( 'NONE', #3539, #2466, #483, .T. ) ;
#7144 = EDGE_CURVE ( 'NONE', #8027, #3269, #6156, .T. ) ;
#7145 = AXIS2_PLACEMENT_3D ( 'NONE', #5783, #10870, #8445 ) ;
#7146 = CARTESIAN_POINT ( 'NONE',  ( 253.3000000000000114, 5.399999999999999467, 6.349999999999999645 ) ) ;
#7147 = AXIS2_PLACEMENT_3D ( 'NONE', #1443, #4726, #3903 ) ;
#7148 = ORIENTED_EDGE ( 'NONE', *, *, #6372, .F. ) ;
#7149 = LINE ( 'NONE', #6432, #9276 ) ;
#7150 = ORIENTED_EDGE ( 'NONE', *, *, #1493, .F. ) ;
#7151 = LINE ( 'NONE', #8265, #2795 ) ;
#7152 = DIRECTION ( 'NONE',  ( -0.000000000000000000, -0.000000000000000000, -1.000000000000000000 ) ) ;
#7153 = DIRECTION ( 'NONE',  ( -0.000000000000000000, -0.000000000000000000, -1.000000000000000000 ) ) ;
#7154 = ORIENTED_EDGE ( 'NONE', *, *, #2687, .T. ) ;
#7155 = VECTOR ( 'NONE', #3905, 1000.000000000000000 ) ;
#7156 = EDGE_CURVE ( 'NONE', #5382, #5238, #5788, .T. ) ;
#7157 = ADVANCED_FACE ( 'NONE', ( #9736 ), #5484, .F. ) ;
#7158 = AXIS2_PLACEMENT_3D ( 'NONE', #5589, #8132, #3056 ) ;
#7159 = CARTESIAN_POINT ( 'NONE',  ( 160.2000000000001307, -32.05000000000007532, 6.349999999999999645 ) ) ;
#7160 = AXIS2_PLACEMENT_3D ( 'NONE', #7043, #10424, #2856 ) ;
#7161 = VECTOR ( 'NONE', #10559, 1000.000000000000000 ) ;
#7162 = ORIENTED_EDGE ( 'NONE', *, *, #4789, .T. ) ;
#7163 = AXIS2_PLACEMENT_3D ( 'NONE', #754, #5732, #4968 ) ;
#7164 = DIRECTION ( 'NONE',  ( -1.000000000000000000, 0.000000000000000000, 0.000000000000000000 ) ) ;
#7165 = VERTEX_POINT ( 'NONE', #3836 ) ;
#7166 = VERTEX_POINT ( 'NONE', #6367 ) ;
#7167 = CARTESIAN_POINT ( 'NONE',  ( 143.3000000000001535, -72.05000000000008242, 0.000000000000000000 ) ) ;
#7168 = CIRCLE ( 'NONE', #5761, 1.549999999999995826 ) ;
#7169 = CARTESIAN_POINT ( 'NONE',  ( 63.30000000000010374, -32.05000000000007532, 6.349999999999999645 ) ) ;
#7170 = FACE_BOUND ( 'NONE', #2903, .T. ) ;
#7171 = ORIENTED_EDGE ( 'NONE', *, *, #4249, .T. ) ;
#7172 = LINE ( 'NONE', #1369, #1990 ) ;
#7173 = AXIS2_PLACEMENT_3D ( 'NONE', #9687, #10676, #8078 ) ;
#7174 = VECTOR ( 'NONE', #5728, 1000.000000000000000 ) ;
#7175 = VECTOR ( 'NONE', #1633, 1000.000000000000000 ) ;
#7176 = DIRECTION ( 'NONE',  ( 1.000000000000000000, 0.000000000000000000, 0.000000000000000000 ) ) ;
#7177 = LINE ( 'NONE', #9774, #6500 ) ;
#7178 = EDGE_CURVE ( 'NONE', #2839, #7629, #2441, .T. ) ;
#7179 = CIRCLE ( 'NONE', #4377, 1.549999999999995826 ) ;
#7180 = DIRECTION ( 'NONE',  ( 1.000000000000000000, 0.000000000000000000, 0.000000000000000000 ) ) ;
#7181 = VERTEX_POINT ( 'NONE', #3940 ) ;
#7182 = VERTEX_POINT ( 'NONE', #7297 ) ;
#7183 = CARTESIAN_POINT ( 'NONE',  ( 70.20000000000010232, 32.05000000000005400, 6.349999999999999645 ) ) ;
#7184 = CIRCLE ( 'NONE', #2794, 1.549999999999988942 ) ;
#7185 = CARTESIAN_POINT ( 'NONE',  ( 40.20000000000010232, -19.99999999999992184, 6.349999999999999645 ) ) ;
#7186 = ORIENTED_EDGE ( 'NONE', *, *, #2635, .T. ) ;
#7187 = CARTESIAN_POINT ( 'NONE',  ( 31.75000000000000000, -82.55000000000001137, 0.000000000000000000 ) ) ;
#7188 = FACE_OUTER_BOUND ( 'NONE', #6655, .T. ) ;
#7189 = ORIENTED_EDGE ( 'NONE', *, *, #6341, .F. ) ;
#7190 = CIRCLE ( 'NONE', #3847, 1.549999999999995826 ) ;
#7191 = AXIS2_PLACEMENT_3D ( 'NONE', #2927, #6291, #9930 ) ;
#7192 = CYLINDRICAL_SURFACE ( 'NONE', #4880, 1.549999999999995826 ) ;
#7193 = ORIENTED_EDGE ( 'NONE', *, *, #5073, .T. ) ;
#7194 = CIRCLE ( 'NONE', #8080, 1.549999999999995826 ) ;
#7195 = CARTESIAN_POINT ( 'NONE',  ( 141.7500000000000568, 72.05000000000005400, 6.349999999999999645 ) ) ;
#7196 = EDGE_CURVE ( 'NONE', #5971, #10599, #5865, .T. ) ;
#7197 = CARTESIAN_POINT ( 'NONE',  ( 310.2000000000000455, -5.399999999999993250, 6.349999999999999645 ) ) ;
#7198 = EDGE_LOOP ( 'NONE', ( #675, #7780, #4300, #2844, #8006, #5002, #6637, #3567 ) ) ;
#7199 = DIRECTION ( 'NONE',  ( -0.000000000000000000, -0.000000000000000000, -1.000000000000000000 ) ) ;
#7200 = CIRCLE ( 'NONE', #659, 1.549999999999995826 ) ;
#7201 = ORIENTED_EDGE ( 'NONE', *, *, #1868, .F. ) ;
#7202 = DIRECTION ( 'NONE',  ( -0.000000000000000000, -0.000000000000000000, -1.000000000000000000 ) ) ;
#7203 = DIRECTION ( 'NONE',  ( -1.040834085586084059E-15, 1.000000000000000000, 0.000000000000000000 ) ) ;
#7204 = EDGE_CURVE ( 'NONE', #5013, #5674, #710, .T. ) ;
#7205 = DIRECTION ( 'NONE',  ( 0.000000000000000000, 0.000000000000000000, 1.000000000000000000 ) ) ;
#7206 = VECTOR ( 'NONE', #5988, 1000.000000000000000 ) ;
#7207 = AXIS2_PLACEMENT_3D ( 'NONE', #5471, #1420, #3980 ) ;
#7208 = CARTESIAN_POINT ( 'NONE',  ( 263.2999999999999545, 5.399999999999999467, 0.000000000000000000 ) ) ;
#7209 = LINE ( 'NONE', #8094, #1861 ) ;
#7210 = EDGE_CURVE ( 'NONE', #8553, #7547, #3386, .T. ) ;
#7211 = AXIS2_PLACEMENT_3D ( 'NONE', #7110, #1090, #2827 ) ;
#7212 = EDGE_CURVE ( 'NONE', #5108, #1222, #4105, .T. ) ;
#7213 = VERTEX_POINT ( 'NONE', #888 ) ;
#7214 = DIRECTION ( 'NONE',  ( -1.000000000000000000, 0.000000000000000000, 0.000000000000000000 ) ) ;
#7215 = ORIENTED_EDGE ( 'NONE', *, *, #5042, .F. ) ;
#7216 = CARTESIAN_POINT ( 'NONE',  ( 260.1999999999999886, 45.39999999999999858, 6.349999999999999645 ) ) ;
#7217 = FACE_OUTER_BOUND ( 'NONE', #1792, .T. ) ;
#7218 = DIRECTION ( 'NONE',  ( 0.000000000000000000, 0.000000000000000000, 1.000000000000000000 ) ) ;
#7219 = EDGE_LOOP ( 'NONE', ( #6136, #5167, #9225, #7320 ) ) ;
#7220 = DIRECTION ( 'NONE',  ( 0.000000000000000000, 0.000000000000000000, 1.000000000000000000 ) ) ;
#7221 = EDGE_CURVE ( 'NONE', #2396, #9272, #6806, .T. ) ;
#7222 = EDGE_CURVE ( 'NONE', #4759, #763, #4277, .T. ) ;
#7223 = EDGE_CURVE ( 'NONE', #8381, #10647, #4055, .T. ) ;
#7224 = VERTEX_POINT ( 'NONE', #8353 ) ;
#7225 = DIRECTION ( 'NONE',  ( -6.938893903907241197E-16, 1.000000000000000000, 0.000000000000000000 ) ) ;
#7226 = ORIENTED_EDGE ( 'NONE', *, *, #555, .T. ) ;
#7227 = ORIENTED_EDGE ( 'NONE', *, *, #2918, .F. ) ;
#7228 = CARTESIAN_POINT ( 'NONE',  ( 101.7500000000000853, 72.05000000000005400, 6.349999999999999645 ) ) ;
#7229 = LINE ( 'NONE', #2874, #4897 ) ;
#7230 = FACE_BOUND ( 'NONE', #8394, .T. ) ;
#7231 = VERTEX_POINT ( 'NONE', #10903 ) ;
#7232 = LINE ( 'NONE', #8842, #9038 ) ;
#7233 = DIRECTION ( 'NONE',  ( -0.000000000000000000, -0.000000000000000000, -1.000000000000000000 ) ) ;
#7234 = LINE ( 'NONE', #10883, #7925 ) ;
#7235 = EDGE_CURVE ( 'NONE', #1449, #6698, #6322, .T. ) ;
#7236 = DIRECTION ( 'NONE',  ( -1.000000000000000000, 0.000000000000000000, 0.000000000000000000 ) ) ;
#7237 = VERTEX_POINT ( 'NONE', #1601 ) ;
#7238 = VERTEX_POINT ( 'NONE', #7638 ) ;
#7239 = CARTESIAN_POINT ( 'NONE',  ( 223.3000000000000966, -19.99999999999992184, 6.349999999999999645 ) ) ;
#7240 = CARTESIAN_POINT ( 'NONE',  ( 313.3000000000000114, -5.399999999999992362, -0.000000000000000000 ) ) ;
#7241 = VERTEX_POINT ( 'NONE', #10123 ) ;
#7242 = DIRECTION ( 'NONE',  ( -1.387778780781445873E-15, 1.000000000000000000, -0.000000000000000000 ) ) ;
#7243 = FACE_OUTER_BOUND ( 'NONE', #560, .T. ) ;
#7244 = ORIENTED_EDGE ( 'NONE', *, *, #2228, .F. ) ;
#7245 = CYLINDRICAL_SURFACE ( 'NONE', #6645, 1.549999999999995826 ) ;
#7246 = DIRECTION ( 'NONE',  ( 0.000000000000000000, 0.000000000000000000, 1.000000000000000000 ) ) ;
#7247 = CARTESIAN_POINT ( 'NONE',  ( 0.000000000000000000, -57.15000000000000568, 6.349999999999999645 ) ) ;
#7248 = ORIENTED_EDGE ( 'NONE', *, *, #6535, .T. ) ;
#7249 = CARTESIAN_POINT ( 'NONE',  ( 283.3000000000000114, -5.400000000000013678, 6.349999999999999645 ) ) ;
#7250 = ORIENTED_EDGE ( 'NONE', *, *, #4402, .T. ) ;
#7251 = LINE ( 'NONE', #6427, #9989 ) ;
#7252 = DIRECTION ( 'NONE',  ( -0.000000000000000000, -0.000000000000000000, -1.000000000000000000 ) ) ;
#7253 = EDGE_CURVE ( 'NONE', #218, #9913, #8087, .T. ) ;
#7254 = CARTESIAN_POINT ( 'NONE',  ( 201.7500000000001421, -72.05000000000008242, 6.349999999999999645 ) ) ;
#7255 = DIRECTION ( 'NONE',  ( 1.000000000000000000, 0.000000000000000000, 0.000000000000000000 ) ) ;
#7256 = ORIENTED_EDGE ( 'NONE', *, *, #10460, .T. ) ;
#7257 = CARTESIAN_POINT ( 'NONE',  ( 61.75000000000007816, 72.05000000000005400, 6.349999999999999645 ) ) ;
#7258 = ORIENTED_EDGE ( 'NONE', *, *, #2013, .T. ) ;
#7259 = DIRECTION ( 'NONE',  ( -0.000000000000000000, -0.000000000000000000, -1.000000000000000000 ) ) ;
#7260 = CARTESIAN_POINT ( 'NONE',  ( 71.75000000000011369, -32.05000000000007532, 6.349999999999999645 ) ) ;
#7261 = DIRECTION ( 'NONE',  ( -1.000000000000000000, 0.000000000000000000, 0.000000000000000000 ) ) ;
#7262 = CARTESIAN_POINT ( 'NONE',  ( 110.2000000000000739, 72.05000000000005400, 6.349999999999999645 ) ) ;
#7263 = ORIENTED_EDGE ( 'NONE', *, *, #6217, .T. ) ;
#7264 = ADVANCED_FACE ( 'NONE', ( #7590 ), #51, .F. ) ;
#7265 = AXIS2_PLACEMENT_3D ( 'NONE', #764, #4160, #7518 ) ;
#7266 = DIRECTION ( 'NONE',  ( -1.000000000000000000, 0.000000000000000000, 0.000000000000000000 ) ) ;
#7267 = VERTEX_POINT ( 'NONE', #10179 ) ;
#7268 = LINE ( 'NONE', #5460, #10862 ) ;
#7269 = ORIENTED_EDGE ( 'NONE', *, *, #6755, .T. ) ;
#7270 = ORIENTED_EDGE ( 'NONE', *, *, #9199, .F. ) ;
#7271 = CARTESIAN_POINT ( 'NONE',  ( 300.2000000000000455, 5.399999999999998579, 6.349999999999999645 ) ) ;
#7272 = DIRECTION ( 'NONE',  ( -1.000000000000000000, 0.000000000000000000, 0.000000000000000000 ) ) ;
#7273 = FACE_BOUND ( 'NONE', #6558, .T. ) ;
#7274 = AXIS2_PLACEMENT_3D ( 'NONE', #4846, #10877, #4201 ) ;
#7275 = ORIENTED_EDGE ( 'NONE', *, *, #435, .F. ) ;
#7276 = VECTOR ( 'NONE', #1553, 1000.000000000000000 ) ;
#7277 = CARTESIAN_POINT ( 'NONE',  ( 191.7499999999999716, 20.00000000000000355, 6.349999999999999645 ) ) ;
#7278 = ADVANCED_FACE ( 'NONE', ( #9952 ), #5982, .T. ) ;
#7279 = EDGE_CURVE ( 'NONE', #1368, #9606, #5439, .T. ) ;
#7280 = DIRECTION ( 'NONE',  ( -1.000000000000000000, 0.000000000000000000, 0.000000000000000000 ) ) ;
#7281 = VECTOR ( 'NONE', #7945, 1000.000000000000000 ) ;
#7282 = VECTOR ( 'NONE', #10716, 1000.000000000000000 ) ;
#7283 = LINE ( 'NONE', #3091, #10217 ) ;
#7284 = LINE ( 'NONE', #10612, #8586 ) ;
#7285 = ORIENTED_EDGE ( 'NONE', *, *, #8362, .F. ) ;
#7286 = ORIENTED_EDGE ( 'NONE', *, *, #2364, .T. ) ;
#7287 = DIRECTION ( 'NONE',  ( -1.000000000000000000, 0.000000000000000000, 0.000000000000000000 ) ) ;
#7288 = DIRECTION ( 'NONE',  ( -1.000000000000000000, 0.000000000000000000, -0.000000000000000000 ) ) ;
#7289 = ORIENTED_EDGE ( 'NONE', *, *, #9040, .F. ) ;
#7290 = DIRECTION ( 'NONE',  ( -0.000000000000000000, -0.000000000000000000, -1.000000000000000000 ) ) ;
#7291 = DIRECTION ( 'NONE',  ( -1.000000000000000000, 0.000000000000000000, 0.000000000000000000 ) ) ;
#7292 = ORIENTED_EDGE ( 'NONE', *, *, #136, .F. ) ;
#7293 = CARTESIAN_POINT ( 'NONE',  ( 103.3000000000000682, 32.05000000000005400, 6.349999999999999645 ) ) ;
#7294 = CIRCLE ( 'NONE', #6776, 1.549999999999988942 ) ;
#7295 = EDGE_CURVE ( 'NONE', #365, #7981, #3336, .T. ) ;
#7296 = EDGE_CURVE ( 'NONE', #4662, #5125, #9673, .T. ) ;
#7297 = CARTESIAN_POINT ( 'NONE',  ( 53.30000000000008242, -19.99999999999992184, 6.349999999999999645 ) ) ;
#7298 = CARTESIAN_POINT ( 'NONE',  ( 143.3000000000000966, -32.05000000000007532, 6.349999999999999645 ) ) ;
#7299 = ORIENTED_EDGE ( 'NONE', *, *, #105, .T. ) ;
#7300 = ORIENTED_EDGE ( 'NONE', *, *, #6085, .F. ) ;
#7301 = DIRECTION ( 'NONE',  ( 0.000000000000000000, 1.000000000000000000, 0.000000000000000000 ) ) ;
#7302 = EDGE_CURVE ( 'NONE', #951, #6303, #9184, .T. ) ;
#7303 = ORIENTED_EDGE ( 'NONE', *, *, #7633, .T. ) ;
#7304 = CARTESIAN_POINT ( 'NONE',  ( 140.2000000000000739, 72.05000000000005400, 6.349999999999999645 ) ) ;
#7305 = LINE ( 'NONE', #4988, #9055 ) ;
#7306 = CARTESIAN_POINT ( 'NONE',  ( 170.2000000000001023, -19.99999999999992184, 6.349999999999999645 ) ) ;
#7307 = CARTESIAN_POINT ( 'NONE',  ( 100.2000000000001307, -32.05000000000007532, 0.000000000000000000 ) ) ;
#7308 = CARTESIAN_POINT ( 'NONE',  ( 213.3000000000000682, 32.05000000000005400, 6.349999999999999645 ) ) ;
#7309 = ORIENTED_EDGE ( 'NONE', *, *, #5123, .T. ) ;
#7310 = ADVANCED_FACE ( 'NONE', ( #1657 ), #1776, .F. ) ;
#7311 = DIRECTION ( 'NONE',  ( -1.387778780781445676E-15, 1.000000000000000000, -0.000000000000000000 ) ) ;
#7312 = ORIENTED_EDGE ( 'NONE', *, *, #6834, .F. ) ;
#7313 = LINE ( 'NONE', #3022, #3677 ) ;
#7314 = LINE ( 'NONE', #3184, #5185 ) ;
#7315 = CARTESIAN_POINT ( 'NONE',  ( 161.7499999999999716, -20.00000000000003197, 6.349999999999999645 ) ) ;
#7316 = DIRECTION ( 'NONE',  ( 1.000000000000000000, 0.000000000000000000, 0.000000000000000000 ) ) ;
#7317 = EDGE_LOOP ( 'NONE', ( #9119, #1075, #9181, #2418 ) ) ;
#7318 = CIRCLE ( 'NONE', #606, 1.549999999999995826 ) ;
#7319 = DIRECTION ( 'NONE',  ( -0.000000000000000000, -0.000000000000000000, -1.000000000000000000 ) ) ;
#7320 = ORIENTED_EDGE ( 'NONE', *, *, #5727, .T. ) ;
#7321 = EDGE_CURVE ( 'NONE', #834, #2303, #8409, .T. ) ;
#7322 = EDGE_CURVE ( 'NONE', #10262, #10279, #2252, .T. ) ;
#7323 = LINE ( 'NONE', #6505, #969 ) ;
#7324 = EDGE_LOOP ( 'NONE', ( #8499, #10740, #9458, #3929 ) ) ;
#7325 = ORIENTED_EDGE ( 'NONE', *, *, #1101, .T. ) ;
#7326 = CARTESIAN_POINT ( 'NONE',  ( 143.2999999999999829, 20.00000000000000355, 6.349999999999999645 ) ) ;
#7327 = AXIS2_PLACEMENT_3D ( 'NONE', #2671, #8577, #8197 ) ;
#7328 = VECTOR ( 'NONE', #8193, 1000.000000000000000 ) ;
#7329 = CARTESIAN_POINT ( 'NONE',  ( 113.3000000000001108, -32.05000000000007532, 6.349999999999999645 ) ) ;
#7330 = DIRECTION ( 'NONE',  ( 0.000000000000000000, 0.000000000000000000, 1.000000000000000000 ) ) ;
#7331 = ORIENTED_EDGE ( 'NONE', *, *, #4609, .T. ) ;
#7332 = LINE ( 'NONE', #8165, #7282 ) ;
#7333 = VECTOR ( 'NONE', #3172, 1000.000000000000000 ) ;
#7334 = CIRCLE ( 'NONE', #9991, 1.549999999999995826 ) ;
#7335 = LINE ( 'NONE', #10610, #3656 ) ;
#7336 = CIRCLE ( 'NONE', #3816, 1.549999999999988942 ) ;
#7337 = DIRECTION ( 'NONE',  ( 0.000000000000000000, 0.000000000000000000, 1.000000000000000000 ) ) ;
#7338 = DIRECTION ( 'NONE',  ( 0.000000000000000000, 0.000000000000000000, 1.000000000000000000 ) ) ;
#7339 = VERTEX_POINT ( 'NONE', #8733 ) ;
#7340 = ORIENTED_EDGE ( 'NONE', *, *, #8576, .T. ) ;
#7341 = DIRECTION ( 'NONE',  ( 0.000000000000000000, 0.000000000000000000, 1.000000000000000000 ) ) ;
#7342 = EDGE_CURVE ( 'NONE', #10086, #3539, #937, .T. ) ;
#7343 = EDGE_CURVE ( 'NONE', #939, #1608, #8680, .T. ) ;
#7344 = CARTESIAN_POINT ( 'NONE',  ( 51.75000000000008527, 32.05000000000005400, 6.349999999999999645 ) ) ;
#7345 = ORIENTED_EDGE ( 'NONE', *, *, #3551, .F. ) ;
#7346 = CARTESIAN_POINT ( 'NONE',  ( 200.2000000000001307, -32.05000000000007532, 6.349999999999999645 ) ) ;
#7347 = DIRECTION ( 'NONE',  ( -0.000000000000000000, -0.000000000000000000, -1.000000000000000000 ) ) ;
#7348 = ORIENTED_EDGE ( 'NONE', *, *, #8590, .T. ) ;
#7349 = AXIS2_PLACEMENT_3D ( 'NONE', #3421, #5676, #9053 ) ;
#7350 = VECTOR ( 'NONE', #5196, 1000.000000000000000 ) ;
#7351 = ORIENTED_EDGE ( 'NONE', *, *, #9485, .T. ) ;
#7352 = AXIS2_PLACEMENT_3D ( 'NONE', #3740, #10476, #1074 ) ;
#7353 = CARTESIAN_POINT ( 'NONE',  ( 33.29999999999999005, 20.00000000000000355, 6.349999999999999645 ) ) ;
#7354 = DIRECTION ( 'NONE',  ( -0.000000000000000000, -0.000000000000000000, -1.000000000000000000 ) ) ;
#7355 = ORIENTED_EDGE ( 'NONE', *, *, #1996, .T. ) ;
#7356 = ORIENTED_EDGE ( 'NONE', *, *, #8032, .T. ) ;
#7357 = VECTOR ( 'NONE', #8756, 1000.000000000000000 ) ;
#7358 = DIRECTION ( 'NONE',  ( 1.000000000000000000, 0.000000000000000000, 0.000000000000000000 ) ) ;
#7359 = EDGE_CURVE ( 'NONE', #3958, #5127, #839, .T. ) ;
#7360 = AXIS2_PLACEMENT_3D ( 'NONE', #3366, #2649, #3307 ) ;
#7361 = EDGE_CURVE ( 'NONE', #10591, #9226, #2721, .T. ) ;
#7362 = ORIENTED_EDGE ( 'NONE', *, *, #5041, .F. ) ;
#7363 = VECTOR ( 'NONE', #6376, 1000.000000000000000 ) ;
#7364 = DIRECTION ( 'NONE',  ( -1.000000000000000000, 0.000000000000000000, 0.000000000000000000 ) ) ;
#7365 = DIRECTION ( 'NONE',  ( -0.000000000000000000, -0.000000000000000000, -1.000000000000000000 ) ) ;
#7366 = CIRCLE ( 'NONE', #4558, 1.549999999999995826 ) ;
#7367 = AXIS2_PLACEMENT_3D ( 'NONE', #4411, #2014, #1910 ) ;
#7368 = CARTESIAN_POINT ( 'NONE',  ( 233.3000000000000114, 5.399999999999999467, 6.349999999999999645 ) ) ;
#7369 = AXIS2_PLACEMENT_3D ( 'NONE', #9690, #8907, #10677 ) ;
#7370 = DIRECTION ( 'NONE',  ( -0.000000000000000000, -0.000000000000000000, -1.000000000000000000 ) ) ;
#7371 = DIRECTION ( 'NONE',  ( -0.000000000000000000, -0.000000000000000000, -1.000000000000000000 ) ) ;
#7372 = ORIENTED_EDGE ( 'NONE', *, *, #4823, .F. ) ;
#7373 = CARTESIAN_POINT ( 'NONE',  ( 163.3000000000000966, -19.99999999999992184, 6.349999999999999645 ) ) ;
#7374 = EDGE_LOOP ( 'NONE', ( #8025, #538, #5623, #1433 ) ) ;
#7375 = CARTESIAN_POINT ( 'NONE',  ( 231.7500000000000853, -45.40000000000004832, 6.349999999999999645 ) ) ;
#7376 = DIRECTION ( 'NONE',  ( -0.000000000000000000, -0.000000000000000000, -1.000000000000000000 ) ) ;
#7377 = AXIS2_PLACEMENT_3D ( 'NONE', #489, #6967, #5318 ) ;
#7378 = CARTESIAN_POINT ( 'NONE',  ( 273.3000000000000682, -5.400000000000019895, 0.000000000000000000 ) ) ;
#7379 = CARTESIAN_POINT ( 'NONE',  ( 93.30000000000008242, -19.99999999999992184, 6.349999999999999645 ) ) ;
#7380 = EDGE_LOOP ( 'NONE', ( #2265, #4229, #6717, #9161 ) ) ;
#7381 = CIRCLE ( 'NONE', #8631, 1.549999999999988942 ) ;
#7382 = EDGE_CURVE ( 'NONE', #3482, #10828, #161, .T. ) ;
#7383 = AXIS2_PLACEMENT_3D ( 'NONE', #10549, #5463, #6347 ) ;
#7384 = LINE ( 'NONE', #3136, #2963 ) ;
#7385 = AXIS2_PLACEMENT_3D ( 'NONE', #2858, #8090, #8704 ) ;
#7386 = EDGE_LOOP ( 'NONE', ( #964, #6772, #10501, #306 ) ) ;
#7387 = CIRCLE ( 'NONE', #9340, 1.549999999999995826 ) ;
#7388 = DIRECTION ( 'NONE',  ( -1.000000000000000000, 0.000000000000000000, 0.000000000000000000 ) ) ;
#7389 = ORIENTED_EDGE ( 'NONE', *, *, #4483, .F. ) ;
#7390 = ORIENTED_EDGE ( 'NONE', *, *, #1762, .T. ) ;
#7391 = DIRECTION ( 'NONE',  ( -0.000000000000000000, -0.000000000000000000, -1.000000000000000000 ) ) ;
#7392 = DIRECTION ( 'NONE',  ( -1.000000000000000000, 0.000000000000000000, 0.000000000000000000 ) ) ;
#7393 = DIRECTION ( 'NONE',  ( -0.000000000000000000, -0.000000000000000000, -1.000000000000000000 ) ) ;
#7394 = VERTEX_POINT ( 'NONE', #7852 ) ;
#7395 = EDGE_CURVE ( 'NONE', #4933, #8882, #1728, .T. ) ;
#7396 = CARTESIAN_POINT ( 'NONE',  ( 143.3000000000000682, 32.05000000000005400, 6.349999999999999645 ) ) ;
#7397 = DIRECTION ( 'NONE',  ( 0.000000000000000000, 0.000000000000000000, 1.000000000000000000 ) ) ;
#7398 = CYLINDRICAL_SURFACE ( 'NONE', #6262, 1.549999999999995826 ) ;
#7399 = EDGE_LOOP ( 'NONE', ( #9725, #4169, #3075, #9664 ) ) ;
#7400 = ORIENTED_EDGE ( 'NONE', *, *, #3991, .F. ) ;
#7401 = LINE ( 'NONE', #6461, #7026 ) ;
#7402 = CARTESIAN_POINT ( 'NONE',  ( 83.30000000000006821, 32.05000000000005400, 6.349999999999999645 ) ) ;
#7403 = ORIENTED_EDGE ( 'NONE', *, *, #2677, .F. ) ;
#7404 = CARTESIAN_POINT ( 'NONE',  ( 180.2000000000001023, -19.99999999999992184, 0.000000000000000000 ) ) ;
#7405 = FACE_OUTER_BOUND ( 'NONE', #852, .T. ) ;
#7406 = ORIENTED_EDGE ( 'NONE', *, *, #6602, .F. ) ;
#7407 = CARTESIAN_POINT ( 'NONE',  ( 33.30000000000011084, -32.05000000000007532, 6.349999999999999645 ) ) ;
#7408 = ORIENTED_EDGE ( 'NONE', *, *, #6068, .T. ) ;
#7409 = EDGE_CURVE ( 'NONE', #6837, #8763, #9456, .T. ) ;
#7410 = EDGE_CURVE ( 'NONE', #286, #2737, #2835, .T. ) ;
#7411 = DIRECTION ( 'NONE',  ( 1.040834085586084059E-15, -1.000000000000000000, 0.000000000000000000 ) ) ;
#7412 = DIRECTION ( 'NONE',  ( 1.000000000000000000, 0.000000000000000000, 0.000000000000000000 ) ) ;
#7413 = ORIENTED_EDGE ( 'NONE', *, *, #6441, .T. ) ;
#7414 = ORIENTED_EDGE ( 'NONE', *, *, #7409, .T. ) ;
#7415 = CARTESIAN_POINT ( 'NONE',  ( 281.7500000000000000, 45.39999999999999858, 0.000000000000000000 ) ) ;
#7416 = ORIENTED_EDGE ( 'NONE', *, *, #7144, .F. ) ;
#7417 = DIRECTION ( 'NONE',  ( 1.000000000000000000, 0.000000000000000000, 0.000000000000000000 ) ) ;
#7418 = CARTESIAN_POINT ( 'NONE',  ( 253.3000000000000114, 5.399999999999999467, 0.000000000000000000 ) ) ;
#7419 = EDGE_CURVE ( 'NONE', #6881, #7075, #7752, .T. ) ;
#7420 = EDGE_CURVE ( 'NONE', #315, #706, #5281, .T. ) ;
#7421 = EDGE_CURVE ( 'NONE', #6698, #6433, #3604, .T. ) ;
#7422 = AXIS2_PLACEMENT_3D ( 'NONE', #3571, #5891, #6052 ) ;
#7423 = DIRECTION ( 'NONE',  ( 0.000000000000000000, 0.000000000000000000, -1.000000000000000000 ) ) ;
#7424 = LINE ( 'NONE', #2175, #2754 ) ;
#7425 = ORIENTED_EDGE ( 'NONE', *, *, #5150, .T. ) ;
#7426 = DIRECTION ( 'NONE',  ( -0.000000000000000000, -0.000000000000000000, -1.000000000000000000 ) ) ;
#7427 = EDGE_LOOP ( 'NONE', ( #5668, #4073, #1621, #7583 ) ) ;
#7428 = CYLINDRICAL_SURFACE ( 'NONE', #5926, 1.549999999999988942 ) ;
#7429 = ORIENTED_EDGE ( 'NONE', *, *, #2687, .F. ) ;
#7430 = DIRECTION ( 'NONE',  ( -0.000000000000000000, -0.000000000000000000, -1.000000000000000000 ) ) ;
#7431 = FACE_OUTER_BOUND ( 'NONE', #5852, .T. ) ;
#7432 = DIRECTION ( 'NONE',  ( 0.000000000000000000, 0.000000000000000000, 1.000000000000000000 ) ) ;
#7433 = CARTESIAN_POINT ( 'NONE',  ( 300.2000000000000455, 45.39999999999999858, 6.349999999999999645 ) ) ;
#7434 = ORIENTED_EDGE ( 'NONE', *, *, #10866, .F. ) ;
#7435 = EDGE_CURVE ( 'NONE', #9475, #9210, #8807, .T. ) ;
#7436 = EDGE_CURVE ( 'NONE', #6752, #5311, #1152, .T. ) ;
#7437 = VERTEX_POINT ( 'NONE', #326 ) ;
#7438 = CARTESIAN_POINT ( 'NONE',  ( 283.3000000000000114, 45.40000000000000568, 6.349999999999999645 ) ) ;
#7439 = VERTEX_POINT ( 'NONE', #7800 ) ;
#7440 = VERTEX_POINT ( 'NONE', #5314 ) ;
#7441 = CARTESIAN_POINT ( 'NONE',  ( 170.2000000000001023, -19.99999999999992184, 6.349999999999999645 ) ) ;
#7442 = DIRECTION ( 'NONE',  ( 3.469446951953613696E-16, -1.000000000000000000, -0.000000000000000000 ) ) ;
#7443 = FACE_BOUND ( 'NONE', #6802, .T. ) ;
#7444 = EDGE_LOOP ( 'NONE', ( #5863, #8274, #10428, #9186 ) ) ;
#7445 = LINE ( 'NONE', #10103, #8061 ) ;
#7446 = DIRECTION ( 'NONE',  ( -0.000000000000000000, -0.000000000000000000, -1.000000000000000000 ) ) ;
#7447 = VECTOR ( 'NONE', #8690, 1000.000000000000000 ) ;
#7448 = PLANE ( 'NONE',  #7163 ) ;
#7449 = ORIENTED_EDGE ( 'NONE', *, *, #3535, .T. ) ;
#7450 = ORIENTED_EDGE ( 'NONE', *, *, #4512, .T. ) ;
#7451 = LINE ( 'NONE', #3256, #9497 ) ;
#7452 = VECTOR ( 'NONE', #9121, 1000.000000000000000 ) ;
#7453 = EDGE_CURVE ( 'NONE', #1426, #10812, #5795, .T. ) ;
#7454 = DIRECTION ( 'NONE',  ( -1.000000000000000000, 0.000000000000000000, 0.000000000000000000 ) ) ;
#7455 = ORIENTED_EDGE ( 'NONE', *, *, #6768, .T. ) ;
#7456 = DIRECTION ( 'NONE',  ( 0.000000000000000000, 1.000000000000000000, 0.000000000000000000 ) ) ;
#7457 = CARTESIAN_POINT ( 'NONE',  ( 203.3000000000001535, -72.05000000000008242, 0.000000000000000000 ) ) ;
#7458 = ORIENTED_EDGE ( 'NONE', *, *, #10930, .F. ) ;
#7459 = DIRECTION ( 'NONE',  ( -0.000000000000000000, -0.000000000000000000, -1.000000000000000000 ) ) ;
#7460 = VERTEX_POINT ( 'NONE', #6143 ) ;
#7461 = AXIS2_PLACEMENT_3D ( 'NONE', #10399, #2830, #9350 ) ;
#7462 = VECTOR ( 'NONE', #6869, 1000.000000000000000 ) ;
#7463 = CARTESIAN_POINT ( 'NONE',  ( 120.7857146142317504, 30.31245605000008680, 6.349999999999999645 ) ) ;
#7464 = FACE_OUTER_BOUND ( 'NONE', #2324, .T. ) ;
#7465 = ORIENTED_EDGE ( 'NONE', *, *, #7707, .F. ) ;
#7466 = ORIENTED_EDGE ( 'NONE', *, *, #6618, .F. ) ;
#7467 = CARTESIAN_POINT ( 'NONE',  ( 313.3000000000000682, -45.39999999999999147, 0.000000000000000000 ) ) ;
#7468 = ADVANCED_FACE ( 'NONE', ( #3715 ), #8569, .T. ) ;
#7469 = EDGE_CURVE ( 'NONE', #9982, #4600, #9612, .T. ) ;
#7470 = ORIENTED_EDGE ( 'NONE', *, *, #7204, .F. ) ;
#7471 = AXIS2_PLACEMENT_3D ( 'NONE', #2915, #5397, #3862 ) ;
#7472 = CIRCLE ( 'NONE', #2532, 1.549999999999995826 ) ;
#7473 = CARTESIAN_POINT ( 'NONE',  ( 31.75000000000000000, -82.55000000000001137, 0.000000000000000000 ) ) ;
#7474 = DIRECTION ( 'NONE',  ( 1.000000000000000000, 0.000000000000000000, 0.000000000000000000 ) ) ;
#7475 = CIRCLE ( 'NONE', #9772, 1.549999999999995826 ) ;
#7476 = PLANE ( 'NONE',  #3675 ) ;
#7477 = DIRECTION ( 'NONE',  ( -0.000000000000000000, -1.000000000000000000, -0.000000000000000000 ) ) ;
#7478 = ORIENTED_EDGE ( 'NONE', *, *, #7615, .F. ) ;
#7479 = FACE_OUTER_BOUND ( 'NONE', #3630, .T. ) ;
#7480 = ORIENTED_EDGE ( 'NONE', *, *, #6341, .T. ) ;
#7481 = DIRECTION ( 'NONE',  ( -0.000000000000000000, -0.000000000000000000, -1.000000000000000000 ) ) ;
#7482 = ORIENTED_EDGE ( 'NONE', *, *, #9249, .F. ) ;
#7483 = CARTESIAN_POINT ( 'NONE',  ( 240.2000000000000739, -5.400000000000042100, 6.349999999999999645 ) ) ;
#7484 = DIRECTION ( 'NONE',  ( 0.000000000000000000, 0.000000000000000000, 1.000000000000000000 ) ) ;
#7485 = EDGE_CURVE ( 'NONE', #5915, #10289, #7691, .T. ) ;
#7486 = EDGE_CURVE ( 'NONE', #4577, #2972, #2666, .T. ) ;
#7487 = CARTESIAN_POINT ( 'NONE',  ( 283.3000000000000114, 5.399999999999999467, 0.000000000000000000 ) ) ;
#7488 = FACE_OUTER_BOUND ( 'NONE', #5156, .T. ) ;
#7489 = VERTEX_POINT ( 'NONE', #1212 ) ;
#7490 = DIRECTION ( 'NONE',  ( -0.000000000000000000, -0.000000000000000000, -1.000000000000000000 ) ) ;
#7491 = CYLINDRICAL_SURFACE ( 'NONE', #467, 1.549999999999995826 ) ;
#7492 = VERTEX_POINT ( 'NONE', #5517 ) ;
#7493 = DIRECTION ( 'NONE',  ( 6.938893903907227392E-16, -1.000000000000000000, 0.000000000000000000 ) ) ;
#7494 = ORIENTED_EDGE ( 'NONE', *, *, #4248, .F. ) ;
#7495 = ORIENTED_EDGE ( 'NONE', *, *, #1586, .T. ) ;
#7496 = DIRECTION ( 'NONE',  ( -1.000000000000000000, -6.938893903907227392E-16, 0.000000000000000000 ) ) ;
#7497 = EDGE_CURVE ( 'NONE', #706, #4805, #7283, .T. ) ;
#7498 = EDGE_CURVE ( 'NONE', #7957, #10007, #3763, .T. ) ;
#7499 = LINE ( 'NONE', #2693, #7175 ) ;
#7500 = CARTESIAN_POINT ( 'NONE',  ( 20.26000000000000156, -20.00000000000000000, 6.349999999999999645 ) ) ;
#7501 = ORIENTED_EDGE ( 'NONE', *, *, #4400, .F. ) ;
#7502 = AXIS2_PLACEMENT_3D ( 'NONE', #6791, #2540, #2365 ) ;
#7503 = CARTESIAN_POINT ( 'NONE',  ( 63.30000000000010374, -32.05000000000007532, 6.349999999999999645 ) ) ;
#7504 = CARTESIAN_POINT ( 'NONE',  ( 190.2000000000001023, -19.99999999999992184, 0.000000000000000000 ) ) ;
#7506 = DIRECTION ( 'NONE',  ( -0.000000000000000000, -0.000000000000000000, -1.000000000000000000 ) ) ;
#7505 = AXIS2_PLACEMENT_3D ( 'NONE', #3081, #8051, #3029 ) ;
#7507 = VERTEX_POINT ( 'NONE', #5570 ) ;
#7508 = VECTOR ( 'NONE', #5052, 1000.000000000000000 ) ;
#7509 = DIRECTION ( 'NONE',  ( -0.000000000000000000, -0.000000000000000000, -1.000000000000000000 ) ) ;
#7510 = ORIENTED_EDGE ( 'NONE', *, *, #6996, .T. ) ;
#7511 = ORIENTED_EDGE ( 'NONE', *, *, #3586, .T. ) ;
#7512 = CARTESIAN_POINT ( 'NONE',  ( 270.1999999999999886, 5.399999999999998579, 6.349999999999999645 ) ) ;
#7513 = DIRECTION ( 'NONE',  ( 0.000000000000000000, 0.000000000000000000, 1.000000000000000000 ) ) ;
#7514 = ORIENTED_EDGE ( 'NONE', *, *, #5879, .F. ) ;
#7515 = LINE ( 'NONE', #9945, #8591 ) ;
#7516 = DIRECTION ( 'NONE',  ( 1.000000000000000000, 0.000000000000000000, 0.000000000000000000 ) ) ;
#7517 = ORIENTED_EDGE ( 'NONE', *, *, #2404, .T. ) ;
#7518 = DIRECTION ( 'NONE',  ( 1.000000000000000000, 0.000000000000000000, 0.000000000000000000 ) ) ;
#7519 = VECTOR ( 'NONE', #5430, 1000.000000000000000 ) ;
#7520 = VECTOR ( 'NONE', #6174, 1000.000000000000000 ) ;
#7521 = ORIENTED_EDGE ( 'NONE', *, *, #9761, .T. ) ;
#7522 = VECTOR ( 'NONE', #7694, 1000.000000000000000 ) ;
#7523 = EDGE_CURVE ( 'NONE', #1573, #9259, #4643, .T. ) ;
#7524 = CARTESIAN_POINT ( 'NONE',  ( 63.30000000000010374, -32.05000000000007532, 6.349999999999999645 ) ) ;
#7525 = VECTOR ( 'NONE', #7426, 1000.000000000000000 ) ;
#7526 = CARTESIAN_POINT ( 'NONE',  ( 213.3000000000001535, -72.05000000000008242, 0.000000000000000000 ) ) ;
#7527 = ORIENTED_EDGE ( 'NONE', *, *, #6353, .T. ) ;
#7528 = EDGE_LOOP ( 'NONE', ( #5256, #4159, #9233, #5317 ) ) ;
#7529 = DIRECTION ( 'NONE',  ( -0.000000000000000000, -0.000000000000000000, -1.000000000000000000 ) ) ;
#7530 = VECTOR ( 'NONE', #2150, 1000.000000000000000 ) ;
#7531 = ORIENTED_EDGE ( 'NONE', *, *, #993, .T. ) ;
#7532 = VECTOR ( 'NONE', #7077, 1000.000000000000000 ) ;
#7533 = CARTESIAN_POINT ( 'NONE',  ( 291.7500000000000568, -5.400000000000007461, 6.349999999999999645 ) ) ;
#7534 = FACE_OUTER_BOUND ( 'NONE', #7028, .T. ) ;
#7535 = CIRCLE ( 'NONE', #8946, 1.549999999999995826 ) ;
#7536 = VECTOR ( 'NONE', #1371, 1000.000000000000000 ) ;
#7537 = EDGE_CURVE ( 'NONE', #4631, #3489, #496, .T. ) ;
#7538 = DIRECTION ( 'NONE',  ( -1.000000000000000000, 0.000000000000000000, 0.000000000000000000 ) ) ;
#7539 = CIRCLE ( 'NONE', #3840, 1.549999999999995826 ) ;
#7540 = CARTESIAN_POINT ( 'NONE',  ( 91.75000000000008527, 32.05000000000005400, 6.349999999999999645 ) ) ;
#7541 = ORIENTED_EDGE ( 'NONE', *, *, #9188, .T. ) ;
#7542 = DIRECTION ( 'NONE',  ( 0.000000000000000000, 0.000000000000000000, 1.000000000000000000 ) ) ;
#7543 = VERTEX_POINT ( 'NONE', #2262 ) ;
#7544 = AXIS2_PLACEMENT_3D ( 'NONE', #10587, #9798, #10688 ) ;
#7545 = EDGE_CURVE ( 'NONE', #3093, #7065, #7119, .T. ) ;
#7546 = CARTESIAN_POINT ( 'NONE',  ( 93.30000000000006821, 72.05000000000005400, 6.349999999999999645 ) ) ;
#7547 = VERTEX_POINT ( 'NONE', #5417 ) ;
#7548 = DIRECTION ( 'NONE',  ( -1.000000000000000000, 0.000000000000000000, 0.000000000000000000 ) ) ;
#7549 = ORIENTED_EDGE ( 'NONE', *, *, #6260, .T. ) ;
#7550 = DIRECTION ( 'NONE',  ( 0.000000000000000000, 0.000000000000000000, 1.000000000000000000 ) ) ;
#7551 = CARTESIAN_POINT ( 'NONE',  ( 143.3000000000001535, -72.05000000000008242, 6.349999999999999645 ) ) ;
#7552 = ORIENTED_EDGE ( 'NONE', *, *, #84, .F. ) ;
#7553 = VECTOR ( 'NONE', #9649, 1000.000000000000000 ) ;
#7554 = AXIS2_PLACEMENT_3D ( 'NONE', #9152, #789, #7716 ) ;
#7555 = VECTOR ( 'NONE', #10787, 1000.000000000000000 ) ;
#7556 = EDGE_CURVE ( 'NONE', #219, #10200, #10611, .T. ) ;
#7557 = DIRECTION ( 'NONE',  ( -1.000000000000000000, 0.000000000000000000, 0.000000000000000000 ) ) ;
#7558 = EDGE_CURVE ( 'NONE', #8174, #5663, #8448, .T. ) ;
#7559 = CARTESIAN_POINT ( 'NONE',  ( 230.2000000000000171, 5.399999999999998579, 0.000000000000000000 ) ) ;
#7560 = CIRCLE ( 'NONE', #9151, 1.549999999999988942 ) ;
#7561 = EDGE_LOOP ( 'NONE', ( #669, #7696, #195, #6908 ) ) ;
#7562 = DIRECTION ( 'NONE',  ( -0.000000000000000000, -0.000000000000000000, -1.000000000000000000 ) ) ;
#7563 = EDGE_LOOP ( 'NONE', ( #10710, #6241, #10073, #4241 ) ) ;
#7564 = DIRECTION ( 'NONE',  ( 0.000000000000000000, 0.000000000000000000, 1.000000000000000000 ) ) ;
#7565 = VECTOR ( 'NONE', #3660, 1000.000000000000000 ) ;
#7566 = PLANE ( 'NONE',  #10544 ) ;
#7567 = DIRECTION ( 'NONE',  ( 1.000000000000000000, 0.000000000000000000, 0.000000000000000000 ) ) ;
#7568 = ORIENTED_EDGE ( 'NONE', *, *, #10460, .F. ) ;
#7569 = CARTESIAN_POINT ( 'NONE',  ( 173.3000000000000966, -19.99999999999992184, 6.349999999999999645 ) ) ;
#7570 = CIRCLE ( 'NONE', #10043, 1.549999999999995826 ) ;
#7571 = ADVANCED_FACE ( 'NONE', ( #5630 ), #6403, .F. ) ;
#7572 = EDGE_CURVE ( 'NONE', #1936, #6002, #9722, .T. ) ;
#7573 = EDGE_CURVE ( 'NONE', #1171, #4819, #5615, .T. ) ;
#7574 = DIRECTION ( 'NONE',  ( 1.000000000000000000, 0.000000000000000000, 0.000000000000000000 ) ) ;
#7575 = AXIS2_PLACEMENT_3D ( 'NONE', #87, #5301, #8667 ) ;
#7576 = DIRECTION ( 'NONE',  ( -0.000000000000000000, -0.000000000000000000, -1.000000000000000000 ) ) ;
#7577 = VERTEX_POINT ( 'NONE', #2145 ) ;
#7578 = CARTESIAN_POINT ( 'NONE',  ( 40.20000000000012363, -32.05000000000007532, 6.349999999999999645 ) ) ;
#7579 = ORIENTED_EDGE ( 'NONE', *, *, #9374, .T. ) ;
#7580 = ORIENTED_EDGE ( 'NONE', *, *, #4936, .T. ) ;
#7581 = CARTESIAN_POINT ( 'NONE',  ( 100.2000000000000881, 32.05000000000005400, 6.349999999999999645 ) ) ;
#7582 = CARTESIAN_POINT ( 'NONE',  ( 342.4714292284635349, -50.79999999999998295, 6.349999999999999645 ) ) ;
#7583 = ORIENTED_EDGE ( 'NONE', *, *, #7016, .T. ) ;
#7584 = CARTESIAN_POINT ( 'NONE',  ( 33.30000000000008242, -19.99999999999992184, 6.349999999999999645 ) ) ;
#7585 = DIRECTION ( 'NONE',  ( 0.000000000000000000, 0.000000000000000000, -1.000000000000000000 ) ) ;
#7586 = ORIENTED_EDGE ( 'NONE', *, *, #4953, .T. ) ;
#7587 = CYLINDRICAL_SURFACE ( 'NONE', #917, 1.549999999999995826 ) ;
#7588 = ORIENTED_EDGE ( 'NONE', *, *, #3525, .T. ) ;
#7589 = EDGE_CURVE ( 'NONE', #8522, #977, #5099, .T. ) ;
#7590 = FACE_OUTER_BOUND ( 'NONE', #5043, .T. ) ;
#7591 = CARTESIAN_POINT ( 'NONE',  ( 8.709999999999995524, 20.00000000000000000, 0.000000000000000000 ) ) ;
#7592 = ORIENTED_EDGE ( 'NONE', *, *, #1235, .F. ) ;
#7593 = ORIENTED_EDGE ( 'NONE', *, *, #3780, .T. ) ;
#7594 = CARTESIAN_POINT ( 'NONE',  ( 51.75000000000000711, -20.00000000000003197, 0.000000000000000000 ) ) ;
#7595 = ORIENTED_EDGE ( 'NONE', *, *, #4595, .T. ) ;
#7596 = FACE_OUTER_BOUND ( 'NONE', #7619, .T. ) ;
#7597 = CARTESIAN_POINT ( 'NONE',  ( 223.3000000000000682, 32.05000000000005400, 6.349999999999999645 ) ) ;
#7598 = LINE ( 'NONE', #5877, #5964 ) ;
#7599 = CARTESIAN_POINT ( 'NONE',  ( 251.7500000000000853, -5.400000000000034994, 0.000000000000000000 ) ) ;
#7600 = EDGE_LOOP ( 'NONE', ( #3323, #8550, #5854, #8731 ) ) ;
#7601 = CYLINDRICAL_SURFACE ( 'NONE', #8244, 1.549999999999995826 ) ;
#7602 = VERTEX_POINT ( 'NONE', #8171 ) ;
#7603 = ORIENTED_EDGE ( 'NONE', *, *, #8646, .F. ) ;
#7604 = CARTESIAN_POINT ( 'NONE',  ( 311.7500000000000000, -5.399999999999991473, 6.349999999999999645 ) ) ;
#7605 = EDGE_LOOP ( 'NONE', ( #6072, #6065, #7299, #10400 ) ) ;
#7606 = EDGE_CURVE ( 'NONE', #10505, #1739, #7177, .T. ) ;
#7607 = DIRECTION ( 'NONE',  ( -6.938893903907227392E-16, 1.000000000000000000, -0.000000000000000000 ) ) ;
#7608 = CARTESIAN_POINT ( 'NONE',  ( 30.20000000000008811, 32.05000000000005400, 0.000000000000000000 ) ) ;
#7609 = CARTESIAN_POINT ( 'NONE',  ( 93.30000000000011084, -32.05000000000007532, 6.349999999999999645 ) ) ;
#7610 = DIRECTION ( 'NONE',  ( -0.000000000000000000, -0.000000000000000000, -1.000000000000000000 ) ) ;
#7611 = ORIENTED_EDGE ( 'NONE', *, *, #5537, .T. ) ;
#7612 = DIRECTION ( 'NONE',  ( 0.000000000000000000, 0.000000000000000000, 1.000000000000000000 ) ) ;
#7613 = VERTEX_POINT ( 'NONE', #8063 ) ;
#7614 = CARTESIAN_POINT ( 'NONE',  ( 33.30000000000006821, 32.05000000000005400, 6.349999999999999645 ) ) ;
#7615 = EDGE_CURVE ( 'NONE', #9709, #8276, #1372, .T. ) ;
#7616 = EDGE_CURVE ( 'NONE', #5799, #4051, #2261, .T. ) ;
#7617 = DIRECTION ( 'NONE',  ( 0.000000000000000000, 0.000000000000000000, 1.000000000000000000 ) ) ;
#7618 = CARTESIAN_POINT ( 'NONE',  ( 220.2000000000001307, 32.05000000000005400, 6.349999999999999645 ) ) ;
#7619 = EDGE_LOOP ( 'NONE', ( #3146, #5680, #713, #791 ) ) ;
#7620 = FACE_OUTER_BOUND ( 'NONE', #5038, .T. ) ;
#7621 = FACE_OUTER_BOUND ( 'NONE', #10282, .T. ) ;
#7622 = CARTESIAN_POINT ( 'NONE',  ( 70.20000000000010232, -19.99999999999992184, 6.349999999999999645 ) ) ;
#7623 = VERTEX_POINT ( 'NONE', #2996 ) ;
#7624 = CARTESIAN_POINT ( 'NONE',  ( 211.7500000000000000, 20.00000000000000355, 0.000000000000000000 ) ) ;
#7625 = VERTEX_POINT ( 'NONE', #6355 ) ;
#7626 = EDGE_LOOP ( 'NONE', ( #4454, #3082, #1925, #9357 ) ) ;
#7627 = DIRECTION ( 'NONE',  ( -0.000000000000000000, -0.000000000000000000, -1.000000000000000000 ) ) ;
#7628 = CARTESIAN_POINT ( 'NONE',  ( 141.7500000000000000, 20.00000000000000355, 0.000000000000000000 ) ) ;
#7629 = VERTEX_POINT ( 'NONE', #10498 ) ;
#7630 = DIRECTION ( 'NONE',  ( 1.040834085586084059E-15, -1.000000000000000000, 0.000000000000000000 ) ) ;
#7631 = FACE_OUTER_BOUND ( 'NONE', #9852, .T. ) ;
#7632 = VERTEX_POINT ( 'NONE', #3152 ) ;
#7633 = EDGE_CURVE ( 'NONE', #7267, #4000, #3690, .T. ) ;
#7634 = EDGE_CURVE ( 'NONE', #4051, #10851, #9674, .T. ) ;
#7635 = DIRECTION ( 'NONE',  ( -0.000000000000000000, -0.000000000000000000, -1.000000000000000000 ) ) ;
#7636 = ORIENTED_EDGE ( 'NONE', *, *, #3874, .T. ) ;
#7637 =( GEOMETRIC_REPRESENTATION_CONTEXT ( 3 ) GLOBAL_UNCERTAINTY_ASSIGNED_CONTEXT ( ( #3295 ) ) GLOBAL_UNIT_ASSIGNED_CONTEXT ( ( #5362, #7017, #7115 ) ) REPRESENTATION_CONTEXT ( 'NONE', 'WORKASPACE' ) );
#7638 = CARTESIAN_POINT ( 'NONE',  ( 93.30000000000011084, -32.05000000000007532, 6.349999999999999645 ) ) ;
#7639 = DIRECTION ( 'NONE',  ( 1.000000000000000000, 3.469446951953620598E-16, -0.000000000000000000 ) ) ;
#7640 = ORIENTED_EDGE ( 'NONE', *, *, #9718, .T. ) ;
#7641 = ORIENTED_EDGE ( 'NONE', *, *, #1506, .T. ) ;
#7642 = LINE ( 'NONE', #892, #7462 ) ;
#7643 = ORIENTED_EDGE ( 'NONE', *, *, #666, .T. ) ;
#7644 = LINE ( 'NONE', #6812, #408 ) ;
#7645 = EDGE_CURVE ( 'NONE', #1629, #4982, #7234, .T. ) ;
#7646 = ADVANCED_FACE ( 'NONE', ( #2424 ), #9996, .F. ) ;
#7647 = DIRECTION ( 'NONE',  ( -0.000000000000000000, -0.000000000000000000, -1.000000000000000000 ) ) ;
#7649 = CARTESIAN_POINT ( 'NONE',  ( 250.2000000000001023, -45.40000000000003411, 0.000000000000000000 ) ) ;
#7648 = AXIS2_PLACEMENT_3D ( 'NONE', #1047, #6958, #4435 ) ;
#7650 = DIRECTION ( 'NONE',  ( -0.000000000000000000, -0.000000000000000000, -1.000000000000000000 ) ) ;
#7651 = EDGE_CURVE ( 'NONE', #924, #8639, #9333, .T. ) ;
#7652 = VECTOR ( 'NONE', #9919, 1000.000000000000000 ) ;
#7653 = CARTESIAN_POINT ( 'NONE',  ( 83.30000000000008242, -19.99999999999992184, 6.349999999999999645 ) ) ;
#7654 = VERTEX_POINT ( 'NONE', #3252 ) ;
#7656 = VECTOR ( 'NONE', #3448, 1000.000000000000000 ) ;
#7655 = LINE ( 'NONE', #6102, #5942 ) ;
#7657 = ORIENTED_EDGE ( 'NONE', *, *, #370, .T. ) ;
#7658 = DIRECTION ( 'NONE',  ( 1.387778780781445478E-15, -1.000000000000000000, 0.000000000000000000 ) ) ;
#7659 = ORIENTED_EDGE ( 'NONE', *, *, #4721, .T. ) ;
#7660 = DIRECTION ( 'NONE',  ( -1.000000000000000000, 0.000000000000000000, 0.000000000000000000 ) ) ;
#7661 = DIRECTION ( 'NONE',  ( -0.000000000000000000, -0.000000000000000000, -1.000000000000000000 ) ) ;
#7662 = ORIENTED_EDGE ( 'NONE', *, *, #7144, .T. ) ;
#7663 = VECTOR ( 'NONE', #943, 1000.000000000000000 ) ;
#7664 = DIRECTION ( 'NONE',  ( 1.000000000000000000, 6.938893903907227392E-16, -0.000000000000000000 ) ) ;
#7665 = ADVANCED_FACE ( 'NONE', ( #4042 ), #2310, .F. ) ;
#7666 = ORIENTED_EDGE ( 'NONE', *, *, #2155, .F. ) ;
#7667 = LINE ( 'NONE', #3629, #9100 ) ;
#7668 = ORIENTED_EDGE ( 'NONE', *, *, #2311, .T. ) ;
#7669 = CARTESIAN_POINT ( 'NONE',  ( 310.2000000000000455, 45.39999999999999858, 0.000000000000000000 ) ) ;
#7670 = DIRECTION ( 'NONE',  ( -0.000000000000000000, -0.000000000000000000, -1.000000000000000000 ) ) ;
#7671 = CARTESIAN_POINT ( 'NONE',  ( 83.30000000000008242, -19.99999999999992184, 0.000000000000000000 ) ) ;
#7672 = ORIENTED_EDGE ( 'NONE', *, *, #4778, .T. ) ;
#7673 = CYLINDRICAL_SURFACE ( 'NONE', #112, 1.549999999999995826 ) ;
#7674 = ADVANCED_FACE ( 'NONE', ( #5677 ), #5730, .F. ) ;
#7675 = DIRECTION ( 'NONE',  ( 0.000000000000000000, 0.000000000000000000, 1.000000000000000000 ) ) ;
#7676 = VERTEX_POINT ( 'NONE', #3424 ) ;
#7677 = CARTESIAN_POINT ( 'NONE',  ( 342.4714292284635349, 50.80000000000001137, 6.349999999999999645 ) ) ;
#7678 = VERTEX_POINT ( 'NONE', #9938 ) ;
#7679 = ORIENTED_EDGE ( 'NONE', *, *, #7606, .F. ) ;
#7680 = CARTESIAN_POINT ( 'NONE',  ( 53.30000000000013927, -72.05000000000008242, 0.000000000000000000 ) ) ;
#7681 = CIRCLE ( 'NONE', #4876, 1.549999999999995826 ) ;
#7682 = DIRECTION ( 'NONE',  ( -1.387778780781445676E-15, 1.000000000000000000, 0.000000000000000000 ) ) ;
#7683 = EDGE_LOOP ( 'NONE', ( #5138, #1912, #10276, #9217 ) ) ;
#7684 = DIRECTION ( 'NONE',  ( 3.469446951953620598E-16, -1.000000000000000000, 0.000000000000000000 ) ) ;
#7685 = LINE ( 'NONE', #5255, #9932 ) ;
#7686 = ORIENTED_EDGE ( 'NONE', *, *, #10609, .F. ) ;
#7687 = DIRECTION ( 'NONE',  ( 0.000000000000000000, 0.000000000000000000, 1.000000000000000000 ) ) ;
#7688 = ORIENTED_EDGE ( 'NONE', *, *, #7523, .T. ) ;
#7689 = AXIS2_PLACEMENT_3D ( 'NONE', #3303, #5012, #4138 ) ;
#7690 = AXIS2_PLACEMENT_3D ( 'NONE', #558, #509, #7255 ) ;
#7691 = LINE ( 'NONE', #3498, #4225 ) ;
#7692 = EDGE_CURVE ( 'NONE', #4139, #10450, #4853, .T. ) ;
#7693 = EDGE_CURVE ( 'NONE', #7543, #4631, #874, .T. ) ;
#7694 = DIRECTION ( 'NONE',  ( -0.000000000000000000, -0.000000000000000000, -1.000000000000000000 ) ) ;
#7695 = ORIENTED_EDGE ( 'NONE', *, *, #1891, .F. ) ;
#7696 = ORIENTED_EDGE ( 'NONE', *, *, #10673, .F. ) ;
#7697 = DIRECTION ( 'NONE',  ( -1.000000000000000000, 0.000000000000000000, 0.000000000000000000 ) ) ;
#7698 = ORIENTED_EDGE ( 'NONE', *, *, #500, .F. ) ;
#7699 = CARTESIAN_POINT ( 'NONE',  ( 270.2000000000001023, -45.40000000000002700, 6.349999999999999645 ) ) ;
#7700 = CIRCLE ( 'NONE', #2930, 1.549999999999995826 ) ;
#7701 = CIRCLE ( 'NONE', #2932, 1.549999999999995826 ) ;
#7702 = DIRECTION ( 'NONE',  ( -0.000000000000000000, -0.000000000000000000, -1.000000000000000000 ) ) ;
#7703 = LINE ( 'NONE', #4284, #6066 ) ;
#7704 = AXIS2_PLACEMENT_3D ( 'NONE', #8137, #3949, #8028 ) ;
#7705 = AXIS2_PLACEMENT_3D ( 'NONE', #482, #7176, #8009 ) ;
#7706 = DIRECTION ( 'NONE',  ( -1.000000000000000000, 0.000000000000000000, 0.000000000000000000 ) ) ;
#7707 = EDGE_CURVE ( 'NONE', #3476, #8451, #7381, .T. ) ;
#7708 = EDGE_CURVE ( 'NONE', #2660, #4308, #1588, .T. ) ;
#7709 = VECTOR ( 'NONE', #8227, 1000.000000000000000 ) ;
#7710 = CARTESIAN_POINT ( 'NONE',  ( 230.2000000000000171, 5.399999999999998579, 6.349999999999999645 ) ) ;
#7711 = ORIENTED_EDGE ( 'NONE', *, *, #10249, .T. ) ;
#7712 = CARTESIAN_POINT ( 'NONE',  ( 40.20000000000010232, -19.99999999999992184, 6.349999999999999645 ) ) ;
#7713 = EDGE_LOOP ( 'NONE', ( #4218, #923, #10545, #784 ) ) ;
#7714 = EDGE_LOOP ( 'NONE', ( #3044, #351, #6792, #1297 ) ) ;
#7715 = VECTOR ( 'NONE', #5529, 1000.000000000000000 ) ;
#7716 = DIRECTION ( 'NONE',  ( -1.000000000000000000, 0.000000000000000000, 0.000000000000000000 ) ) ;
#7717 = CARTESIAN_POINT ( 'NONE',  ( 93.30000000000015348, -72.05000000000008242, 0.000000000000000000 ) ) ;
#7718 = ORIENTED_EDGE ( 'NONE', *, *, #8100, .T. ) ;
#7719 = AXIS2_PLACEMENT_3D ( 'NONE', #32, #8224, #5904 ) ;
#7720 = VECTOR ( 'NONE', #5578, 1000.000000000000000 ) ;
#7721 = PLANE ( 'NONE',  #9126 ) ;
#7722 = CIRCLE ( 'NONE', #10893, 1.549999999999982059 ) ;
#7723 = VERTEX_POINT ( 'NONE', #9169 ) ;
#7724 = PLANE ( 'NONE',  #9632 ) ;
#7725 = ORIENTED_EDGE ( 'NONE', *, *, #8361, .F. ) ;
#7727 = AXIS2_PLACEMENT_3D ( 'NONE', #10152, #7496, #3364 ) ;
#7726 = FACE_OUTER_BOUND ( 'NONE', #6202, .T. ) ;
#7728 = AXIS2_PLACEMENT_3D ( 'NONE', #5672, #8160, #9986 ) ;
#7729 = CARTESIAN_POINT ( 'NONE',  ( 51.75000000000007105, 72.05000000000005400, 6.349999999999999645 ) ) ;
#7730 = LINE ( 'NONE', #5237, #10644 ) ;
#7731 = VERTEX_POINT ( 'NONE', #4966 ) ;
#7732 = EDGE_CURVE ( 'NONE', #5987, #5807, #4916, .T. ) ;
#7733 = VECTOR ( 'NONE', #3396, 1000.000000000000000 ) ;
#7734 = VECTOR ( 'NONE', #69, 1000.000000000000000 ) ;
#7735 = VECTOR ( 'NONE', #1571, 1000.000000000000000 ) ;
#7736 = CARTESIAN_POINT ( 'NONE',  ( 273.3000000000000682, -5.400000000000019895, -0.000000000000000000 ) ) ;
#7737 = CARTESIAN_POINT ( 'NONE',  ( 213.3000000000000682, 72.05000000000005400, 6.349999999999999645 ) ) ;
#7738 = ORIENTED_EDGE ( 'NONE', *, *, #3026, .F. ) ;
#7739 = AXIS2_PLACEMENT_3D ( 'NONE', #6911, #1944, #5202 ) ;
#7740 = LINE ( 'NONE', #5247, #10526 ) ;
#7741 = ORIENTED_EDGE ( 'NONE', *, *, #6328, .T. ) ;
#7742 = ORIENTED_EDGE ( 'NONE', *, *, #4451, .T. ) ;
#7743 = DIRECTION ( 'NONE',  ( 0.000000000000000000, 0.000000000000000000, -1.000000000000000000 ) ) ;
#7744 = DIRECTION ( 'NONE',  ( 1.000000000000000000, 0.000000000000000000, 0.000000000000000000 ) ) ;
#7745 = EDGE_LOOP ( 'NONE', ( #9555, #7269, #3523, #504 ) ) ;
#7746 = CARTESIAN_POINT ( 'NONE',  ( 60.20000000000008100, 72.05000000000005400, 6.349999999999999645 ) ) ;
#7747 = CYLINDRICAL_SURFACE ( 'NONE', #10819, 1.549999999999995826 ) ;
#7748 = VERTEX_POINT ( 'NONE', #6789 ) ;
#7749 = VECTOR ( 'NONE', #4231, 1000.000000000000000 ) ;
#7750 = FACE_OUTER_BOUND ( 'NONE', #4166, .T. ) ;
#7751 = EDGE_CURVE ( 'NONE', #10820, #8735, #8226, .T. ) ;
#7752 = CIRCLE ( 'NONE', #10041, 1.549999999999968070 ) ;
#7753 = DIRECTION ( 'NONE',  ( 1.000000000000000000, 0.000000000000000000, 0.000000000000000000 ) ) ;
#7754 = AXIS2_PLACEMENT_3D ( 'NONE', #6954, #7954, #8672 ) ;
#7755 = DIRECTION ( 'NONE',  ( -1.040834085586084059E-15, 1.000000000000000000, 0.000000000000000000 ) ) ;
#7756 = ORIENTED_EDGE ( 'NONE', *, *, #903, .T. ) ;
#7757 = ORIENTED_EDGE ( 'NONE', *, *, #4659, .F. ) ;
#7758 = DIRECTION ( 'NONE',  ( 0.000000000000000000, 0.000000000000000000, 1.000000000000000000 ) ) ;
#7759 = FACE_BOUND ( 'NONE', #407, .T. ) ;
#7760 = VERTEX_POINT ( 'NONE', #4149 ) ;
#7761 = CARTESIAN_POINT ( 'NONE',  ( 10.26000000000000156, -20.00000000000000000, 6.349999999999999645 ) ) ;
#7762 = EDGE_CURVE ( 'NONE', #8136, #9044, #10056, .T. ) ;
#7763 = DIRECTION ( 'NONE',  ( -1.000000000000000000, 0.000000000000000000, 0.000000000000000000 ) ) ;
#7764 = DIRECTION ( 'NONE',  ( -1.000000000000000000, 0.000000000000000000, 0.000000000000000000 ) ) ;
#7765 = LINE ( 'NONE', #8693, #10560 ) ;
#7766 = DIRECTION ( 'NONE',  ( -1.000000000000000000, 0.000000000000000000, 0.000000000000000000 ) ) ;
#7767 = ORIENTED_EDGE ( 'NONE', *, *, #2070, .F. ) ;
#7768 = LINE ( 'NONE', #899, #819 ) ;
#7769 = ORIENTED_EDGE ( 'NONE', *, *, #6870, .F. ) ;
#7770 = ORIENTED_EDGE ( 'NONE', *, *, #4691, .F. ) ;
#7771 = LINE ( 'NONE', #344, #8790 ) ;
#7772 = CARTESIAN_POINT ( 'NONE',  ( 160.2000000000001307, -32.05000000000007532, 0.000000000000000000 ) ) ;
#7773 = EDGE_LOOP ( 'NONE', ( #4184, #6926, #8366, #2031 ) ) ;
#7774 = ADVANCED_FACE ( 'NONE', ( #2481 ), #642, .F. ) ;
#7775 = ADVANCED_FACE ( 'NONE', ( #8285 ), #9277, .T. ) ;
#7776 = EDGE_CURVE ( 'NONE', #4182, #7507, #5084, .T. ) ;
#7777 = CARTESIAN_POINT ( 'NONE',  ( 180.2000000000001023, 32.05000000000005400, 6.349999999999999645 ) ) ;
#7778 = EDGE_LOOP ( 'NONE', ( #7256, #1551, #10815, #2427 ) ) ;
#7779 = DIRECTION ( 'NONE',  ( 0.000000000000000000, 0.000000000000000000, 1.000000000000000000 ) ) ;
#7780 = ORIENTED_EDGE ( 'NONE', *, *, #8166, .T. ) ;
#7781 = DIRECTION ( 'NONE',  ( 0.000000000000000000, 0.000000000000000000, 1.000000000000000000 ) ) ;
#7782 = DIRECTION ( 'NONE',  ( -0.000000000000000000, -0.000000000000000000, -1.000000000000000000 ) ) ;
#7783 = CARTESIAN_POINT ( 'NONE',  ( 63.30000000000013216, -72.05000000000008242, 0.000000000000000000 ) ) ;
#7784 = ORIENTED_EDGE ( 'NONE', *, *, #9039, .F. ) ;
#7785 = EDGE_CURVE ( 'NONE', #7213, #10097, #4208, .T. ) ;
#7786 = EDGE_CURVE ( 'NONE', #7748, #8236, #1384, .T. ) ;
#7787 = DIRECTION ( 'NONE',  ( -1.387778780781446070E-15, 1.000000000000000000, 0.000000000000000000 ) ) ;
#7788 = DIRECTION ( 'NONE',  ( -1.000000000000000000, 0.000000000000000000, 0.000000000000000000 ) ) ;
#7789 = ORIENTED_EDGE ( 'NONE', *, *, #10050, .F. ) ;
#7790 = LINE ( 'NONE', #5408, #8566 ) ;
#7791 = ORIENTED_EDGE ( 'NONE', *, *, #913, .T. ) ;
#7792 = ORIENTED_EDGE ( 'NONE', *, *, #1470, .F. ) ;
#7793 = DIRECTION ( 'NONE',  ( -3.469446951953620598E-16, 1.000000000000000000, 0.000000000000000000 ) ) ;
#7794 = CARTESIAN_POINT ( 'NONE',  ( 60.20000000000008811, 32.05000000000005400, 6.349999999999999645 ) ) ;
#7795 = ORIENTED_EDGE ( 'NONE', *, *, #2627, .F. ) ;
#7796 = FACE_OUTER_BOUND ( 'NONE', #5749, .T. ) ;
#7797 = DIRECTION ( 'NONE',  ( 1.000000000000000000, 0.000000000000000000, 0.000000000000000000 ) ) ;
#7798 = ORIENTED_EDGE ( 'NONE', *, *, #10137, .T. ) ;
#7799 = DIRECTION ( 'NONE',  ( 1.387778780781445873E-15, -1.000000000000000000, 0.000000000000000000 ) ) ;
#7800 = CARTESIAN_POINT ( 'NONE',  ( 110.2000000000000881, 32.05000000000005400, 0.000000000000000000 ) ) ;
#7801 = EDGE_CURVE ( 'NONE', #8276, #7029, #1210, .T. ) ;
#7802 = DIRECTION ( 'NONE',  ( -1.000000000000000000, 0.000000000000000000, 0.000000000000000000 ) ) ;
#7803 = ORIENTED_EDGE ( 'NONE', *, *, #4146, .F. ) ;
#7804 = ORIENTED_EDGE ( 'NONE', *, *, #7692, .T. ) ;
#7805 = DIRECTION ( 'NONE',  ( -1.000000000000000000, 0.000000000000000000, 0.000000000000000000 ) ) ;
#7806 = FACE_BOUND ( 'NONE', #1895, .T. ) ;
#7807 = ORIENTED_EDGE ( 'NONE', *, *, #3246, .T. ) ;
#7808 = ORIENTED_EDGE ( 'NONE', *, *, #3892, .T. ) ;
#7809 = DIRECTION ( 'NONE',  ( -0.000000000000000000, -0.000000000000000000, -1.000000000000000000 ) ) ;
#7810 = DIRECTION ( 'NONE',  ( 6.938893903907228378E-16, -1.000000000000000000, 0.000000000000000000 ) ) ;
#7811 = CARTESIAN_POINT ( 'NONE',  ( 170.2000000000000739, 72.05000000000005400, 0.000000000000000000 ) ) ;
#7812 = CARTESIAN_POINT ( 'NONE',  ( 303.3000000000000114, 5.399999999999999467, 6.349999999999999645 ) ) ;
#7813 = EDGE_CURVE ( 'NONE', #9595, #1629, #7387, .T. ) ;
#7814 = EDGE_CURVE ( 'NONE', #4905, #11, #6071, .T. ) ;
#7815 = DIRECTION ( 'NONE',  ( 1.387778780781445676E-15, -1.000000000000000000, 0.000000000000000000 ) ) ;
#7816 = ORIENTED_EDGE ( 'NONE', *, *, #3164, .T. ) ;
#7817 = CARTESIAN_POINT ( 'NONE',  ( 270.2000000000000455, -5.400000000000020783, 0.000000000000000000 ) ) ;
#7818 = ORIENTED_EDGE ( 'NONE', *, *, #5335, .F. ) ;
#7819 = VECTOR ( 'NONE', #6784, 1000.000000000000000 ) ;
#7820 = VECTOR ( 'NONE', #1599, 1000.000000000000000 ) ;
#7821 = DIRECTION ( 'NONE',  ( 0.000000000000000000, 1.000000000000000000, 0.000000000000000000 ) ) ;
#7822 = DIRECTION ( 'NONE',  ( -1.000000000000000000, -1.387778780781446070E-15, 0.000000000000000000 ) ) ;
#7823 = EDGE_LOOP ( 'NONE', ( #7362, #815, #6011, #2707 ) ) ;
#7824 = VECTOR ( 'NONE', #9631, 1000.000000000000000 ) ;
#7825 = CARTESIAN_POINT ( 'NONE',  ( 210.2000000000001023, 32.05000000000005400, 6.349999999999999645 ) ) ;
#7826 = EDGE_CURVE ( 'NONE', #3389, #10548, #8503, .T. ) ;
#7827 = EDGE_CURVE ( 'NONE', #4000, #10477, #8552, .T. ) ;
#7828 = ORIENTED_EDGE ( 'NONE', *, *, #10422, .T. ) ;
#7829 = LINE ( 'NONE', #2813, #7520 ) ;
#7830 = EDGE_LOOP ( 'NONE', ( #8186, #6409, #38, #847 ) ) ;
#7831 = CARTESIAN_POINT ( 'NONE',  ( 183.3000000000001535, -72.05000000000008242, 6.349999999999999645 ) ) ;
#7832 = DIRECTION ( 'NONE',  ( -1.000000000000000000, 0.000000000000000000, 0.000000000000000000 ) ) ;
#7833 = PLANE ( 'NONE',  #8351 ) ;
#7834 = AXIS2_PLACEMENT_3D ( 'NONE', #4510, #2121, #10470 ) ;
#7835 = EDGE_LOOP ( 'NONE', ( #898, #8075, #4266, #4316 ) ) ;
#7836 = AXIS2_PLACEMENT_3D ( 'NONE', #3345, #8477, #7764 ) ;
#7837 = FACE_OUTER_BOUND ( 'NONE', #10581, .T. ) ;
#7838 = VECTOR ( 'NONE', #8179, 1000.000000000000000 ) ;
#7839 = PLANE ( 'NONE',  #10748 ) ;
#7840 = EDGE_CURVE ( 'NONE', #878, #951, #857, .T. ) ;
#7841 = EDGE_CURVE ( 'NONE', #6811, #272, #5989, .T. ) ;
#7842 = EDGE_LOOP ( 'NONE', ( #4890, #8708, #2292, #7906 ) ) ;
#7843 = FACE_OUTER_BOUND ( 'NONE', #5114, .T. ) ;
#7844 = ORIENTED_EDGE ( 'NONE', *, *, #8443, .F. ) ;
#7845 = ORIENTED_EDGE ( 'NONE', *, *, #3525, .F. ) ;
#7846 = PLANE ( 'NONE',  #7754 ) ;
#7847 = DIRECTION ( 'NONE',  ( 0.000000000000000000, 0.000000000000000000, -1.000000000000000000 ) ) ;
#7848 = ORIENTED_EDGE ( 'NONE', *, *, #370, .F. ) ;
#7849 = DIRECTION ( 'NONE',  ( 0.000000000000000000, 1.000000000000000000, 0.000000000000000000 ) ) ;
#7850 = DIRECTION ( 'NONE',  ( 1.000000000000000000, 0.000000000000000000, 0.000000000000000000 ) ) ;
#7851 = VERTEX_POINT ( 'NONE', #10161 ) ;
#7852 = CARTESIAN_POINT ( 'NONE',  ( 213.3000000000000682, 32.05000000000005400, 6.349999999999999645 ) ) ;
#7853 = DIRECTION ( 'NONE',  ( -0.000000000000000000, -0.000000000000000000, -1.000000000000000000 ) ) ;
#7854 = ORIENTED_EDGE ( 'NONE', *, *, #4642, .F. ) ;
#7855 = ORIENTED_EDGE ( 'NONE', *, *, #7707, .T. ) ;
#7856 = CARTESIAN_POINT ( 'NONE',  ( 7.159999999999995701, 20.00000000000000000, 0.000000000000000000 ) ) ;
#7857 = FACE_BOUND ( 'NONE', #3437, .T. ) ;
#7858 = VERTEX_POINT ( 'NONE', #1761 ) ;
#7859 = ORIENTED_EDGE ( 'NONE', *, *, #3961, .T. ) ;
#7860 = PLANE ( 'NONE',  #6316 ) ;
#7861 = LINE ( 'NONE', #2846, #7447 ) ;
#7862 = LINE ( 'NONE', #9469, #7519 ) ;
#7863 = AXIS2_PLACEMENT_3D ( 'NONE', #9877, #1298, #4681 ) ;
#7864 = ADVANCED_FACE ( 'NONE', ( #3480 ), #7839, .F. ) ;
#7865 = APPLICATION_PROTOCOL_DEFINITION ( 'draft international standard', 'automotive_design', 1998, #8658 ) ;
#7866 = DIRECTION ( 'NONE',  ( -0.000000000000000000, -0.000000000000000000, -1.000000000000000000 ) ) ;
#7867 = CARTESIAN_POINT ( 'NONE',  ( 293.3000000000000114, 45.40000000000000568, 6.349999999999999645 ) ) ;
#7868 = ORIENTED_EDGE ( 'NONE', *, *, #368, .T. ) ;
#7869 = CARTESIAN_POINT ( 'NONE',  ( 103.3000000000000682, 32.05000000000005400, 0.000000000000000000 ) ) ;
#7870 = AXIS2_PLACEMENT_3D ( 'NONE', #8765, #7941, #9647 ) ;
#7871 = AXIS2_PLACEMENT_3D ( 'NONE', #2734, #10360, #5379 ) ;
#7872 = ORIENTED_EDGE ( 'NONE', *, *, #10207, .F. ) ;
#7873 = FACE_OUTER_BOUND ( 'NONE', #4080, .T. ) ;
#7874 = CARTESIAN_POINT ( 'NONE',  ( 293.3000000000000114, -5.400000000000006573, 6.349999999999999645 ) ) ;
#7875 = DIRECTION ( 'NONE',  ( -3.469446951953620598E-16, 1.000000000000000000, 0.000000000000000000 ) ) ;
#7876 = EDGE_CURVE ( 'NONE', #4014, #502, #4053, .T. ) ;
#7877 = VECTOR ( 'NONE', #9741, 1000.000000000000000 ) ;
#7878 = AXIS2_PLACEMENT_3D ( 'NONE', #2931, #9828, #8118 ) ;
#7879 = AXIS2_PLACEMENT_3D ( 'NONE', #6319, #1013, #7766 ) ;
#7880 = DIRECTION ( 'NONE',  ( -0.000000000000000000, -0.000000000000000000, -1.000000000000000000 ) ) ;
#7881 = EDGE_CURVE ( 'NONE', #8553, #951, #3538, .T. ) ;
#7882 = ORIENTED_EDGE ( 'NONE', *, *, #9188, .F. ) ;
#7883 = VECTOR ( 'NONE', #1320, 1000.000000000000000 ) ;
#7884 = DIRECTION ( 'NONE',  ( -6.938893903907241197E-16, 1.000000000000000000, 0.000000000000000000 ) ) ;
#7885 = ORIENTED_EDGE ( 'NONE', *, *, #1338, .F. ) ;
#7886 = DIRECTION ( 'NONE',  ( -1.000000000000000000, 0.000000000000000000, 0.000000000000000000 ) ) ;
#7887 = VECTOR ( 'NONE', #8992, 1000.000000000000000 ) ;
#7888 = CARTESIAN_POINT ( 'NONE',  ( 73.30000000000005400, 72.05000000000005400, 6.349999999999999645 ) ) ;
#7889 = CARTESIAN_POINT ( 'NONE',  ( 180.2000000000001023, -19.99999999999992184, 0.000000000000000000 ) ) ;
#7890 = VERTEX_POINT ( 'NONE', #8615 ) ;
#7891 = CIRCLE ( 'NONE', #6297, 1.549999999999988942 ) ;
#7892 = EDGE_CURVE ( 'NONE', #10226, #1695, #6017, .T. ) ;
#7893 = EDGE_CURVE ( 'NONE', #4211, #6302, #10323, .T. ) ;
#7894 = CIRCLE ( 'NONE', #9307, 1.549999999999995826 ) ;
#7895 = CARTESIAN_POINT ( 'NONE',  ( 281.7500000000000568, -45.40000000000001279, 6.349999999999999645 ) ) ;
#7896 = FACE_OUTER_BOUND ( 'NONE', #10430, .T. ) ;
#7897 = AXIS2_PLACEMENT_3D ( 'NONE', #193, #6225, #5453 ) ;
#7898 = VERTEX_POINT ( 'NONE', #7737 ) ;
#7899 = CARTESIAN_POINT ( 'NONE',  ( 231.7500000000000000, 5.399999999999998579, 6.349999999999999645 ) ) ;
#7900 = EDGE_LOOP ( 'NONE', ( #2366, #5922, #9130, #1870 ) ) ;
#7901 = ORIENTED_EDGE ( 'NONE', *, *, #506, .T. ) ;
#7902 = DIRECTION ( 'NONE',  ( -0.000000000000000000, -0.000000000000000000, -1.000000000000000000 ) ) ;
#7903 = CIRCLE ( 'NONE', #10552, 1.549999999999982059 ) ;
#7904 = CARTESIAN_POINT ( 'NONE',  ( 293.3000000000000114, -5.400000000000006573, 6.349999999999999645 ) ) ;
#7905 = FACE_BOUND ( 'NONE', #5063, .T. ) ;
#7906 = ORIENTED_EDGE ( 'NONE', *, *, #6604, .F. ) ;
#7907 = SURFACE_SIDE_STYLE ('',( #1940 ) ) ;
#7908 = VECTOR ( 'NONE', #10937, 1000.000000000000000 ) ;
#7909 = ADVANCED_FACE ( 'NONE', ( #9500 ), #1865, .T. ) ;
#7910 = EDGE_CURVE ( 'NONE', #4000, #10959, #2822, .T. ) ;
#7911 = VECTOR ( 'NONE', #289, 1000.000000000000000 ) ;
#7912 = EDGE_CURVE ( 'NONE', #268, #6343, #6182, .T. ) ;
#7913 = VECTOR ( 'NONE', #3996, 1000.000000000000000 ) ;
#7914 = CARTESIAN_POINT ( 'NONE',  ( 263.2999999999999545, 5.399999999999999467, 0.000000000000000000 ) ) ;
#7915 = PLANE ( 'NONE',  #2376 ) ;
#7916 = ORIENTED_EDGE ( 'NONE', *, *, #6577, .T. ) ;
#7917 = ORIENTED_EDGE ( 'NONE', *, *, #7840, .T. ) ;
#7918 = DIRECTION ( 'NONE',  ( 0.000000000000000000, 0.000000000000000000, 1.000000000000000000 ) ) ;
#7919 = VECTOR ( 'NONE', #4971, 1000.000000000000000 ) ;
#7920 = FACE_BOUND ( 'NONE', #6844, .T. ) ;
#7921 = VERTEX_POINT ( 'NONE', #1977 ) ;
#7922 = ORIENTED_EDGE ( 'NONE', *, *, #3007, .T. ) ;
#7923 = CARTESIAN_POINT ( 'NONE',  ( 193.3000000000000966, -32.05000000000007532, 6.349999999999999645 ) ) ;
#7924 = CARTESIAN_POINT ( 'NONE',  ( 113.3000000000001108, -32.05000000000007532, 6.349999999999999645 ) ) ;
#7925 = VECTOR ( 'NONE', #7446, 1000.000000000000000 ) ;
#7926 = CARTESIAN_POINT ( 'NONE',  ( 40.20000000000008100, 20.00000000000000355, 6.349999999999999645 ) ) ;
#7927 = EDGE_CURVE ( 'NONE', #3215, #10756, #5966, .T. ) ;
#7928 = VECTOR ( 'NONE', #3971, 1000.000000000000000 ) ;
#7929 = DIRECTION ( 'NONE',  ( 1.000000000000000000, 0.000000000000000000, 0.000000000000000000 ) ) ;
#7930 = VECTOR ( 'NONE', #7370, 1000.000000000000000 ) ;
#7931 = CARTESIAN_POINT ( 'NONE',  ( 171.7500000000000853, 32.05000000000005400, 6.349999999999999645 ) ) ;
#7932 = ORIENTED_EDGE ( 'NONE', *, *, #1208, .T. ) ;
#7933 = DIRECTION ( 'NONE',  ( 1.387778780781445478E-15, -1.000000000000000000, 0.000000000000000000 ) ) ;
#7934 = ORIENTED_EDGE ( 'NONE', *, *, #9760, .T. ) ;
#7935 = LINE ( 'NONE', #10469, #10175 ) ;
#7936 = LINE ( 'NONE', #7090, #1270 ) ;
#7937 = CARTESIAN_POINT ( 'NONE',  ( 111.7500000000000000, 20.00000000000000355, 6.349999999999999645 ) ) ;
#7938 = CARTESIAN_POINT ( 'NONE',  ( 132.7857146142317788, -30.31245604999991983, 6.349999999999999645 ) ) ;
#7939 = ORIENTED_EDGE ( 'NONE', *, *, #5277, .F. ) ;
#7940 = ADVANCED_FACE ( 'NONE', ( #7896 ), #311, .T. ) ;
#7941 = DIRECTION ( 'NONE',  ( -1.000000000000000000, -3.469446951953613696E-16, 0.000000000000000000 ) ) ;
#7942 = ORIENTED_EDGE ( 'NONE', *, *, #1541, .T. ) ;
#7943 = CARTESIAN_POINT ( 'NONE',  ( 203.3000000000000966, -32.05000000000007532, 6.349999999999999645 ) ) ;
#7944 = CARTESIAN_POINT ( 'NONE',  ( 263.3000000000001251, -45.40000000000003411, 0.000000000000000000 ) ) ;
#7945 = DIRECTION ( 'NONE',  ( -0.000000000000000000, -0.000000000000000000, -1.000000000000000000 ) ) ;
#7946 = ORIENTED_EDGE ( 'NONE', *, *, #9124, .T. ) ;
#7947 = CARTESIAN_POINT ( 'NONE',  ( 60.20000000000008811, 20.00000000000000355, 6.349999999999999645 ) ) ;
#7948 = EDGE_LOOP ( 'NONE', ( #10532, #2889, #8270, #7828 ) ) ;
#7949 = EDGE_CURVE ( 'NONE', #4100, #6899, #10690, .T. ) ;
#7950 = EDGE_CURVE ( 'NONE', #8104, #2235, #5605, .T. ) ;
#7951 = CARTESIAN_POINT ( 'NONE',  ( 111.7500000000001563, -72.05000000000008242, 6.349999999999999645 ) ) ;
#7952 = ORIENTED_EDGE ( 'NONE', *, *, #1696, .T. ) ;
#7953 = ORIENTED_EDGE ( 'NONE', *, *, #7616, .T. ) ;
#7954 = DIRECTION ( 'NONE',  ( -1.000000000000000000, -3.469446951953620598E-16, 0.000000000000000000 ) ) ;
#7955 = DIRECTION ( 'NONE',  ( -1.000000000000000000, 0.000000000000000000, 0.000000000000000000 ) ) ;
#7956 = FACE_BOUND ( 'NONE', #9724, .T. ) ;
#7957 = VERTEX_POINT ( 'NONE', #1396 ) ;
#7958 = CARTESIAN_POINT ( 'NONE',  ( 141.7500000000001137, -32.05000000000007532, 6.349999999999999645 ) ) ;
#7959 = AXIS2_PLACEMENT_3D ( 'NONE', #10258, #8654, #2686 ) ;
#7960 = CARTESIAN_POINT ( 'NONE',  ( 233.3000000000000682, -5.400000000000048317, 6.349999999999999645 ) ) ;
#7961 = DIRECTION ( 'NONE',  ( 1.000000000000000000, 0.000000000000000000, 0.000000000000000000 ) ) ;
#7962 = CARTESIAN_POINT ( 'NONE',  ( 31.75000000000008527, 32.05000000000005400, 6.349999999999999645 ) ) ;
#7963 = ORIENTED_EDGE ( 'NONE', *, *, #5715, .F. ) ;
#7964 = ORIENTED_EDGE ( 'NONE', *, *, #5585, .F. ) ;
#7965 = DIRECTION ( 'NONE',  ( 0.000000000000000000, 0.000000000000000000, 1.000000000000000000 ) ) ;
#7966 = ADVANCED_FACE ( 'NONE', ( #674 ), #8142, .F. ) ;
#7967 = EDGE_CURVE ( 'NONE', #6153, #2668, #793, .T. ) ;
#7968 = FACE_BOUND ( 'NONE', #8143, .T. ) ;
#7969 = ORIENTED_EDGE ( 'NONE', *, *, #4722, .T. ) ;
#7970 = ORIENTED_EDGE ( 'NONE', *, *, #3393, .T. ) ;
#7971 = DIRECTION ( 'NONE',  ( -0.000000000000000000, -0.000000000000000000, -1.000000000000000000 ) ) ;
#7972 = LINE ( 'NONE', #4703, #3423 ) ;
#7973 = ORIENTED_EDGE ( 'NONE', *, *, #9236, .T. ) ;
#7974 = CARTESIAN_POINT ( 'NONE',  ( 17.16000000000000014, -20.00000000000000000, 6.349999999999999645 ) ) ;
#7975 = FACE_OUTER_BOUND ( 'NONE', #2876, .T. ) ;
#7976 = DIRECTION ( 'NONE',  ( -0.000000000000000000, -0.000000000000000000, -1.000000000000000000 ) ) ;
#7977 = VERTEX_POINT ( 'NONE', #3018 ) ;
#7978 = DIRECTION ( 'NONE',  ( 0.000000000000000000, 0.000000000000000000, 1.000000000000000000 ) ) ;
#7979 = EDGE_CURVE ( 'NONE', #2159, #3228, #7209, .T. ) ;
#7980 = EDGE_CURVE ( 'NONE', #10799, #6444, #6590, .T. ) ;
#7981 = VERTEX_POINT ( 'NONE', #2334 ) ;
#7982 = CARTESIAN_POINT ( 'NONE',  ( 50.20000000000010232, -19.99999999999992184, 6.349999999999999645 ) ) ;
#7983 = DIRECTION ( 'NONE',  ( -1.040834085586084059E-15, 1.000000000000000000, 0.000000000000000000 ) ) ;
#7984 = DIRECTION ( 'NONE',  ( 1.040834085586084059E-15, -1.000000000000000000, 0.000000000000000000 ) ) ;
#7985 = DIRECTION ( 'NONE',  ( 0.000000000000000000, 1.000000000000000000, 0.000000000000000000 ) ) ;
#7986 = AXIS2_PLACEMENT_3D ( 'NONE', #4640, #1305, #6450 ) ;
#7987 = ORIENTED_EDGE ( 'NONE', *, *, #4830, .F. ) ;
#7988 = DIRECTION ( 'NONE',  ( 1.000000000000000000, 0.000000000000000000, 0.000000000000000000 ) ) ;
#7989 = VERTEX_POINT ( 'NONE', #10588 ) ;
#7990 = CYLINDRICAL_SURFACE ( 'NONE', #6845, 1.549999999999995826 ) ;
#7991 = DIRECTION ( 'NONE',  ( 1.000000000000000000, 0.000000000000000000, 0.000000000000000000 ) ) ;
#7992 = CARTESIAN_POINT ( 'NONE',  ( 251.7500000000000284, 5.399999999999998579, 0.000000000000000000 ) ) ;
#7993 = EDGE_LOOP ( 'NONE', ( #2617, #4995, #7970, #8649 ) ) ;
#7994 = AXIS2_PLACEMENT_3D ( 'NONE', #2319, #10731, #4099 ) ;
#7995 = CIRCLE ( 'NONE', #926, 1.549999999999995826 ) ;
#7996 = ADVANCED_FACE ( 'NONE', ( #4776 ), #6538, .F. ) ;
#7997 = CARTESIAN_POINT ( 'NONE',  ( 7.160000000000001918, -20.00000000000000000, 6.349999999999999645 ) ) ;
#7998 = ORIENTED_EDGE ( 'NONE', *, *, #8478, .T. ) ;
#7999 = AXIS2_PLACEMENT_3D ( 'NONE', #4951, #4734, #10860 ) ;
#8000 = PLANE ( 'NONE',  #6439 ) ;
#8001 = ORIENTED_EDGE ( 'NONE', *, *, #6535, .F. ) ;
#8002 = EDGE_LOOP ( 'NONE', ( #9050, #5545, #654, #2669 ) ) ;
#8003 = PLANE ( 'NONE',  #2267 ) ;
#8004 = DIRECTION ( 'NONE',  ( -0.000000000000000000, -0.000000000000000000, -1.000000000000000000 ) ) ;
#8005 = FACE_BOUND ( 'NONE', #3933, .T. ) ;
#8006 = ORIENTED_EDGE ( 'NONE', *, *, #2119, .T. ) ;
#8007 = LINE ( 'NONE', #8117, #2336 ) ;
#8008 = EDGE_CURVE ( 'NONE', #7921, #3943, #5927, .T. ) ;
#8009 = DIRECTION ( 'NONE',  ( 0.000000000000000000, 0.000000000000000000, -1.000000000000000000 ) ) ;
#8010 = DIRECTION ( 'NONE',  ( -0.000000000000000000, -0.000000000000000000, -1.000000000000000000 ) ) ;
#8011 = DIRECTION ( 'NONE',  ( -1.000000000000000000, 0.000000000000000000, 0.000000000000000000 ) ) ;
#8012 = ORIENTED_EDGE ( 'NONE', *, *, #1296, .F. ) ;
#8013 = ORIENTED_EDGE ( 'NONE', *, *, #135, .F. ) ;
#8014 = CARTESIAN_POINT ( 'NONE',  ( 113.3000000000000682, 32.05000000000005400, 6.349999999999999645 ) ) ;
#8015 = DIRECTION ( 'NONE',  ( 1.000000000000000000, 0.000000000000000000, 0.000000000000000000 ) ) ;
#8016 = ORIENTED_EDGE ( 'NONE', *, *, #8112, .F. ) ;
#8017 = CARTESIAN_POINT ( 'NONE',  ( 310.2000000000000455, -5.399999999999993250, 0.000000000000000000 ) ) ;
#8018 = CARTESIAN_POINT ( 'NONE',  ( 100.2000000000001307, -32.05000000000007532, 0.000000000000000000 ) ) ;
#8019 = ORIENTED_EDGE ( 'NONE', *, *, #5134, .T. ) ;
#8020 = CYLINDRICAL_SURFACE ( 'NONE', #1698, 1.549999999999988942 ) ;
#8021 = EDGE_CURVE ( 'NONE', #5665, #8543, #8745, .T. ) ;
#8022 = EDGE_CURVE ( 'NONE', #931, #9570, #9079, .T. ) ;
#8023 = CARTESIAN_POINT ( 'NONE',  ( 150.2000000000001023, -19.99999999999992184, 6.349999999999999645 ) ) ;
#8024 = DIRECTION ( 'NONE',  ( -0.000000000000000000, -0.000000000000000000, -1.000000000000000000 ) ) ;
#8025 = ORIENTED_EDGE ( 'NONE', *, *, #8283, .F. ) ;
#8026 = DIRECTION ( 'NONE',  ( 0.000000000000000000, 0.000000000000000000, 1.000000000000000000 ) ) ;
#8027 = VERTEX_POINT ( 'NONE', #5544 ) ;
#8028 = DIRECTION ( 'NONE',  ( -1.387778780781446070E-15, 1.000000000000000000, 0.000000000000000000 ) ) ;
#8029 = DIRECTION ( 'NONE',  ( -0.000000000000000000, -0.000000000000000000, -1.000000000000000000 ) ) ;
#8030 = DIRECTION ( 'NONE',  ( 0.000000000000000000, 0.000000000000000000, 1.000000000000000000 ) ) ;
#8031 = EDGE_CURVE ( 'NONE', #7731, #1426, #9864, .T. ) ;
#8032 = EDGE_CURVE ( 'NONE', #834, #2784, #7424, .T. ) ;
#8033 = EDGE_CURVE ( 'NONE', #9969, #10262, #3224, .T. ) ;
#8034 = AXIS2_PLACEMENT_3D ( 'NONE', #5190, #10274, #4427 ) ;
#8035 = DIRECTION ( 'NONE',  ( 3.469446951953613696E-16, -1.000000000000000000, -0.000000000000000000 ) ) ;
#8036 = CIRCLE ( 'NONE', #9455, 1.549999999999995826 ) ;
#8037 = ORIENTED_EDGE ( 'NONE', *, *, #10356, .T. ) ;
#8038 = CARTESIAN_POINT ( 'NONE',  ( 211.7500000000000000, 20.00000000000000355, 6.349999999999999645 ) ) ;
#8039 = ORIENTED_EDGE ( 'NONE', *, *, #4467, .F. ) ;
#8040 = CARTESIAN_POINT ( 'NONE',  ( 310.2000000000000455, 5.399999999999998579, 0.000000000000000000 ) ) ;
#8041 = AXIS2_PLACEMENT_3D ( 'NONE', #9136, #4939, #5929 ) ;
#8042 = DIRECTION ( 'NONE',  ( -0.000000000000000000, -0.000000000000000000, -1.000000000000000000 ) ) ;
#8043 = LINE ( 'NONE', #1190, #8883 ) ;
#8044 = VERTEX_POINT ( 'NONE', #2231 ) ;
#8045 = VECTOR ( 'NONE', #9968, 1000.000000000000000 ) ;
#8046 = VECTOR ( 'NONE', #4599, 1000.000000000000000 ) ;
#8047 = DIRECTION ( 'NONE',  ( 1.000000000000000000, 6.938893903907227392E-16, -0.000000000000000000 ) ) ;
#8048 = VECTOR ( 'NONE', #2505, 1000.000000000000000 ) ;
#8049 = VECTOR ( 'NONE', #4155, 1000.000000000000000 ) ;
#8050 = EDGE_LOOP ( 'NONE', ( #5912, #4842, #8037, #3180 ) ) ;
#8051 = DIRECTION ( 'NONE',  ( 0.000000000000000000, 0.000000000000000000, 1.000000000000000000 ) ) ;
#8052 = ORIENTED_EDGE ( 'NONE', *, *, #2893, .F. ) ;
#8053 = EDGE_LOOP ( 'NONE', ( #4178, #9815, #2622, #864 ) ) ;
#8054 = CARTESIAN_POINT ( 'NONE',  ( 53.30000000000006821, 32.05000000000005400, 6.349999999999999645 ) ) ;
#8055 = VECTOR ( 'NONE', #8676, 1000.000000000000000 ) ;
#8056 = CARTESIAN_POINT ( 'NONE',  ( 33.30000000000011084, -32.05000000000007532, 0.000000000000000000 ) ) ;
#8057 = FACE_BOUND ( 'NONE', #8002, .T. ) ;
#8058 = ORIENTED_EDGE ( 'NONE', *, *, #448, .F. ) ;
#8059 = CARTESIAN_POINT ( 'NONE',  ( 250.2000000000000455, 5.399999999999998579, 0.000000000000000000 ) ) ;
#8060 = AXIS2_PLACEMENT_3D ( 'NONE', #10084, #4996, #2393 ) ;
#8061 = VECTOR ( 'NONE', #8391, 1000.000000000000000 ) ;
#8062 = DIRECTION ( 'NONE',  ( 1.000000000000000000, 0.000000000000000000, 0.000000000000000000 ) ) ;
#8063 = CARTESIAN_POINT ( 'NONE',  ( 160.2000000000001023, -19.99999999999992184, 0.000000000000000000 ) ) ;
#8064 = AXIS2_PLACEMENT_3D ( 'NONE', #907, #9325, #5894 ) ;
#8065 = CYLINDRICAL_SURFACE ( 'NONE', #8195, 1.549999999999968070 ) ;
#8066 = ORIENTED_EDGE ( 'NONE', *, *, #119, .T. ) ;
#8067 = ORIENTED_EDGE ( 'NONE', *, *, #2155, .T. ) ;
#8068 = CARTESIAN_POINT ( 'NONE',  ( 183.3000000000000682, 32.05000000000005400, 6.349999999999999645 ) ) ;
#8069 = AXIS2_PLACEMENT_3D ( 'NONE', #5837, #4954, #9209 ) ;
#8070 = EDGE_CURVE ( 'NONE', #10756, #3389, #8567, .T. ) ;
#8071 = CARTESIAN_POINT ( 'NONE',  ( 303.3000000000000114, -5.399999999999999467, 6.349999999999999645 ) ) ;
#8072 = ORIENTED_EDGE ( 'NONE', *, *, #6180, .F. ) ;
#8073 = DIRECTION ( 'NONE',  ( -2.289122957394680433E-16, 1.000000000000000000, 0.000000000000000000 ) ) ;
#8074 = CARTESIAN_POINT ( 'NONE',  ( 342.4714292284635349, 50.80000000000001137, 0.000000000000000000 ) ) ;
#8075 = ORIENTED_EDGE ( 'NONE', *, *, #7645, .F. ) ;
#8076 = VECTOR ( 'NONE', #1347, 1000.000000000000000 ) ;
#8077 = AXIS2_PLACEMENT_3D ( 'NONE', #7315, #1349, #9972 ) ;
#8078 = DIRECTION ( 'NONE',  ( -1.387778780781446070E-15, 1.000000000000000000, 0.000000000000000000 ) ) ;
#8079 = CIRCLE ( 'NONE', #2243, 6.000000000000005329 ) ;
#8080 = AXIS2_PLACEMENT_3D ( 'NONE', #4126, #1740, #901 ) ;
#8081 = CARTESIAN_POINT ( 'NONE',  ( 153.2999999999999829, 20.00000000000000355, 0.000000000000000000 ) ) ;
#8082 = AXIS2_PLACEMENT_3D ( 'NONE', #8014, #3000, #7918 ) ;
#8083 = DIRECTION ( 'NONE',  ( -6.938893903907228378E-16, 1.000000000000000000, -0.000000000000000000 ) ) ;
#8084 = VERTEX_POINT ( 'NONE', #9027 ) ;
#8085 = CARTESIAN_POINT ( 'NONE',  ( 163.3000000000000966, -32.05000000000007532, 0.000000000000000000 ) ) ;
#8086 = EDGE_CURVE ( 'NONE', #6345, #1067, #2569, .T. ) ;
#8087 = CIRCLE ( 'NONE', #4212, 1.549999999999995826 ) ;
#8088 = ORIENTED_EDGE ( 'NONE', *, *, #58, .F. ) ;
#8089 = DIRECTION ( 'NONE',  ( -0.000000000000000000, -1.000000000000000000, -0.000000000000000000 ) ) ;
#8090 = DIRECTION ( 'NONE',  ( -1.000000000000000000, 0.000000000000000000, 0.000000000000000000 ) ) ;
#8091 = AXIS2_PLACEMENT_3D ( 'NONE', #1982, #254, #10328 ) ;
#8092 = VECTOR ( 'NONE', #8455, 1000.000000000000000 ) ;
#8093 = CARTESIAN_POINT ( 'NONE',  ( 190.2000000000001592, -32.05000000000007532, 0.000000000000000000 ) ) ;
#8094 = CARTESIAN_POINT ( 'NONE',  ( 53.30000000000013927, -72.05000000000008242, 6.349999999999999645 ) ) ;
#8095 = ORIENTED_EDGE ( 'NONE', *, *, #2701, .F. ) ;
#8096 = DIRECTION ( 'NONE',  ( -0.000000000000000000, -0.000000000000000000, -1.000000000000000000 ) ) ;
#8097 = EDGE_LOOP ( 'NONE', ( #6033, #4873, #4847, #5591 ) ) ;
#8098 = CARTESIAN_POINT ( 'NONE',  ( 51.75000000000011369, -32.05000000000007532, 6.349999999999999645 ) ) ;
#8099 = DIRECTION ( 'NONE',  ( 0.000000000000000000, 0.000000000000000000, 1.000000000000000000 ) ) ;
#8100 = EDGE_CURVE ( 'NONE', #1909, #4957, #4826, .T. ) ;
#8101 = EDGE_CURVE ( 'NONE', #9154, #9595, #3178, .T. ) ;
#8102 = CARTESIAN_POINT ( 'NONE',  ( 270.2000000000001023, -45.40000000000002700, 6.349999999999999645 ) ) ;
#8103 = FACE_OUTER_BOUND ( 'NONE', #1316, .T. ) ;
#8104 = VERTEX_POINT ( 'NONE', #4942 ) ;
#8105 = CARTESIAN_POINT ( 'NONE',  ( 201.7499999999999716, 20.00000000000000355, 6.349999999999999645 ) ) ;
#8106 = VECTOR ( 'NONE', #9638, 1000.000000000000000 ) ;
#8107 = ORIENTED_EDGE ( 'NONE', *, *, #4402, .F. ) ;
#8108 = CARTESIAN_POINT ( 'NONE',  ( 73.30000000000008242, -19.99999999999992184, 6.349999999999999645 ) ) ;
#8109 = ORIENTED_EDGE ( 'NONE', *, *, #7421, .F. ) ;
#8110 = ORIENTED_EDGE ( 'NONE', *, *, #8152, .T. ) ;
#8111 = LINE ( 'NONE', #8054, #498 ) ;
#8112 = EDGE_CURVE ( 'NONE', #8196, #2413, #4341, .T. ) ;
#8113 = ADVANCED_FACE ( 'NONE', ( #10 ), #3397, .T. ) ;
#8114 = CARTESIAN_POINT ( 'NONE',  ( 281.7500000000000568, -5.400000000000014566, 0.000000000000000000 ) ) ;
#8115 = FACE_BOUND ( 'NONE', #1014, .T. ) ;
#8116 = VERTEX_POINT ( 'NONE', #1614 ) ;
#8117 = CARTESIAN_POINT ( 'NONE',  ( 90.20000000000013074, -32.05000000000007532, 6.349999999999999645 ) ) ;
#8118 = DIRECTION ( 'NONE',  ( -1.000000000000000000, 0.000000000000000000, 0.000000000000000000 ) ) ;
#8119 = DIRECTION ( 'NONE',  ( 0.000000000000000000, 0.000000000000000000, 1.000000000000000000 ) ) ;
#8120 = DIRECTION ( 'NONE',  ( 1.000000000000000000, 0.000000000000000000, 0.000000000000000000 ) ) ;
#8121 = ORIENTED_EDGE ( 'NONE', *, *, #10537, .F. ) ;
#8122 = ORIENTED_EDGE ( 'NONE', *, *, #3218, .F. ) ;
#8123 = DIRECTION ( 'NONE',  ( -0.000000000000000000, -1.000000000000000000, -0.000000000000000000 ) ) ;
#8124 = CARTESIAN_POINT ( 'NONE',  ( 163.3000000000000966, -32.05000000000007532, 6.349999999999999645 ) ) ;
#8125 = VERTEX_POINT ( 'NONE', #6649 ) ;
#8126 = LINE ( 'NONE', #2371, #10712 ) ;
#8127 = LINE ( 'NONE', #10456, #2010 ) ;
#8128 = EDGE_LOOP ( 'NONE', ( #3568, #10785, #8995, #5886 ) ) ;
#8129 = CARTESIAN_POINT ( 'NONE',  ( 100.2000000000001023, -19.99999999999992184, 6.349999999999999645 ) ) ;
#8130 = ADVANCED_FACE ( 'NONE', ( #124 ), #9253, .F. ) ;
#8131 = DIRECTION ( 'NONE',  ( 0.000000000000000000, 0.000000000000000000, 1.000000000000000000 ) ) ;
#8132 = DIRECTION ( 'NONE',  ( 0.000000000000000000, 0.000000000000000000, 1.000000000000000000 ) ) ;
#8133 = EDGE_LOOP ( 'NONE', ( #2723, #5011, #5305, #5368 ) ) ;
#8134 = VERTEX_POINT ( 'NONE', #897 ) ;
#8135 = LINE ( 'NONE', #3944, #9413 ) ;
#8136 = VERTEX_POINT ( 'NONE', #950 ) ;
#8137 = CARTESIAN_POINT ( 'NONE',  ( 300.2000000000000455, -5.400000000000000355, 6.349999999999999645 ) ) ;
#8138 = PLANE ( 'NONE',  #6237 ) ;
#8139 = EDGE_CURVE ( 'NONE', #2162, #10268, #4994, .T. ) ;
#8140 = ADVANCED_FACE ( 'NONE', ( #10850 ), #6822, .T. ) ;
#8141 = DIRECTION ( 'NONE',  ( 1.000000000000000000, 0.000000000000000000, 0.000000000000000000 ) ) ;
#8142 = CYLINDRICAL_SURFACE ( 'NONE', #3981, 1.549999999999995826 ) ;
#8143 = EDGE_LOOP ( 'NONE', ( #2735, #8973, #3343, #1578 ) ) ;
#8144 = FACE_OUTER_BOUND ( 'NONE', #9610, .T. ) ;
#8145 = ORIENTED_EDGE ( 'NONE', *, *, #9004, .F. ) ;
#8146 = LINE ( 'NONE', #2179, #8076 ) ;
#8147 = CARTESIAN_POINT ( 'NONE',  ( 171.7500000000000000, -20.00000000000003197, 6.349999999999999645 ) ) ;
#8148 = DIRECTION ( 'NONE',  ( -1.000000000000000000, 0.000000000000000000, 0.000000000000000000 ) ) ;
#8149 = CARTESIAN_POINT ( 'NONE',  ( 150.2000000000001307, -32.05000000000007532, 0.000000000000000000 ) ) ;
#8150 = ORIENTED_EDGE ( 'NONE', *, *, #9826, .T. ) ;
#8151 = AXIS2_PLACEMENT_3D ( 'NONE', #6193, #9352, #8514 ) ;
#8152 = EDGE_CURVE ( 'NONE', #10395, #5734, #3515, .T. ) ;
#8153 = ADVANCED_FACE ( 'NONE', ( #2679 ), #1787, .F. ) ;
#8154 = PLANE ( 'NONE',  #9825 ) ;
#8155 = EDGE_LOOP ( 'NONE', ( #1454, #1237, #2050, #7495 ) ) ;
#8156 = LINE ( 'NONE', #413, #9273 ) ;
#8157 = EDGE_LOOP ( 'NONE', ( #7040, #7686, #5246, #9212 ) ) ;
#8158 = EDGE_LOOP ( 'NONE', ( #782, #6293, #4188, #4673 ) ) ;
#8159 = CARTESIAN_POINT ( 'NONE',  ( 141.7500000000000853, 32.05000000000005400, 0.000000000000000000 ) ) ;
#8160 = DIRECTION ( 'NONE',  ( 0.000000000000000000, 0.000000000000000000, 1.000000000000000000 ) ) ;
#8161 = CARTESIAN_POINT ( 'NONE',  ( 70.20000000000010232, -19.99999999999992184, 6.349999999999999645 ) ) ;
#8162 = AXIS2_PLACEMENT_3D ( 'NONE', #1582, #7393, #4910 ) ;
#8163 = ORIENTED_EDGE ( 'NONE', *, *, #383, .T. ) ;
#8164 = CIRCLE ( 'NONE', #6229, 1.549999999999988942 ) ;
#8165 = CARTESIAN_POINT ( 'NONE',  ( 170.2000000000001023, 32.05000000000005400, 6.349999999999999645 ) ) ;
#8166 = EDGE_CURVE ( 'NONE', #4321, #9911, #8530, .T. ) ;
#8167 = EDGE_CURVE ( 'NONE', #4701, #2045, #438, .T. ) ;
#8168 = CARTESIAN_POINT ( 'NONE',  ( 200.2000000000001023, -19.99999999999992184, 6.349999999999999645 ) ) ;
#8169 = AXIS2_PLACEMENT_3D ( 'NONE', #10383, #4676, #7218 ) ;
#8170 = CIRCLE ( 'NONE', #2347, 1.549999999999995826 ) ;
#8171 = CARTESIAN_POINT ( 'NONE',  ( 140.2000000000001023, -19.99999999999992184, 6.349999999999999645 ) ) ;
#8172 = CARTESIAN_POINT ( 'NONE',  ( 223.2999999999999829, 20.00000000000000355, 6.349999999999999645 ) ) ;
#8173 = VERTEX_POINT ( 'NONE', #4177 ) ;
#8174 = VERTEX_POINT ( 'NONE', #9366 ) ;
#8175 = CARTESIAN_POINT ( 'NONE',  ( 263.3000000000000114, 45.40000000000000568, 6.349999999999999645 ) ) ;
#8176 = DIRECTION ( 'NONE',  ( -1.000000000000000000, 0.000000000000000000, 0.000000000000000000 ) ) ;
#8177 = VERTEX_POINT ( 'NONE', #8365 ) ;
#8178 = CARTESIAN_POINT ( 'NONE',  ( 63.30000000000007532, -19.99999999999992184, 6.349999999999999645 ) ) ;
#8179 = DIRECTION ( 'NONE',  ( -0.000000000000000000, -0.000000000000000000, -1.000000000000000000 ) ) ;
#8180 = ORIENTED_EDGE ( 'NONE', *, *, #7469, .F. ) ;
#8181 = AXIS2_PLACEMENT_3D ( 'NONE', #9636, #3623, #7983 ) ;
#8182 = VECTOR ( 'NONE', #2891, 1000.000000000000000 ) ;
#8183 = DIRECTION ( 'NONE',  ( 0.000000000000000000, 0.000000000000000000, 1.000000000000000000 ) ) ;
#8184 = CARTESIAN_POINT ( 'NONE',  ( 253.3000000000001251, -45.40000000000004121, 6.349999999999999645 ) ) ;
#8185 = ORIENTED_EDGE ( 'NONE', *, *, #2894, .F. ) ;
#8186 = ORIENTED_EDGE ( 'NONE', *, *, #946, .F. ) ;
#8187 = DIRECTION ( 'NONE',  ( 1.000000000000000000, 0.000000000000000000, 0.000000000000000000 ) ) ;
#8188 = ORIENTED_EDGE ( 'NONE', *, *, #10238, .F. ) ;
#8189 = EDGE_CURVE ( 'NONE', #6684, #9776, #846, .T. ) ;
#8190 = CARTESIAN_POINT ( 'NONE',  ( 163.3000000000000682, 32.05000000000005400, 0.000000000000000000 ) ) ;
#8191 = DIRECTION ( 'NONE',  ( 0.000000000000000000, 1.000000000000000000, 0.000000000000000000 ) ) ;
#8192 = CARTESIAN_POINT ( 'NONE',  ( 111.7500000000001279, -32.05000000000007532, 0.000000000000000000 ) ) ;
#8193 = DIRECTION ( 'NONE',  ( 1.040834085586084059E-15, -1.000000000000000000, 0.000000000000000000 ) ) ;
#8194 = PLANE ( 'NONE',  #4541 ) ;
#8195 = AXIS2_PLACEMENT_3D ( 'NONE', #9887, #10664, #8011 ) ;
#8196 = VERTEX_POINT ( 'NONE', #5825 ) ;
#8197 = DIRECTION ( 'NONE',  ( -6.938893903907230350E-16, 1.000000000000000000, 0.000000000000000000 ) ) ;
#8198 = VERTEX_POINT ( 'NONE', #1841 ) ;
#8199 = CARTESIAN_POINT ( 'NONE',  ( 143.2999999999999829, 20.00000000000000355, 6.349999999999999645 ) ) ;
#8200 = LINE ( 'NONE', #5610, #3785 ) ;
#8201 = EDGE_CURVE ( 'NONE', #2440, #11, #6980, .T. ) ;
#8202 = EDGE_CURVE ( 'NONE', #10070, #2201, #8207, .T. ) ;
#8203 = CARTESIAN_POINT ( 'NONE',  ( 210.2000000000001023, 32.05000000000005400, 6.349999999999999645 ) ) ;
#8204 = DIRECTION ( 'NONE',  ( 0.000000000000000000, 0.000000000000000000, 1.000000000000000000 ) ) ;
#8205 = ORIENTED_EDGE ( 'NONE', *, *, #7785, .T. ) ;
#8206 = VECTOR ( 'NONE', #6233, 1000.000000000000000 ) ;
#8207 = CIRCLE ( 'NONE', #8752, 1.549999999999995826 ) ;
#8208 = EDGE_CURVE ( 'NONE', #9072, #834, #1322, .T. ) ;
#8209 = FACE_OUTER_BOUND ( 'NONE', #2325, .T. ) ;
#8210 = ORIENTED_EDGE ( 'NONE', *, *, #5553, .F. ) ;
#8211 = DIRECTION ( 'NONE',  ( -0.000000000000000000, -0.000000000000000000, -1.000000000000000000 ) ) ;
#8212 = ORIENTED_EDGE ( 'NONE', *, *, #568, .F. ) ;
#8213 = ORIENTED_EDGE ( 'NONE', *, *, #9780, .T. ) ;
#8214 = DIRECTION ( 'NONE',  ( 1.000000000000000000, 0.000000000000000000, 0.000000000000000000 ) ) ;
#8215 = VECTOR ( 'NONE', #4808, 1000.000000000000000 ) ;
#8216 = AXIS2_PLACEMENT_3D ( 'NONE', #2444, #4328, #5103 ) ;
#8217 = EDGE_CURVE ( 'NONE', #6950, #4701, #3347, .T. ) ;
#8218 = CARTESIAN_POINT ( 'NONE',  ( 173.3000000000000682, 72.05000000000005400, 6.349999999999999645 ) ) ;
#8219 = CYLINDRICAL_SURFACE ( 'NONE', #5516, 1.549999999999982059 ) ;
#8220 = ORIENTED_EDGE ( 'NONE', *, *, #1402, .F. ) ;
#8221 = EDGE_CURVE ( 'NONE', #8387, #8835, #8395, .T. ) ;
#8222 = VECTOR ( 'NONE', #4771, 1000.000000000000000 ) ;
#8223 = VECTOR ( 'NONE', #5251, 1000.000000000000000 ) ;
#8224 = DIRECTION ( 'NONE',  ( -0.000000000000000000, -0.000000000000000000, -1.000000000000000000 ) ) ;
#8225 = AXIS2_PLACEMENT_3D ( 'NONE', #6736, #3373, #9110 ) ;
#8226 = LINE ( 'NONE', #10773, #8092 ) ;
#8227 = DIRECTION ( 'NONE',  ( 0.000000000000000000, 1.000000000000000000, 0.000000000000000000 ) ) ;
#8228 = ORIENTED_EDGE ( 'NONE', *, *, #7235, .T. ) ;
#8229 = ORIENTED_EDGE ( 'NONE', *, *, #3080, .T. ) ;
#8230 = DIRECTION ( 'NONE',  ( -1.000000000000000000, 0.000000000000000000, 0.000000000000000000 ) ) ;
#8231 = PLANE ( 'NONE',  #4875 ) ;
#8232 = VECTOR ( 'NONE', #6711, 1000.000000000000000 ) ;
#8233 = ORIENTED_EDGE ( 'NONE', *, *, #1556, .T. ) ;
#8234 = DIRECTION ( 'NONE',  ( 1.000000000000000000, 0.000000000000000000, 0.000000000000000000 ) ) ;
#8235 = CARTESIAN_POINT ( 'NONE',  ( 161.7500000000001137, -32.05000000000007532, 0.000000000000000000 ) ) ;
#8236 = VERTEX_POINT ( 'NONE', #7653 ) ;
#8237 = ADVANCED_FACE ( 'NONE', ( #64 ), #340, .T. ) ;
#8238 = VECTOR ( 'NONE', #196, 1000.000000000000000 ) ;
#8239 = EDGE_CURVE ( 'NONE', #10395, #1713, #4453, .T. ) ;
#8240 = ADVANCED_FACE ( 'NONE', ( #9579 ), #228, .T. ) ;
#8241 = LINE ( 'NONE', #707, #5682 ) ;
#8242 = VECTOR ( 'NONE', #10233, 1000.000000000000000 ) ;
#8243 = ORIENTED_EDGE ( 'NONE', *, *, #41, .T. ) ;
#8244 = AXIS2_PLACEMENT_3D ( 'NONE', #2566, #1066, #4407 ) ;
#8245 = CARTESIAN_POINT ( 'NONE',  ( 150.2000000000001307, -32.05000000000007532, 0.000000000000000000 ) ) ;
#8246 = CARTESIAN_POINT ( 'NONE',  ( 31.75000000000000000, 20.00000000000000355, 0.000000000000000000 ) ) ;
#8247 = ORIENTED_EDGE ( 'NONE', *, *, #9859, .T. ) ;
#8248 = EDGE_LOOP ( 'NONE', ( #9947, #73, #8678, #3883 ) ) ;
#8249 = VECTOR ( 'NONE', #10380, 1000.000000000000000 ) ;
#8250 = CARTESIAN_POINT ( 'NONE',  ( 253.3000000000000114, 5.399999999999999467, 6.349999999999999645 ) ) ;
#8251 = VECTOR ( 'NONE', #8786, 1000.000000000000000 ) ;
#8252 = ORIENTED_EDGE ( 'NONE', *, *, #400, .F. ) ;
#8253 = EDGE_CURVE ( 'NONE', #2473, #741, #3105, .T. ) ;
#8254 = CARTESIAN_POINT ( 'NONE',  ( 90.20000000000010232, -19.99999999999992184, 0.000000000000000000 ) ) ;
#8255 = DIRECTION ( 'NONE',  ( -0.000000000000000000, -0.000000000000000000, -1.000000000000000000 ) ) ;
#8256 = AXIS2_PLACEMENT_3D ( 'NONE', #785, #10143, #7548 ) ;
#8257 = DIRECTION ( 'NONE',  ( -0.000000000000000000, -0.000000000000000000, -1.000000000000000000 ) ) ;
#8258 = AXIS2_PLACEMENT_3D ( 'NONE', #6419, #9787, #2114 ) ;
#8259 = DIRECTION ( 'NONE',  ( -0.000000000000000000, -0.000000000000000000, -1.000000000000000000 ) ) ;
#8260 = ORIENTED_EDGE ( 'NONE', *, *, #3601, .T. ) ;
#8261 = DIRECTION ( 'NONE',  ( -1.000000000000000000, 0.000000000000000000, 0.000000000000000000 ) ) ;
#8262 = ORIENTED_EDGE ( 'NONE', *, *, #1457, .F. ) ;
#8263 = FACE_BOUND ( 'NONE', #2823, .T. ) ;
#8264 = ORIENTED_EDGE ( 'NONE', *, *, #7573, .F. ) ;
#8265 = CARTESIAN_POINT ( 'NONE',  ( 203.3000000000001535, -72.05000000000008242, 6.349999999999999645 ) ) ;
#8266 = DIRECTION ( 'NONE',  ( 0.000000000000000000, 0.000000000000000000, 1.000000000000000000 ) ) ;
#8267 = VECTOR ( 'NONE', #153, 1000.000000000000000 ) ;
#8268 = PLANE ( 'NONE',  #4901 ) ;
#8269 = CARTESIAN_POINT ( 'NONE',  ( 203.3000000000000682, 72.05000000000005400, 0.000000000000000000 ) ) ;
#8270 = ORIENTED_EDGE ( 'NONE', *, *, #9534, .T. ) ;
#8271 = VECTOR ( 'NONE', #6733, 1000.000000000000000 ) ;
#8272 = CIRCLE ( 'NONE', #7036, 1.549999999999982059 ) ;
#8273 = ADVANCED_FACE ( 'NONE', ( #7085 ), #2061, .F. ) ;
#8274 = ORIENTED_EDGE ( 'NONE', *, *, #6487, .F. ) ;
#8275 = FACE_OUTER_BOUND ( 'NONE', #7683, .T. ) ;
#8276 = VERTEX_POINT ( 'NONE', #6100 ) ;
#8277 = ORIENTED_EDGE ( 'NONE', *, *, #993, .F. ) ;
#8278 = DIRECTION ( 'NONE',  ( 0.000000000000000000, 0.000000000000000000, 1.000000000000000000 ) ) ;
#8279 = CARTESIAN_POINT ( 'NONE',  ( 120.7857146142317646, -30.31245604999991983, 6.349999999999999645 ) ) ;
#8280 = CYLINDRICAL_SURFACE ( 'NONE', #746, 1.549999999999999378 ) ;
#8281 = ORIENTED_EDGE ( 'NONE', *, *, #4194, .T. ) ;
#8282 = DIRECTION ( 'NONE',  ( 0.000000000000000000, 0.000000000000000000, 1.000000000000000000 ) ) ;
#8283 = EDGE_CURVE ( 'NONE', #8982, #6553, #8036, .T. ) ;
#8284 = EDGE_CURVE ( 'NONE', #2612, #5013, #9535, .T. ) ;
#8285 = FACE_OUTER_BOUND ( 'NONE', #4045, .T. ) ;
#8286 = LINE ( 'NONE', #814, #2919 ) ;
#8287 = ORIENTED_EDGE ( 'NONE', *, *, #6735, .T. ) ;
#8288 = VERTEX_POINT ( 'NONE', #4405 ) ;
#8289 = DIRECTION ( 'NONE',  ( 1.000000000000000000, 0.000000000000000000, 0.000000000000000000 ) ) ;
#8290 = FACE_OUTER_BOUND ( 'NONE', #5753, .T. ) ;
#8291 = ORIENTED_EDGE ( 'NONE', *, *, #6456, .T. ) ;
#8292 = DIRECTION ( 'NONE',  ( -1.000000000000000000, 0.000000000000000000, 0.000000000000000000 ) ) ;
#8293 = DIRECTION ( 'NONE',  ( -1.000000000000000000, 0.000000000000000000, 0.000000000000000000 ) ) ;
#8294 = ORIENTED_EDGE ( 'NONE', *, *, #6217, .F. ) ;
#8295 = DIRECTION ( 'NONE',  ( 0.000000000000000000, 0.000000000000000000, 1.000000000000000000 ) ) ;
#8296 = VERTEX_POINT ( 'NONE', #7039 ) ;
#8297 = DIRECTION ( 'NONE',  ( -1.000000000000000000, 0.000000000000000000, 0.000000000000000000 ) ) ;
#8298 = EDGE_CURVE ( 'NONE', #8616, #10614, #5327, .T. ) ;
#8299 = EDGE_CURVE ( 'NONE', #10614, #10262, #4562, .T. ) ;
#8300 = CARTESIAN_POINT ( 'NONE',  ( 91.75000000000008527, 72.05000000000005400, 0.000000000000000000 ) ) ;
#8301 = ORIENTED_EDGE ( 'NONE', *, *, #2603, .F. ) ;
#8302 = ORIENTED_EDGE ( 'NONE', *, *, #3625, .F. ) ;
#8303 = CARTESIAN_POINT ( 'NONE',  ( 173.3000000000000966, -32.05000000000007532, -0.000000000000000000 ) ) ;
#8304 = ORIENTED_EDGE ( 'NONE', *, *, #4990, .T. ) ;
#8305 = CARTESIAN_POINT ( 'NONE',  ( 40.20000000000010232, -19.99999999999992184, 6.349999999999999645 ) ) ;
#8306 = DIRECTION ( 'NONE',  ( 0.000000000000000000, 0.000000000000000000, 1.000000000000000000 ) ) ;
#8307 = CARTESIAN_POINT ( 'NONE',  ( 150.2000000000001592, -72.05000000000008242, 0.000000000000000000 ) ) ;
#8308 = ADVANCED_FACE ( 'NONE', ( #10515 ), #6923, .F. ) ;
#8309 = ADVANCED_FACE ( 'NONE', ( #3564 ), #9474, .F. ) ;
#8310 = CARTESIAN_POINT ( 'NONE',  ( 120.7857146142317646, -30.31245604999991983, 6.349999999999999645 ) ) ;
#8311 = ORIENTED_EDGE ( 'NONE', *, *, #5027, .F. ) ;
#8312 = LINE ( 'NONE', #4121, #5576 ) ;
#8313 = ORIENTED_EDGE ( 'NONE', *, *, #7279, .F. ) ;
#8314 = CARTESIAN_POINT ( 'NONE',  ( 41.75000000000007816, 72.05000000000005400, 6.349999999999999645 ) ) ;
#8315 = VERTEX_POINT ( 'NONE', #2852 ) ;
#8316 = FACE_OUTER_BOUND ( 'NONE', #3348, .T. ) ;
#8317 = CARTESIAN_POINT ( 'NONE',  ( 311.7500000000000000, 5.399999999999998579, 6.349999999999999645 ) ) ;
#8318 = CARTESIAN_POINT ( 'NONE',  ( 41.75000000000008527, 32.05000000000005400, 0.000000000000000000 ) ) ;
#8319 = CARTESIAN_POINT ( 'NONE',  ( 60.20000000000013074, -32.05000000000007532, 6.349999999999999645 ) ) ;
#8320 = ORIENTED_EDGE ( 'NONE', *, *, #3026, .T. ) ;
#8321 = CYLINDRICAL_SURFACE ( 'NONE', #1709, 1.549999999999995826 ) ;
#8322 = DIRECTION ( 'NONE',  ( -0.000000000000000000, -1.000000000000000000, -0.000000000000000000 ) ) ;
#8323 = ORIENTED_EDGE ( 'NONE', *, *, #6589, .F. ) ;
#8324 = CARTESIAN_POINT ( 'NONE',  ( 7.160000000000001918, -20.00000000000000000, 6.349999999999999645 ) ) ;
#8325 = ORIENTED_EDGE ( 'NONE', *, *, #859, .T. ) ;
#8326 = ORIENTED_EDGE ( 'NONE', *, *, #8112, .T. ) ;
#8327 = LINE ( 'NONE', #965, #7908 ) ;
#8328 = DIRECTION ( 'NONE',  ( 1.000000000000000000, 0.000000000000000000, 0.000000000000000000 ) ) ;
#8329 = DIRECTION ( 'NONE',  ( 1.000000000000000000, 0.000000000000000000, 0.000000000000000000 ) ) ;
#8330 = ORIENTED_EDGE ( 'NONE', *, *, #1336, .T. ) ;
#8331 = DIRECTION ( 'NONE',  ( -1.000000000000000000, 0.000000000000000000, 0.000000000000000000 ) ) ;
#8332 = ADVANCED_FACE ( 'NONE', ( #9629 ), #10463, .T. ) ;
#8333 = CARTESIAN_POINT ( 'NONE',  ( 143.3000000000000966, -19.99999999999992184, 6.349999999999999645 ) ) ;
#8334 = CARTESIAN_POINT ( 'NONE',  ( 83.30000000000006821, 72.05000000000005400, 6.349999999999999645 ) ) ;
#8335 = VERTEX_POINT ( 'NONE', #7867 ) ;
#8336 = VECTOR ( 'NONE', #8549, 1000.000000000000000 ) ;
#8337 = CYLINDRICAL_SURFACE ( 'NONE', #10497, 1.549999999999995826 ) ;
#8338 = EDGE_LOOP ( 'NONE', ( #9759, #893, #5882, #2402 ) ) ;
#8339 = ORIENTED_EDGE ( 'NONE', *, *, #7485, .T. ) ;
#8340 = CARTESIAN_POINT ( 'NONE',  ( 80.20000000000010232, -19.99999999999992184, 6.349999999999999645 ) ) ;
#8341 = AXIS2_PLACEMENT_3D ( 'NONE', #260, #8628, #10173 ) ;
#8342 = CARTESIAN_POINT ( 'NONE',  ( 181.7500000000001137, 32.05000000000005400, 6.349999999999999645 ) ) ;
#8343 = ORIENTED_EDGE ( 'NONE', *, *, #10337, .T. ) ;
#8344 = DIRECTION ( 'NONE',  ( -1.040834085586084059E-15, 1.000000000000000000, 0.000000000000000000 ) ) ;
#8345 = DIRECTION ( 'NONE',  ( -0.000000000000000000, -0.000000000000000000, -1.000000000000000000 ) ) ;
#8346 = ORIENTED_EDGE ( 'NONE', *, *, #8166, .F. ) ;
#8347 = CARTESIAN_POINT ( 'NONE',  ( 300.2000000000000455, 45.39999999999999858, 6.349999999999999645 ) ) ;
#8348 = PRODUCT_RELATED_PRODUCT_CATEGORY ( 'part', '', ( #10899 ) ) ;
#8349 = ADVANCED_FACE ( 'NONE', ( #5485 ), #1904, .F. ) ;
#8350 = EDGE_LOOP ( 'NONE', ( #7698, #3442, #7309, #3820 ) ) ;
#8351 = AXIS2_PLACEMENT_3D ( 'NONE', #3024, #8876, #7053 ) ;
#8352 = AXIS2_PLACEMENT_3D ( 'NONE', #2063, #2955, #8814 ) ;
#8353 = CARTESIAN_POINT ( 'NONE',  ( 300.2000000000001023, -45.39999999999999858, 6.349999999999999645 ) ) ;
#8354 = DIRECTION ( 'NONE',  ( -8.673617379884034486E-16, 1.000000000000000000, -0.000000000000000000 ) ) ;
#8355 = EDGE_LOOP ( 'NONE', ( #3750, #2124, #1855, #537 ) ) ;
#8356 = ORIENTED_EDGE ( 'NONE', *, *, #8841, .F. ) ;
#8357 = CARTESIAN_POINT ( 'NONE',  ( 20.26000000000000156, -20.00000000000000000, 0.000000000000000000 ) ) ;
#8358 = ORIENTED_EDGE ( 'NONE', *, *, #3720, .T. ) ;
#8359 = DIRECTION ( 'NONE',  ( -0.000000000000000000, -0.000000000000000000, -1.000000000000000000 ) ) ;
#8360 = LINE ( 'NONE', #6874, #3947 ) ;
#8361 = EDGE_CURVE ( 'NONE', #8543, #7005, #1226, .T. ) ;
#8362 = EDGE_CURVE ( 'NONE', #7224, #268, #3458, .T. ) ;
#8363 = AXIS2_PLACEMENT_3D ( 'NONE', #379, #6253, #7291 ) ;
#8364 = CYLINDRICAL_SURFACE ( 'NONE', #2425, 1.549999999999995826 ) ;
#8365 = CARTESIAN_POINT ( 'NONE',  ( 223.3000000000001535, -72.05000000000008242, 6.349999999999999645 ) ) ;
#8366 = ORIENTED_EDGE ( 'NONE', *, *, #6679, .T. ) ;
#8367 = PLANE ( 'NONE',  #3300 ) ;
#8368 = ORIENTED_EDGE ( 'NONE', *, *, #734, .T. ) ;
#8369 = FACE_OUTER_BOUND ( 'NONE', #10529, .T. ) ;
#8370 = ORIENTED_EDGE ( 'NONE', *, *, #3315, .T. ) ;
#8371 = LINE ( 'NONE', #6716, #7734 ) ;
#8372 = VERTEX_POINT ( 'NONE', #175 ) ;
#8373 = DIRECTION ( 'NONE',  ( -1.000000000000000000, -6.938893903907228378E-16, 0.000000000000000000 ) ) ;
#8374 = DIRECTION ( 'NONE',  ( -0.000000000000000000, -0.000000000000000000, -1.000000000000000000 ) ) ;
#8375 = ORIENTED_EDGE ( 'NONE', *, *, #5334, .T. ) ;
#8376 = EDGE_CURVE ( 'NONE', #5149, #7057, #440, .T. ) ;
#8377 = EDGE_CURVE ( 'NONE', #7547, #6303, #601, .T. ) ;
#8378 = EDGE_CURVE ( 'NONE', #2379, #8898, #975, .T. ) ;
#8379 = CARTESIAN_POINT ( 'NONE',  ( 260.1999999999999886, 5.399999999999998579, 0.000000000000000000 ) ) ;
#8380 = DIRECTION ( 'NONE',  ( -0.000000000000000000, -0.000000000000000000, -1.000000000000000000 ) ) ;
#8381 = VERTEX_POINT ( 'NONE', #2215 ) ;
#8382 = CARTESIAN_POINT ( 'NONE',  ( 53.29999999999999716, 20.00000000000000355, 6.349999999999999645 ) ) ;
#8383 = ORIENTED_EDGE ( 'NONE', *, *, #3991, .T. ) ;
#8384 = PLANE ( 'NONE',  #6159 ) ;
#8385 = DIRECTION ( 'NONE',  ( 1.000000000000000000, 0.000000000000000000, 0.000000000000000000 ) ) ;
#8386 = DIRECTION ( 'NONE',  ( 0.000000000000000000, 0.000000000000000000, 1.000000000000000000 ) ) ;
#8387 = VERTEX_POINT ( 'NONE', #1327 ) ;
#8388 = CIRCLE ( 'NONE', #9454, 1.549999999999995826 ) ;
#8389 = EDGE_CURVE ( 'NONE', #4436, #1608, #9070, .T. ) ;
#8390 = CARTESIAN_POINT ( 'NONE',  ( 193.3000000000000966, -32.05000000000007532, 6.349999999999999645 ) ) ;
#8391 = DIRECTION ( 'NONE',  ( -0.000000000000000000, -0.000000000000000000, -1.000000000000000000 ) ) ;
#8393 = DIRECTION ( 'NONE',  ( -0.000000000000000000, -0.000000000000000000, -1.000000000000000000 ) ) ;
#8392 = VECTOR ( 'NONE', #2690, 1000.000000000000000 ) ;
#8394 = EDGE_LOOP ( 'NONE', ( #2485, #8323, #8682, #1406 ) ) ;
#8395 = CIRCLE ( 'NONE', #1492, 1.549999999999995826 ) ;
#8396 = CARTESIAN_POINT ( 'NONE',  ( 213.2999999999999829, 20.00000000000000355, 6.349999999999999645 ) ) ;
#8397 = ORIENTED_EDGE ( 'NONE', *, *, #7615, .T. ) ;
#8398 = ORIENTED_EDGE ( 'NONE', *, *, #6882, .F. ) ;
#8399 = CARTESIAN_POINT ( 'NONE',  ( 273.3000000000000114, 5.399999999999999467, 0.000000000000000000 ) ) ;
#8400 = DIRECTION ( 'NONE',  ( -0.000000000000000000, -0.000000000000000000, -1.000000000000000000 ) ) ;
#8401 = ORIENTED_EDGE ( 'NONE', *, *, #8655, .F. ) ;
#8402 = PLANE ( 'NONE',  #812 ) ;
#8403 = FACE_OUTER_BOUND ( 'NONE', #8823, .T. ) ;
#8404 = ORIENTED_EDGE ( 'NONE', *, *, #3535, .F. ) ;
#8405 = CARTESIAN_POINT ( 'NONE',  ( 33.30000000000011084, -32.05000000000007532, 6.349999999999999645 ) ) ;
#8406 = VECTOR ( 'NONE', #6585, 1000.000000000000000 ) ;
#8407 = ORIENTED_EDGE ( 'NONE', *, *, #2748, .T. ) ;
#8408 = VECTOR ( 'NONE', #10678, 1000.000000000000000 ) ;
#8409 = LINE ( 'NONE', #831, #1547 ) ;
#8410 = EDGE_CURVE ( 'NONE', #3476, #2737, #4871, .T. ) ;
#8411 = AXIS2_PLACEMENT_3D ( 'NONE', #2791, #6157, #9624 ) ;
#8412 = CARTESIAN_POINT ( 'NONE',  ( 241.7500000000000853, -5.400000000000042100, 0.000000000000000000 ) ) ;
#8413 = ORIENTED_EDGE ( 'NONE', *, *, #1908, .T. ) ;
#8414 = EDGE_LOOP ( 'NONE', ( #7494, #9134, #9443, #46 ) ) ;
#8415 = FACE_OUTER_BOUND ( 'NONE', #2512, .T. ) ;
#8416 = AXIS2_PLACEMENT_3D ( 'NONE', #6955, #3544, #9446 ) ;
#8417 = ORIENTED_EDGE ( 'NONE', *, *, #6413, .T. ) ;
#8418 = VECTOR ( 'NONE', #3490, 1000.000000000000000 ) ;
#8419 = PLANE ( 'NONE',  #1879 ) ;
#8420 = FACE_OUTER_BOUND ( 'NONE', #3681, .T. ) ;
#8421 = AXIS2_PLACEMENT_3D ( 'NONE', #6666, #7664, #4191 ) ;
#8422 = VECTOR ( 'NONE', #1355, 1000.000000000000000 ) ;
#8423 = CARTESIAN_POINT ( 'NONE',  ( 101.7500000000000000, 20.00000000000000355, 6.349999999999999645 ) ) ;
#8424 = AXIS2_PLACEMENT_3D ( 'NONE', #6189, #4591, #7955 ) ;
#8425 = EDGE_CURVE ( 'NONE', #3484, #7267, #3998, .T. ) ;
#8426 = EDGE_CURVE ( 'NONE', #1129, #4048, #9810, .T. ) ;
#8427 = DIRECTION ( 'NONE',  ( -0.000000000000000000, -0.000000000000000000, -1.000000000000000000 ) ) ;
#8428 = VERTEX_POINT ( 'NONE', #501 ) ;
#8429 = CARTESIAN_POINT ( 'NONE',  ( 328.1214292284635690, -20.00000000000000355, 0.000000000000000000 ) ) ;
#8430 = ORIENTED_EDGE ( 'NONE', *, *, #7801, .F. ) ;
#8431 = AXIS2_PLACEMENT_3D ( 'NONE', #3849, #9908, #1340 ) ;
#8432 = VERTEX_POINT ( 'NONE', #3894 ) ;
#8433 = CARTESIAN_POINT ( 'NONE',  ( 210.2000000000000739, 72.05000000000005400, 0.000000000000000000 ) ) ;
#8434 = ORIENTED_EDGE ( 'NONE', *, *, #8544, .F. ) ;
#8435 = DIRECTION ( 'NONE',  ( 1.000000000000000000, 0.000000000000000000, 0.000000000000000000 ) ) ;
#8436 = CARTESIAN_POINT ( 'NONE',  ( 261.7500000000000568, 5.399999999999998579, 6.349999999999999645 ) ) ;
#8437 = CARTESIAN_POINT ( 'NONE',  ( 61.75000000000008527, 32.05000000000005400, 0.000000000000000000 ) ) ;
#8438 = AXIS2_PLACEMENT_3D ( 'NONE', #8689, #3231, #8484 ) ;
#8439 = AXIS2_PLACEMENT_3D ( 'NONE', #904, #5061, #3521 ) ;
#8440 = VECTOR ( 'NONE', #1991, 1000.000000000000000 ) ;
#8441 = DIRECTION ( 'NONE',  ( -0.000000000000000000, -0.000000000000000000, -1.000000000000000000 ) ) ;
#8442 = EDGE_CURVE ( 'NONE', #3805, #5165, #4661, .T. ) ;
#8443 = EDGE_CURVE ( 'NONE', #2972, #924, #662, .T. ) ;
#8444 = ORIENTED_EDGE ( 'NONE', *, *, #1613, .F. ) ;
#8445 = DIRECTION ( 'NONE',  ( 1.387778780781445676E-15, -1.000000000000000000, 0.000000000000000000 ) ) ;
#8446 = ORIENTED_EDGE ( 'NONE', *, *, #4275, .T. ) ;
#8447 = LINE ( 'NONE', #5843, #7018 ) ;
#8448 = CIRCLE ( 'NONE', #10572, 1.549999999999995826 ) ;
#8449 = CARTESIAN_POINT ( 'NONE',  ( 150.2000000000001592, -72.05000000000008242, 6.349999999999999645 ) ) ;
#8450 = CARTESIAN_POINT ( 'NONE',  ( 141.7500000000001421, -72.05000000000008242, 6.349999999999999645 ) ) ;
#8451 = VERTEX_POINT ( 'NONE', #4766 ) ;
#8452 = DIRECTION ( 'NONE',  ( 0.000000000000000000, 0.000000000000000000, 1.000000000000000000 ) ) ;
#8453 = PLANE ( 'NONE',  #7349 ) ;
#8454 = VECTOR ( 'NONE', #148, 1000.000000000000000 ) ;
#8455 = DIRECTION ( 'NONE',  ( 3.469446951953620598E-16, -1.000000000000000000, -0.000000000000000000 ) ) ;
#8456 = EDGE_CURVE ( 'NONE', #7267, #10361, #1486, .T. ) ;
#8457 = ADVANCED_FACE ( 'NONE', ( #10624 ), #3167, .T. ) ;
#8458 = ORIENTED_EDGE ( 'NONE', *, *, #1750, .F. ) ;
#8459 = DIRECTION ( 'NONE',  ( 0.000000000000000000, 1.000000000000000000, 0.000000000000000000 ) ) ;
#8460 = ORIENTED_EDGE ( 'NONE', *, *, #8492, .T. ) ;
#8461 = ORIENTED_EDGE ( 'NONE', *, *, #4025, .T. ) ;
#8462 = DIRECTION ( 'NONE',  ( -1.000000000000000000, 0.000000000000000000, 0.000000000000000000 ) ) ;
#8463 = DIRECTION ( 'NONE',  ( -1.000000000000000000, 0.000000000000000000, 0.000000000000000000 ) ) ;
#8464 = ORIENTED_EDGE ( 'NONE', *, *, #2578, .F. ) ;
#8465 = LINE ( 'NONE', #1651, #5239 ) ;
#8466 = PLANE ( 'NONE',  #6759 ) ;
#8467 = ORIENTED_EDGE ( 'NONE', *, *, #9004, .T. ) ;
#8468 = DIRECTION ( 'NONE',  ( -1.000000000000000000, 0.000000000000000000, 0.000000000000000000 ) ) ;
#8469 = ORIENTED_EDGE ( 'NONE', *, *, #3616, .T. ) ;
#8470 = CARTESIAN_POINT ( 'NONE',  ( 111.7500000000001279, -32.05000000000007532, 6.349999999999999645 ) ) ;
#8471 = DIRECTION ( 'NONE',  ( -1.000000000000000000, -1.387778780781446070E-15, 0.000000000000000000 ) ) ;
#8472 = VERTEX_POINT ( 'NONE', #4058 ) ;
#8473 = EDGE_LOOP ( 'NONE', ( #10033, #8722, #2204, #92 ) ) ;
#8474 = CARTESIAN_POINT ( 'NONE',  ( 163.3000000000000966, -32.05000000000007532, 6.349999999999999645 ) ) ;
#8475 = ORIENTED_EDGE ( 'NONE', *, *, #9029, .F. ) ;
#8476 = CARTESIAN_POINT ( 'NONE',  ( 170.2000000000001307, -32.05000000000007532, 0.000000000000000000 ) ) ;
#8477 = DIRECTION ( 'NONE',  ( -0.000000000000000000, -0.000000000000000000, -1.000000000000000000 ) ) ;
#8478 = EDGE_CURVE ( 'NONE', #6009, #4577, #9101, .T. ) ;
#8479 = CARTESIAN_POINT ( 'NONE',  ( 18.71000000000000441, -20.00000000000000000, 6.349999999999999645 ) ) ;
#8480 = DIRECTION ( 'NONE',  ( -1.000000000000000000, 0.000000000000000000, 0.000000000000000000 ) ) ;
#8481 = EDGE_LOOP ( 'NONE', ( #6499, #1764, #5785, #7541 ) ) ;
#8482 = DIRECTION ( 'NONE',  ( -1.000000000000000000, 0.000000000000000000, 0.000000000000000000 ) ) ;
#8483 = ORIENTED_EDGE ( 'NONE', *, *, #1983, .T. ) ;
#8484 = DIRECTION ( 'NONE',  ( -1.000000000000000000, 0.000000000000000000, 0.000000000000000000 ) ) ;
#8485 = ORIENTED_EDGE ( 'NONE', *, *, #10784, .F. ) ;
#8486 = LINE ( 'NONE', #4950, #10909 ) ;
#8487 = DIRECTION ( 'NONE',  ( 6.938893903907227392E-16, -1.000000000000000000, -0.000000000000000000 ) ) ;
#8488 = ORIENTED_EDGE ( 'NONE', *, *, #1403, .T. ) ;
#8489 = EDGE_CURVE ( 'NONE', #3201, #7439, #3213, .T. ) ;
#8490 = CIRCLE ( 'NONE', #7959, 6.000000000000005329 ) ;
#8491 = DIRECTION ( 'NONE',  ( -1.000000000000000000, 0.000000000000000000, 0.000000000000000000 ) ) ;
#8492 = EDGE_CURVE ( 'NONE', #6830, #10344, #3009, .T. ) ;
#8493 = ORIENTED_EDGE ( 'NONE', *, *, #6787, .T. ) ;
#8494 = LINE ( 'NONE', #3695, #5044 ) ;
#8495 = EDGE_LOOP ( 'NONE', ( #968, #10905, #2715, #2189 ) ) ;
#8496 = CARTESIAN_POINT ( 'NONE',  ( 181.7500000000000853, 72.05000000000005400, 6.349999999999999645 ) ) ;
#8497 = FACE_OUTER_BOUND ( 'NONE', #715, .T. ) ;
#8498 = CARTESIAN_POINT ( 'NONE',  ( 281.7500000000000568, -45.40000000000001279, 6.349999999999999645 ) ) ;
#8499 = ORIENTED_EDGE ( 'NONE', *, *, #9780, .F. ) ;
#8500 = EDGE_CURVE ( 'NONE', #4727, #763, #2220, .T. ) ;
#8501 = EDGE_CURVE ( 'NONE', #1799, #8125, #6368, .T. ) ;
#8502 = DIRECTION ( 'NONE',  ( 0.000000000000000000, 0.000000000000000000, 1.000000000000000000 ) ) ;
#8503 = LINE ( 'NONE', #5188, #8454 ) ;
#8504 = ORIENTED_EDGE ( 'NONE', *, *, #1261, .T. ) ;
#8505 = LINE ( 'NONE', #8396, #3473 ) ;
#8506 = EDGE_LOOP ( 'NONE', ( #2053, #6591, #5763, #10763 ) ) ;
#8507 = ORIENTED_EDGE ( 'NONE', *, *, #3507, .T. ) ;
#8508 = CARTESIAN_POINT ( 'NONE',  ( 53.30000000000006111, 72.05000000000005400, 6.349999999999999645 ) ) ;
#8509 = DIRECTION ( 'NONE',  ( 1.000000000000000000, 1.387778780781445676E-15, -0.000000000000000000 ) ) ;
#8510 = ORIENTED_EDGE ( 'NONE', *, *, #9122, .F. ) ;
#8511 = LINE ( 'NONE', #929, #8242 ) ;
#8512 = DIRECTION ( 'NONE',  ( -0.000000000000000000, -0.000000000000000000, -1.000000000000000000 ) ) ;
#8513 = ORIENTED_EDGE ( 'NONE', *, *, #1068, .F. ) ;
#8514 = DIRECTION ( 'NONE',  ( 6.938893903907241197E-16, -1.000000000000000000, 0.000000000000000000 ) ) ;
#8515 = EDGE_CURVE ( 'NONE', #5674, #10591, #3645, .T. ) ;
#8516 = EDGE_CURVE ( 'NONE', #1936, #5799, #8910, .T. ) ;
#8517 = EDGE_LOOP ( 'NONE', ( #7215, #8561, #958, #1524 ) ) ;
#8518 = CIRCLE ( 'NONE', #2877, 1.549999999999995826 ) ;
#8519 = CARTESIAN_POINT ( 'NONE',  ( 280.1999999999999886, 5.399999999999998579, 6.349999999999999645 ) ) ;
#8520 = FACE_OUTER_BOUND ( 'NONE', #10213, .T. ) ;
#8521 = VERTEX_POINT ( 'NONE', #9017 ) ;
#8522 = VERTEX_POINT ( 'NONE', #1432 ) ;
#8523 = CARTESIAN_POINT ( 'NONE',  ( 53.30000000000006821, 32.05000000000005400, 0.000000000000000000 ) ) ;
#8524 = VERTEX_POINT ( 'NONE', #4932 ) ;
#8525 = LINE ( 'NONE', #9012, #944 ) ;
#8526 = CARTESIAN_POINT ( 'NONE',  ( 90.20000000000008811, 72.05000000000005400, 6.349999999999999645 ) ) ;
#8527 = CARTESIAN_POINT ( 'NONE',  ( 51.75000000000008527, 32.05000000000005400, 6.349999999999999645 ) ) ;
#8528 = CARTESIAN_POINT ( 'NONE',  ( 20.26000000000000156, -20.00000000000000000, 0.000000000000000000 ) ) ;
#8529 = CIRCLE ( 'NONE', #5352, 1.549999999999999378 ) ;
#8530 = LINE ( 'NONE', #5881, #8921 ) ;
#8531 = VERTEX_POINT ( 'NONE', #6807 ) ;
#8533 = AXIS2_PLACEMENT_3D ( 'NONE', #948, #841, #6815 ) ;
#8532 = CARTESIAN_POINT ( 'NONE',  ( 73.30000000000011084, -32.05000000000007532, 0.000000000000000000 ) ) ;
#8534 = ORIENTED_EDGE ( 'NONE', *, *, #3440, .T. ) ;
#8535 = EDGE_CURVE ( 'NONE', #4409, #8315, #10875, .T. ) ;
#8536 = EDGE_LOOP ( 'NONE', ( #1215, #605, #1248, #3363 ) ) ;
#8537 = ORIENTED_EDGE ( 'NONE', *, *, #3873, .F. ) ;
#8538 = CARTESIAN_POINT ( 'NONE',  ( 300.2000000000001023, -45.39999999999999858, 6.349999999999999645 ) ) ;
#8539 = FACE_OUTER_BOUND ( 'NONE', #10779, .T. ) ;
#8540 = LINE ( 'NONE', #4351, #8643 ) ;
#8541 = VECTOR ( 'NONE', #7809, 1000.000000000000000 ) ;
#8542 = CARTESIAN_POINT ( 'NONE',  ( 53.30000000000011084, -32.05000000000007532, 6.349999999999999645 ) ) ;
#8543 = VERTEX_POINT ( 'NONE', #5921 ) ;
#8544 = EDGE_CURVE ( 'NONE', #1475, #6108, #9294, .T. ) ;
#8545 = DIRECTION ( 'NONE',  ( -0.000000000000000000, -0.000000000000000000, -1.000000000000000000 ) ) ;
#8546 = ORIENTED_EDGE ( 'NONE', *, *, #9354, .T. ) ;
#8547 = CARTESIAN_POINT ( 'NONE',  ( 223.3000000000001535, -72.05000000000008242, 6.349999999999999645 ) ) ;
#8548 = FACE_OUTER_BOUND ( 'NONE', #5253, .T. ) ;
#8549 = DIRECTION ( 'NONE',  ( 1.040834085586084059E-15, -1.000000000000000000, 0.000000000000000000 ) ) ;
#8550 = ORIENTED_EDGE ( 'NONE', *, *, #3477, .F. ) ;
#8551 = DIRECTION ( 'NONE',  ( 0.000000000000000000, 0.000000000000000000, 1.000000000000000000 ) ) ;
#8552 = LINE ( 'NONE', #10225, #10224 ) ;
#8553 = VERTEX_POINT ( 'NONE', #1550 ) ;
#8554 = ADVANCED_FACE ( 'NONE', ( #7464 ), #9356, .T. ) ;
#8555 = CARTESIAN_POINT ( 'NONE',  ( 50.20000000000008811, 20.00000000000000355, 6.349999999999999645 ) ) ;
#8556 = EDGE_LOOP ( 'NONE', ( #179, #3557, #3470, #5812 ) ) ;
#8557 = ORIENTED_EDGE ( 'NONE', *, *, #3494, .F. ) ;
#8558 = CARTESIAN_POINT ( 'NONE',  ( 163.3000000000000966, -32.05000000000007532, 6.349999999999999645 ) ) ;
#8559 = CIRCLE ( 'NONE', #626, 1.549999999999995826 ) ;
#8560 = DIRECTION ( 'NONE',  ( -1.000000000000000000, 0.000000000000000000, 0.000000000000000000 ) ) ;
#8561 = ORIENTED_EDGE ( 'NONE', *, *, #9124, .F. ) ;
#8562 = CARTESIAN_POINT ( 'NONE',  ( 190.2000000000001592, -72.05000000000008242, 6.349999999999999645 ) ) ;
#8563 = DIRECTION ( 'NONE',  ( -0.000000000000000000, -0.000000000000000000, -1.000000000000000000 ) ) ;
#8564 = EDGE_LOOP ( 'NONE', ( #5141, #9019, #2307, #3350 ) ) ;
#8565 = DIRECTION ( 'NONE',  ( -3.469446951953620598E-16, 1.000000000000000000, 0.000000000000000000 ) ) ;
#8566 = VECTOR ( 'NONE', #8669, 1000.000000000000000 ) ;
#8567 = CIRCLE ( 'NONE', #9799, 1.549999999999995826 ) ;
#8568 = EDGE_CURVE ( 'NONE', #8871, #3398, #10239, .T. ) ;
#8569 = PLANE ( 'NONE',  #2985 ) ;
#8570 = CARTESIAN_POINT ( 'NONE',  ( 161.7500000000001421, -72.05000000000008242, 6.349999999999999645 ) ) ;
#8571 = VERTEX_POINT ( 'NONE', #10841 ) ;
#8572 = ORIENTED_EDGE ( 'NONE', *, *, #4469, .F. ) ;
#8573 = ADVANCED_FACE ( 'NONE', ( #8520 ), #711, .T. ) ;
#8574 = LINE ( 'NONE', #6754, #10025 ) ;
#8575 = EDGE_CURVE ( 'NONE', #3340, #6670, #4175, .T. ) ;
#8576 = EDGE_CURVE ( 'NONE', #2780, #9304, #2615, .T. ) ;
#8577 = DIRECTION ( 'NONE',  ( 1.000000000000000000, 6.938893903907230350E-16, -0.000000000000000000 ) ) ;
#8578 = ORIENTED_EDGE ( 'NONE', *, *, #5211, .F. ) ;
#8579 = CARTESIAN_POINT ( 'NONE',  ( 283.3000000000000114, 45.40000000000000568, 6.349999999999999645 ) ) ;
#8580 = VECTOR ( 'NONE', #8709, 1000.000000000000000 ) ;
#8581 = VECTOR ( 'NONE', #768, 1000.000000000000000 ) ;
#8582 = DIRECTION ( 'NONE',  ( -0.000000000000000000, -0.000000000000000000, -1.000000000000000000 ) ) ;
#8583 = CARTESIAN_POINT ( 'NONE',  ( 210.2000000000000739, 72.05000000000005400, 6.349999999999999645 ) ) ;
#8584 = AXIS2_PLACEMENT_3D ( 'NONE', #6453, #7233, #7280 ) ;
#8585 = CARTESIAN_POINT ( 'NONE',  ( 250.2000000000000455, 5.399999999999998579, 6.349999999999999645 ) ) ;
#8586 = VECTOR ( 'NONE', #644, 1000.000000000000000 ) ;
#8587 = DIRECTION ( 'NONE',  ( 0.000000000000000000, 0.000000000000000000, 1.000000000000000000 ) ) ;
#8588 = EDGE_LOOP ( 'NONE', ( #9941, #8724, #8058, #3713 ) ) ;
#8589 = DIRECTION ( 'NONE',  ( -6.938893903907227392E-16, 1.000000000000000000, -0.000000000000000000 ) ) ;
#8590 = EDGE_CURVE ( 'NONE', #8944, #4762, #938, .T. ) ;
#8591 = VECTOR ( 'NONE', #6692, 1000.000000000000000 ) ;
#8592 = EDGE_CURVE ( 'NONE', #7629, #2633, #52, .T. ) ;
#8593 = VERTEX_POINT ( 'NONE', #9297 ) ;
#8594 = ORIENTED_EDGE ( 'NONE', *, *, #3705, .F. ) ;
#8595 = CIRCLE ( 'NONE', #9296, 1.549999999999995826 ) ;
#8596 = CARTESIAN_POINT ( 'NONE',  ( 126.7857146142317646, -30.31245604999991983, 6.349999999999999645 ) ) ;
#8597 = CARTESIAN_POINT ( 'NONE',  ( 31.75000000000000000, -82.55000000000001137, 6.349999999999999645 ) ) ;
#8598 = LINE ( 'NONE', #1071, #4082 ) ;
#8599 = VECTOR ( 'NONE', #10772, 1000.000000000000000 ) ;
#8600 = CARTESIAN_POINT ( 'NONE',  ( 81.75000000000015632, -72.05000000000008242, 6.349999999999999645 ) ) ;
#8601 = AXIS2_PLACEMENT_3D ( 'NONE', #6219, #4620, #2017 ) ;
#8602 = EDGE_LOOP ( 'NONE', ( #8052, #2221, #3696, #9481 ) ) ;
#8603 = PLANE ( 'NONE',  #6280 ) ;
#8604 = ORIENTED_EDGE ( 'NONE', *, *, #5616, .T. ) ;
#8605 = FACE_OUTER_BOUND ( 'NONE', #646, .T. ) ;
#8606 = VECTOR ( 'NONE', #8715, 1000.000000000000000 ) ;
#8607 = DIRECTION ( 'NONE',  ( -1.000000000000000000, 0.000000000000000000, 0.000000000000000000 ) ) ;
#8608 = DIRECTION ( 'NONE',  ( -1.387778780781445478E-15, 1.000000000000000000, 0.000000000000000000 ) ) ;
#8609 = VERTEX_POINT ( 'NONE', #6635 ) ;
#8610 = CIRCLE ( 'NONE', #4898, 1.549999999999995826 ) ;
#8611 = EDGE_CURVE ( 'NONE', #4983, #10672, #2041, .T. ) ;
#8612 = CIRCLE ( 'NONE', #1913, 1.549999999999988942 ) ;
#8613 = AXIS2_PLACEMENT_3D ( 'NONE', #4294, #8435, #854 ) ;
#8614 = CARTESIAN_POINT ( 'NONE',  ( 290.1999999999999886, 5.399999999999998579, 0.000000000000000000 ) ) ;
#8615 = CARTESIAN_POINT ( 'NONE',  ( 180.2000000000001307, -32.05000000000007532, 0.000000000000000000 ) ) ;
#8616 = VERTEX_POINT ( 'NONE', #5815 ) ;
#8617 = VECTOR ( 'NONE', #7866, 1000.000000000000000 ) ;
#8618 = LINE ( 'NONE', #3590, #9108 ) ;
#8619 = VERTEX_POINT ( 'NONE', #4278 ) ;
#8620 = ORIENTED_EDGE ( 'NONE', *, *, #8535, .T. ) ;
#8621 = DIRECTION ( 'NONE',  ( 1.000000000000000000, 3.469446951953620598E-16, -0.000000000000000000 ) ) ;
#8622 = LINE ( 'NONE', #10330, #6452 ) ;
#8623 = ORIENTED_EDGE ( 'NONE', *, *, #1681, .F. ) ;
#8624 = CARTESIAN_POINT ( 'NONE',  ( 220.2000000000001307, -32.05000000000007532, 6.349999999999999645 ) ) ;
#8625 = CARTESIAN_POINT ( 'NONE',  ( 203.3000000000000966, -32.05000000000007532, -0.000000000000000000 ) ) ;
#8626 = EDGE_LOOP ( 'NONE', ( #296, #9803, #1361, #5909 ) ) ;
#8627 = CIRCLE ( 'NONE', #1195, 1.549999999999995826 ) ;
#8628 = DIRECTION ( 'NONE',  ( 0.000000000000000000, 0.000000000000000000, 1.000000000000000000 ) ) ;
#8629 = ADVANCED_FACE ( 'NONE', ( #1721 ), #9185, .T. ) ;
#8630 = EDGE_CURVE ( 'NONE', #7237, #10571, #7701, .T. ) ;
#8631 = AXIS2_PLACEMENT_3D ( 'NONE', #9056, #7397, #3371 ) ;
#8632 = DIRECTION ( 'NONE',  ( 0.000000000000000000, 0.000000000000000000, 1.000000000000000000 ) ) ;
#8633 = AXIS2_PLACEMENT_3D ( 'NONE', #3919, #3032, #5722 ) ;
#8634 = DIRECTION ( 'NONE',  ( 3.469446951953613696E-16, -1.000000000000000000, 0.000000000000000000 ) ) ;
#8635 = ORIENTED_EDGE ( 'NONE', *, *, #10158, .F. ) ;
#8636 = ORIENTED_EDGE ( 'NONE', *, *, #510, .F. ) ;
#8637 = DIRECTION ( 'NONE',  ( -0.000000000000000000, -0.000000000000000000, -1.000000000000000000 ) ) ;
#8638 = FACE_BOUND ( 'NONE', #9905, .T. ) ;
#8639 = VERTEX_POINT ( 'NONE', #7526 ) ;
#8640 = EDGE_LOOP ( 'NONE', ( #10254, #9344, #7579, #1722 ) ) ;
#8641 = FACE_OUTER_BOUND ( 'NONE', #5775, .T. ) ;
#8642 = CARTESIAN_POINT ( 'NONE',  ( 290.1999999999999886, -5.400000000000007461, 6.349999999999999645 ) ) ;
#8643 = VECTOR ( 'NONE', #132, 1000.000000000000000 ) ;
#8644 = DIRECTION ( 'NONE',  ( -1.000000000000000000, -1.734723475976807094E-16, 0.000000000000000000 ) ) ;
#8645 = EDGE_CURVE ( 'NONE', #3897, #5594, #3338, .T. ) ;
#8646 = EDGE_CURVE ( 'NONE', #10361, #10477, #6281, .T. ) ;
#8647 = CARTESIAN_POINT ( 'NONE',  ( 221.7500000000001137, 32.05000000000005400, 6.349999999999999645 ) ) ;
#8648 = DIRECTION ( 'NONE',  ( 1.000000000000000000, 0.000000000000000000, 0.000000000000000000 ) ) ;
#8649 = ORIENTED_EDGE ( 'NONE', *, *, #3149, .T. ) ;
#8650 = FACE_OUTER_BOUND ( 'NONE', #8506, .T. ) ;
#8651 = ORIENTED_EDGE ( 'NONE', *, *, #9707, .T. ) ;
#8652 = PLANE ( 'NONE',  #5402 ) ;
#8653 = LINE ( 'NONE', #1963, #2536 ) ;
#8654 = DIRECTION ( 'NONE',  ( 0.000000000000000000, 0.000000000000000000, 1.000000000000000000 ) ) ;
#8655 = EDGE_CURVE ( 'NONE', #5846, #9546, #9240, .T. ) ;
#8656 = EDGE_CURVE ( 'NONE', #7166, #2884, #10519, .T. ) ;
#8657 = CARTESIAN_POINT ( 'NONE',  ( 83.30000000000011084, -32.05000000000007532, 6.349999999999999645 ) ) ;
#8658 = APPLICATION_CONTEXT ( 'automotive_design' ) ;
#8659 = ORIENTED_EDGE ( 'NONE', *, *, #8685, .T. ) ;
#8660 = LINE ( 'NONE', #9488, #4352 ) ;
#8661 = ORIENTED_EDGE ( 'NONE', *, *, #6352, .T. ) ;
#8662 = CARTESIAN_POINT ( 'NONE',  ( 221.7500000000000000, 20.00000000000000355, 0.000000000000000000 ) ) ;
#8663 = CARTESIAN_POINT ( 'NONE',  ( 70.20000000000015916, -72.05000000000008242, 6.349999999999999645 ) ) ;
#8664 = LINE ( 'NONE', #4471, #3582 ) ;
#8665 = ORIENTED_EDGE ( 'NONE', *, *, #6644, .F. ) ;
#8666 = DIRECTION ( 'NONE',  ( -0.000000000000000000, -0.000000000000000000, -1.000000000000000000 ) ) ;
#8667 = DIRECTION ( 'NONE',  ( 1.000000000000000000, 0.000000000000000000, 0.000000000000000000 ) ) ;
#8668 = ORIENTED_EDGE ( 'NONE', *, *, #6171, .F. ) ;
#8669 = DIRECTION ( 'NONE',  ( -0.000000000000000000, -1.000000000000000000, -0.000000000000000000 ) ) ;
#8670 = ORIENTED_EDGE ( 'NONE', *, *, #323, .F. ) ;
#8671 = VERTEX_POINT ( 'NONE', #327 ) ;
#8672 = DIRECTION ( 'NONE',  ( 3.469446951953620598E-16, -1.000000000000000000, 0.000000000000000000 ) ) ;
#8673 = EDGE_CURVE ( 'NONE', #10139, #8027, #5367, .T. ) ;
#8674 = DIRECTION ( 'NONE',  ( -1.000000000000000000, 0.000000000000000000, 0.000000000000000000 ) ) ;
#8675 = EDGE_LOOP ( 'NONE', ( #8668, #7845, #7133, #5039 ) ) ;
#8676 = DIRECTION ( 'NONE',  ( 3.469446951953620598E-16, -1.000000000000000000, -0.000000000000000000 ) ) ;
#8677 = LINE ( 'NONE', #1876, #6054 ) ;
#8678 = ORIENTED_EDGE ( 'NONE', *, *, #8516, .T. ) ;
#8679 = PRESENTATION_STYLE_ASSIGNMENT (( #5312 ) ) ;
#8680 = LINE ( 'NONE', #7021, #2979 ) ;
#8681 = PLANE ( 'NONE',  #3280 ) ;
#8682 = ORIENTED_EDGE ( 'NONE', *, *, #2230, .F. ) ;
#8683 = EDGE_LOOP ( 'NONE', ( #2498, #630, #8651, #6093 ) ) ;
#8684 = LINE ( 'NONE', #4602, #2443 ) ;
#8685 = EDGE_CURVE ( 'NONE', #6702, #5539, #7336, .T. ) ;
#8686 = FACE_BOUND ( 'NONE', #2970, .T. ) ;
#8687 = ORIENTED_EDGE ( 'NONE', *, *, #1115, .T. ) ;
#8688 = ORIENTED_EDGE ( 'NONE', *, *, #9091, .F. ) ;
#8689 = CARTESIAN_POINT ( 'NONE',  ( 231.7500000000000568, -5.400000000000049205, 0.000000000000000000 ) ) ;
#8690 = DIRECTION ( 'NONE',  ( -0.000000000000000000, -0.000000000000000000, -1.000000000000000000 ) ) ;
#8691 = DIRECTION ( 'NONE',  ( -6.938893903907241197E-16, 1.000000000000000000, 0.000000000000000000 ) ) ;
#8692 = CIRCLE ( 'NONE', #2698, 1.549999999999995826 ) ;
#8693 = CARTESIAN_POINT ( 'NONE',  ( 163.3000000000000682, 32.05000000000005400, 6.349999999999999645 ) ) ;
#8694 = DIRECTION ( 'NONE',  ( -1.040834085586084059E-15, 1.000000000000000000, -0.000000000000000000 ) ) ;
#8695 = ORIENTED_EDGE ( 'NONE', *, *, #1012, .T. ) ;
#8696 = LINE ( 'NONE', #7087, #5689 ) ;
#8697 = EDGE_CURVE ( 'NONE', #3378, #6074, #5203, .T. ) ;
#8698 = ORIENTED_EDGE ( 'NONE', *, *, #9364, .F. ) ;
#8699 = AXIS2_PLACEMENT_3D ( 'NONE', #4750, #9824, #8891 ) ;
#8700 = EDGE_CURVE ( 'NONE', #109, #2660, #5935, .T. ) ;
#8701 = EDGE_CURVE ( 'NONE', #6287, #8619, #1945, .T. ) ;
#8702 = LINE ( 'NONE', #7982, #2399 ) ;
#8703 = CARTESIAN_POINT ( 'NONE',  ( 40.20000000000012363, -32.05000000000007532, 6.349999999999999645 ) ) ;
#8704 = DIRECTION ( 'NONE',  ( 0.000000000000000000, 0.000000000000000000, 1.000000000000000000 ) ) ;
#8705 = VECTOR ( 'NONE', #790, 1000.000000000000000 ) ;
#8706 = VECTOR ( 'NONE', #5711, 1000.000000000000000 ) ;
#8707 = DIRECTION ( 'NONE',  ( -1.000000000000000000, -6.938893903907227392E-16, 0.000000000000000000 ) ) ;
#8708 = ORIENTED_EDGE ( 'NONE', *, *, #10272, .F. ) ;
#8709 = DIRECTION ( 'NONE',  ( -0.000000000000000000, -0.000000000000000000, -1.000000000000000000 ) ) ;
#8710 = EDGE_LOOP ( 'NONE', ( #6823, #5089, #5861, #862 ) ) ;
#8711 = CARTESIAN_POINT ( 'NONE',  ( 70.20000000000010232, 32.05000000000005400, 6.349999999999999645 ) ) ;
#8712 = EDGE_CURVE ( 'NONE', #3269, #7625, #5263, .T. ) ;
#8713 = ADVANCED_FACE ( 'NONE', ( #1153 ), #266, .F. ) ;
#8714 = EDGE_CURVE ( 'NONE', #403, #7057, #8759, .T. ) ;
#8715 = DIRECTION ( 'NONE',  ( -0.000000000000000000, -1.000000000000000000, -0.000000000000000000 ) ) ;
#8716 = DIRECTION ( 'NONE',  ( -0.000000000000000000, -0.000000000000000000, -1.000000000000000000 ) ) ;
#8717 = VECTOR ( 'NONE', #8029, 1000.000000000000000 ) ;
#8718 = ORIENTED_EDGE ( 'NONE', *, *, #2322, .F. ) ;
#8719 = AXIS2_PLACEMENT_3D ( 'NONE', #4879, #8255, #609 ) ;
#8720 = CARTESIAN_POINT ( 'NONE',  ( 80.20000000000013074, -32.05000000000007532, 6.349999999999999645 ) ) ;
#8721 = CARTESIAN_POINT ( 'NONE',  ( 140.2000000000001307, -32.05000000000007532, 0.000000000000000000 ) ) ;
#8722 = ORIENTED_EDGE ( 'NONE', *, *, #7751, .F. ) ;
#8723 = FACE_OUTER_BOUND ( 'NONE', #6320, .T. ) ;
#8724 = ORIENTED_EDGE ( 'NONE', *, *, #5007, .F. ) ;
#8725 = ORIENTED_EDGE ( 'NONE', *, *, #4040, .T. ) ;
#8726 = CARTESIAN_POINT ( 'NONE',  ( 290.1999999999999886, -5.400000000000007461, 6.349999999999999645 ) ) ;
#8727 = EDGE_CURVE ( 'NONE', #1429, #7760, #10405, .T. ) ;
#8728 = CARTESIAN_POINT ( 'NONE',  ( 80.20000000000013074, -32.05000000000007532, 0.000000000000000000 ) ) ;
#8729 = CARTESIAN_POINT ( 'NONE',  ( 93.29999999999999716, 20.00000000000000355, 6.349999999999999645 ) ) ;
#8730 = FACE_BOUND ( 'NONE', #4925, .T. ) ;
#8731 = ORIENTED_EDGE ( 'NONE', *, *, #4669, .T. ) ;
#8732 = LINE ( 'NONE', #1149, #3583 ) ;
#8733 = CARTESIAN_POINT ( 'NONE',  ( 183.3000000000000682, 72.05000000000005400, 6.349999999999999645 ) ) ;
#8734 = DIRECTION ( 'NONE',  ( -1.000000000000000000, 0.000000000000000000, 0.000000000000000000 ) ) ;
#8735 = VERTEX_POINT ( 'NONE', #5315 ) ;
#8736 = ORIENTED_EDGE ( 'NONE', *, *, #4721, .F. ) ;
#8737 = CARTESIAN_POINT ( 'NONE',  ( 93.30000000000011084, -32.05000000000007532, 0.000000000000000000 ) ) ;
#8738 = FACE_BOUND ( 'NONE', #5720, .T. ) ;
#8739 = ORIENTED_EDGE ( 'NONE', *, *, #912, .F. ) ;
#8740 = VERTEX_POINT ( 'NONE', #10448 ) ;
#8741 = CARTESIAN_POINT ( 'NONE',  ( 170.2000000000001307, -32.05000000000007532, 6.349999999999999645 ) ) ;
#8742 = DIRECTION ( 'NONE',  ( -1.000000000000000000, -8.673617379884034486E-16, 0.000000000000000000 ) ) ;
#8743 = PLANE ( 'NONE',  #278 ) ;
#8744 = CIRCLE ( 'NONE', #261, 1.549999999999995826 ) ;
#8745 = CIRCLE ( 'NONE', #7690, 1.549999999999995826 ) ;
#8746 = EDGE_CURVE ( 'NONE', #7126, #9566, #1867, .T. ) ;
#8747 = DIRECTION ( 'NONE',  ( -0.000000000000000000, -0.000000000000000000, -1.000000000000000000 ) ) ;
#8748 = CARTESIAN_POINT ( 'NONE',  ( 263.3000000000001251, -45.40000000000003411, 6.349999999999999645 ) ) ;
#8749 = ORIENTED_EDGE ( 'NONE', *, *, #5210, .F. ) ;
#8750 = CYLINDRICAL_SURFACE ( 'NONE', #2521, 1.549999999999995826 ) ;
#8751 = VECTOR ( 'NONE', #5546, 1000.000000000000000 ) ;
#8752 = AXIS2_PLACEMENT_3D ( 'NONE', #7599, #5217, #3281 ) ;
#8753 = ORIENTED_EDGE ( 'NONE', *, *, #4736, .T. ) ;
#8754 = FACE_OUTER_BOUND ( 'NONE', #2104, .T. ) ;
#8755 = LINE ( 'NONE', #1176, #10811 ) ;
#8756 = DIRECTION ( 'NONE',  ( 0.000000000000000000, -1.000000000000000000, 0.000000000000000000 ) ) ;
#8757 = AXIS2_PLACEMENT_3D ( 'NONE', #1898, #8582, #7763 ) ;
#8758 = AXIS2_PLACEMENT_3D ( 'NONE', #2195, #422, #8062 ) ;
#8759 = CIRCLE ( 'NONE', #6632, 1.549999999999995826 ) ;
#8760 = ADVANCED_FACE ( 'NONE', ( #4439 ), #8681, .T. ) ;
#8761 = ADVANCED_FACE ( 'NONE', ( #2883 ), #2838, .F. ) ;
#8762 = CARTESIAN_POINT ( 'NONE',  ( 328.1214292284635690, 19.99999999999999645, 0.000000000000000000 ) ) ;
#8763 = VERTEX_POINT ( 'NONE', #6144 ) ;
#8764 = AXIS2_PLACEMENT_3D ( 'NONE', #1584, #8964, #7132 ) ;
#8765 = CARTESIAN_POINT ( 'NONE',  ( 53.30000000000006821, 32.05000000000005400, 6.349999999999999645 ) ) ;
#8766 = EDGE_LOOP ( 'NONE', ( #9487, #10423, #3693, #1468 ) ) ;
#8767 = LINE ( 'NONE', #5395, #7553 ) ;
#8768 = VECTOR ( 'NONE', #3966, 1000.000000000000000 ) ;
#8769 = DIRECTION ( 'NONE',  ( 0.000000000000000000, 0.000000000000000000, -1.000000000000000000 ) ) ;
#8770 = CARTESIAN_POINT ( 'NONE',  ( 181.7500000000001705, -72.05000000000008242, 6.349999999999999645 ) ) ;
#8771 = EDGE_LOOP ( 'NONE', ( #10095, #1981, #6888, #10464 ) ) ;
#8772 = AXIS2_PLACEMENT_3D ( 'NONE', #6626, #6569, #8234 ) ;
#8773 = ADVANCED_FACE ( 'NONE', ( #9614 ), #1102, .T. ) ;
#8774 = VECTOR ( 'NONE', #6172, 1000.000000000000000 ) ;
#8775 = VECTOR ( 'NONE', #8322, 1000.000000000000000 ) ;
#8776 = ADVANCED_FACE ( 'NONE', ( #4492 ), #7915, .T. ) ;
#8777 = ADVANCED_FACE ( 'NONE', ( #5419 ), #8796, .F. ) ;
#8778 = CARTESIAN_POINT ( 'NONE',  ( 63.30000000000006111, 32.05000000000005400, 6.349999999999999645 ) ) ;
#8779 = AXIS2_PLACEMENT_3D ( 'NONE', #4537, #318, #10553 ) ;
#8780 = EDGE_LOOP ( 'NONE', ( #6943, #1388, #201, #2434 ) ) ;
#8781 = DIRECTION ( 'NONE',  ( 0.000000000000000000, 1.000000000000000000, 0.000000000000000000 ) ) ;
#8782 = EDGE_LOOP ( 'NONE', ( #9162, #1088, #6793, #742 ) ) ;
#8783 = ORIENTED_EDGE ( 'NONE', *, *, #2156, .T. ) ;
#8784 = CARTESIAN_POINT ( 'NONE',  ( 141.7500000000000853, 32.05000000000005400, 6.349999999999999645 ) ) ;
#8785 = CIRCLE ( 'NONE', #127, 1.549999999999995826 ) ;
#8786 = DIRECTION ( 'NONE',  ( -6.938893903907241197E-16, 1.000000000000000000, 0.000000000000000000 ) ) ;
#8787 = FACE_BOUND ( 'NONE', #341, .T. ) ;
#8788 = EDGE_LOOP ( 'NONE', ( #5153, #8839, #10016, #7816 ) ) ;
#8789 = VECTOR ( 'NONE', #2585, 1000.000000000000000 ) ;
#8790 = VECTOR ( 'NONE', #1019, 1000.000000000000000 ) ;
#8791 = EDGE_CURVE ( 'NONE', #9776, #769, #3552, .T. ) ;
#8792 = EDGE_CURVE ( 'NONE', #9192, #3476, #7284, .T. ) ;
#8793 = DIRECTION ( 'NONE',  ( -0.000000000000000000, -0.000000000000000000, -1.000000000000000000 ) ) ;
#8794 = AXIS2_PLACEMENT_3D ( 'NONE', #9848, #2276, #9014 ) ;
#8795 = DIRECTION ( 'NONE',  ( 0.000000000000000000, 0.000000000000000000, 1.000000000000000000 ) ) ;
#8796 = CYLINDRICAL_SURFACE ( 'NONE', #9995, 1.549999999999988942 ) ;
#8797 = EDGE_LOOP ( 'NONE', ( #4952, #7201, #1058, #5071 ) ) ;
#8798 = ORIENTED_EDGE ( 'NONE', *, *, #9928, .T. ) ;
#8799 = DIRECTION ( 'NONE',  ( 0.000000000000000000, 0.000000000000000000, 1.000000000000000000 ) ) ;
#8800 = VECTOR ( 'NONE', #10727, 1000.000000000000000 ) ;
#8801 = FACE_BOUND ( 'NONE', #6369, .T. ) ;
#8802 = ORIENTED_EDGE ( 'NONE', *, *, #5007, .T. ) ;
#8803 = ORIENTED_EDGE ( 'NONE', *, *, #8070, .F. ) ;
#8804 = DIRECTION ( 'NONE',  ( -1.000000000000000000, 0.000000000000000000, 0.000000000000000000 ) ) ;
#8805 = CARTESIAN_POINT ( 'NONE',  ( 140.2000000000001307, -32.05000000000007532, 6.349999999999999645 ) ) ;
#8806 = EDGE_LOOP ( 'NONE', ( #1034, #7792, #4717, #1930 ) ) ;
#8807 = CIRCLE ( 'NONE', #1554, 1.549999999999995826 ) ;
#8808 = DIRECTION ( 'NONE',  ( -1.000000000000000000, 0.000000000000000000, 0.000000000000000000 ) ) ;
#8809 = VECTOR ( 'NONE', #10816, 1000.000000000000000 ) ;
#8810 = CARTESIAN_POINT ( 'NONE',  ( 31.75000000000011724, -32.05000000000007532, 6.349999999999999645 ) ) ;
#8811 = AXIS2_PLACEMENT_3D ( 'NONE', #973, #9341, #249 ) ;
#8812 = CARTESIAN_POINT ( 'NONE',  ( 243.3000000000000114, 5.399999999999999467, 6.349999999999999645 ) ) ;
#8813 = ORIENTED_EDGE ( 'NONE', *, *, #2213, .F. ) ;
#8814 = DIRECTION ( 'NONE',  ( -0.000000000000000000, 0.000000000000000000, -1.000000000000000000 ) ) ;
#8815 = VERTEX_POINT ( 'NONE', #9775 ) ;
#8816 = ADVANCED_FACE ( 'NONE', ( #5678 ), #8065, .F. ) ;
#8817 = CARTESIAN_POINT ( 'NONE',  ( 222.2500000000000000, 82.55000000000001137, 0.000000000000000000 ) ) ;
#8818 = CARTESIAN_POINT ( 'NONE',  ( 283.3000000000000114, 5.399999999999999467, 6.349999999999999645 ) ) ;
#8819 = CARTESIAN_POINT ( 'NONE',  ( 173.3000000000000966, -19.99999999999992184, 6.349999999999999645 ) ) ;
#8820 = FACE_OUTER_BOUND ( 'NONE', #4303, .T. ) ;
#8821 = EDGE_LOOP ( 'NONE', ( #6969, #5643, #4589, #8252 ) ) ;
#8822 = DIRECTION ( 'NONE',  ( -1.000000000000000000, -1.734723475976806848E-16, 0.000000000000000000 ) ) ;
#8823 = EDGE_LOOP ( 'NONE', ( #6022, #3606, #6449, #10890 ) ) ;
#8824 = FACE_OUTER_BOUND ( 'NONE', #7561, .T. ) ;
#8825 = ADVANCED_FACE ( 'NONE', ( #3818 ), #6356, .F. ) ;
#8826 = CARTESIAN_POINT ( 'NONE',  ( 70.20000000000008811, 72.05000000000005400, 6.349999999999999645 ) ) ;
#8827 = CARTESIAN_POINT ( 'NONE',  ( 93.30000000000006821, 72.05000000000005400, 0.000000000000000000 ) ) ;
#8828 = ORIENTED_EDGE ( 'NONE', *, *, #9517, .F. ) ;
#8829 = PRODUCT_DEFINITION_CONTEXT ( 'detailed design', #8658, 'design' ) ;
#8830 = EDGE_CURVE ( 'NONE', #4831, #2303, #8559, .T. ) ;
#8831 = CARTESIAN_POINT ( 'NONE',  ( 80.20000000000007390, 72.05000000000005400, 6.349999999999999645 ) ) ;
#8832 = ORIENTED_EDGE ( 'NONE', *, *, #1166, .F. ) ;
#8833 = FACE_OUTER_BOUND ( 'NONE', #7386, .T. ) ;
#8834 = VERTEX_POINT ( 'NONE', #10562 ) ;
#8835 = VERTEX_POINT ( 'NONE', #4803 ) ;
#8836 = FACE_OUTER_BOUND ( 'NONE', #4465, .T. ) ;
#8837 = DIRECTION ( 'NONE',  ( 0.000000000000000000, 0.000000000000000000, 1.000000000000000000 ) ) ;
#8838 = FACE_BOUND ( 'NONE', #8157, .T. ) ;
#8839 = ORIENTED_EDGE ( 'NONE', *, *, #3440, .F. ) ;
#8840 = EDGE_CURVE ( 'NONE', #7492, #7166, #10499, .T. ) ;
#8841 = EDGE_CURVE ( 'NONE', #4280, #4031, #8896, .T. ) ;
#8842 = CARTESIAN_POINT ( 'NONE',  ( 213.3000000000000682, 72.05000000000005400, 6.349999999999999645 ) ) ;
#8843 = LINE ( 'NONE', #2309, #1348 ) ;
#8844 = DIRECTION ( 'NONE',  ( -0.000000000000000000, -0.000000000000000000, -1.000000000000000000 ) ) ;
#8845 = CARTESIAN_POINT ( 'NONE',  ( 91.75000000000008527, 32.05000000000005400, 0.000000000000000000 ) ) ;
#8846 = ORIENTED_EDGE ( 'NONE', *, *, #2258, .T. ) ;
#8847 = ORIENTED_EDGE ( 'NONE', *, *, #984, .F. ) ;
#8848 = DIRECTION ( 'NONE',  ( 3.469446951953620598E-16, -1.000000000000000000, 0.000000000000000000 ) ) ;
#8849 = FACE_BOUND ( 'NONE', #1140, .T. ) ;
#8850 = ORIENTED_EDGE ( 'NONE', *, *, #6018, .T. ) ;
#8851 = CYLINDRICAL_SURFACE ( 'NONE', #8941, 1.549999999999995826 ) ;
#8852 = DIRECTION ( 'NONE',  ( 1.040834085586084059E-15, -1.000000000000000000, 0.000000000000000000 ) ) ;
#8853 = VERTEX_POINT ( 'NONE', #2146 ) ;
#8854 = EDGE_CURVE ( 'NONE', #7507, #1695, #9965, .T. ) ;
#8855 = EDGE_CURVE ( 'NONE', #7632, #10097, #4339, .T. ) ;
#8856 = DIRECTION ( 'NONE',  ( -0.000000000000000000, -0.000000000000000000, -1.000000000000000000 ) ) ;
#8857 = VERTEX_POINT ( 'NONE', #6301 ) ;
#8858 = DIRECTION ( 'NONE',  ( 0.000000000000000000, 0.000000000000000000, 1.000000000000000000 ) ) ;
#8859 = DIRECTION ( 'NONE',  ( -0.000000000000000000, -0.000000000000000000, -1.000000000000000000 ) ) ;
#8860 = CARTESIAN_POINT ( 'NONE',  ( 50.20000000000016627, -72.05000000000008242, 6.349999999999999645 ) ) ;
#8861 = VERTEX_POINT ( 'NONE', #1474 ) ;
#8862 = LINE ( 'NONE', #8085, #4122 ) ;
#8863 = VERTEX_POINT ( 'NONE', #536 ) ;
#8864 = CARTESIAN_POINT ( 'NONE',  ( 153.3000000000000966, -32.05000000000007532, 0.000000000000000000 ) ) ;
#8865 = DIRECTION ( 'NONE',  ( -0.000000000000000000, -0.000000000000000000, -1.000000000000000000 ) ) ;
#8866 = DIRECTION ( 'NONE',  ( 0.000000000000000000, 0.000000000000000000, 1.000000000000000000 ) ) ;
#8867 = DIRECTION ( 'NONE',  ( 0.000000000000000000, 0.000000000000000000, 1.000000000000000000 ) ) ;
#8868 = EDGE_CURVE ( 'NONE', #1422, #567, #7681, .T. ) ;
#8869 = VECTOR ( 'NONE', #1835, 1000.000000000000000 ) ;
#8870 = CIRCLE ( 'NONE', #7265, 1.549999999999995826 ) ;
#8871 = VERTEX_POINT ( 'NONE', #9675 ) ;
#8872 = CARTESIAN_POINT ( 'NONE',  ( 90.20000000000013074, -32.05000000000007532, 6.349999999999999645 ) ) ;
#8873 = ORIENTED_EDGE ( 'NONE', *, *, #584, .T. ) ;
#8874 = DIRECTION ( 'NONE',  ( -1.000000000000000000, 0.000000000000000000, 0.000000000000000000 ) ) ;
#8875 = CARTESIAN_POINT ( 'NONE',  ( 163.3000000000000966, -32.05000000000007532, -0.000000000000000000 ) ) ;
#8876 = DIRECTION ( 'NONE',  ( -1.000000000000000000, 0.000000000000000000, 0.000000000000000000 ) ) ;
#8877 = ORIENTED_EDGE ( 'NONE', *, *, #10640, .F. ) ;
#8878 = AXIS2_PLACEMENT_3D ( 'NONE', #2417, #5790, #3086 ) ;
#8879 = VECTOR ( 'NONE', #7529, 1000.000000000000000 ) ;
#8880 = DIRECTION ( 'NONE',  ( -3.469446951953613696E-16, 1.000000000000000000, 0.000000000000000000 ) ) ;
#8881 = EDGE_CURVE ( 'NONE', #4097, #1375, #1421, .T. ) ;
#8882 = VERTEX_POINT ( 'NONE', #4644 ) ;
#8883 = VECTOR ( 'NONE', #10594, 1000.000000000000000 ) ;
#8884 = CARTESIAN_POINT ( 'NONE',  ( 200.2000000000001023, 32.05000000000005400, 6.349999999999999645 ) ) ;
#8885 = ORIENTED_EDGE ( 'NONE', *, *, #1050, .F. ) ;
#8886 = EDGE_LOOP ( 'NONE', ( #8578, #1674, #7258, #3918 ) ) ;
#8887 = PLANE ( 'NONE',  #5448 ) ;
#8888 = CARTESIAN_POINT ( 'NONE',  ( 210.2000000000001307, -32.05000000000007532, 6.349999999999999645 ) ) ;
#8889 = FACE_OUTER_BOUND ( 'NONE', #7198, .T. ) ;
#8890 = VERTEX_POINT ( 'NONE', #5472 ) ;
#8891 = DIRECTION ( 'NONE',  ( 1.000000000000000000, 0.000000000000000000, 0.000000000000000000 ) ) ;
#8892 = AXIS2_PLACEMENT_3D ( 'NONE', #1428, #1597, #6524 ) ;
#8893 = DIRECTION ( 'NONE',  ( 1.387778780781445873E-15, -1.000000000000000000, 0.000000000000000000 ) ) ;
#8894 = EDGE_CURVE ( 'NONE', #712, #6343, #10329, .T. ) ;
#8895 = CARTESIAN_POINT ( 'NONE',  ( 241.7500000000000853, -5.400000000000042100, 6.349999999999999645 ) ) ;
#8896 = LINE ( 'NONE', #8172, #6821 ) ;
#8897 = ORIENTED_EDGE ( 'NONE', *, *, #246, .F. ) ;
#8898 = VERTEX_POINT ( 'NONE', #9058 ) ;
#8899 = CARTESIAN_POINT ( 'NONE',  ( 310.2000000000001023, -45.39999999999999858, 6.349999999999999645 ) ) ;
#8900 = CARTESIAN_POINT ( 'NONE',  ( 220.2000000000001307, 32.05000000000005400, 6.349999999999999645 ) ) ;
#8901 = ORIENTED_EDGE ( 'NONE', *, *, #9026, .F. ) ;
#8902 = CARTESIAN_POINT ( 'NONE',  ( 120.7857146142317646, -30.31245604999991983, 6.349999999999999645 ) ) ;
#8903 = DIRECTION ( 'NONE',  ( -0.000000000000000000, -0.000000000000000000, -1.000000000000000000 ) ) ;
#8904 = EDGE_LOOP ( 'NONE', ( #2800, #3833, #9495, #4804 ) ) ;
#8905 = CARTESIAN_POINT ( 'NONE',  ( 31.75000000000007816, 72.05000000000005400, 6.349999999999999645 ) ) ;
#8906 = ORIENTED_EDGE ( 'NONE', *, *, #6817, .T. ) ;
#8907 = DIRECTION ( 'NONE',  ( 7.284927983104700683E-17, -1.000000000000000000, 0.000000000000000000 ) ) ;
#8908 = EDGE_CURVE ( 'NONE', #1183, #8871, #3830, .T. ) ;
#8909 = EDGE_CURVE ( 'NONE', #2151, #8177, #989, .T. ) ;
#8910 = LINE ( 'NONE', #6475, #89 ) ;
#8911 = ORIENTED_EDGE ( 'NONE', *, *, #3176, .T. ) ;
#8912 = DIRECTION ( 'NONE',  ( -0.000000000000000000, -1.000000000000000000, -0.000000000000000000 ) ) ;
#8913 = ORIENTED_EDGE ( 'NONE', *, *, #5808, .F. ) ;
#8914 = CIRCLE ( 'NONE', #6097, 1.549999999999995826 ) ;
#8915 = DIRECTION ( 'NONE',  ( -1.000000000000000000, 0.000000000000000000, 0.000000000000000000 ) ) ;
#8916 = CARTESIAN_POINT ( 'NONE',  ( 180.2000000000001592, -72.05000000000008242, 6.349999999999999645 ) ) ;
#8917 = AXIS2_PLACEMENT_3D ( 'NONE', #5621, #472, #8994 ) ;
#8918 = CARTESIAN_POINT ( 'NONE',  ( 110.2000000000001023, -19.99999999999992184, 6.349999999999999645 ) ) ;
#8919 = EDGE_CURVE ( 'NONE', #902, #10004, #6458, .T. ) ;
#8920 = EDGE_CURVE ( 'NONE', #5941, #1539, #959, .T. ) ;
#8921 = VECTOR ( 'NONE', #5113, 1000.000000000000227 ) ;
#8922 = CARTESIAN_POINT ( 'NONE',  ( 231.7500000000000853, -45.40000000000004832, 6.349999999999999645 ) ) ;
#8923 = EDGE_LOOP ( 'NONE', ( #487, #4634, #576, #6288 ) ) ;
#8924 = FACE_OUTER_BOUND ( 'NONE', #7713, .T. ) ;
#8925 = ORIENTED_EDGE ( 'NONE', *, *, #8712, .T. ) ;
#8926 = DIRECTION ( 'NONE',  ( -0.000000000000000000, -0.000000000000000000, -1.000000000000000000 ) ) ;
#8927 = AXIS2_PLACEMENT_3D ( 'NONE', #2675, #277, #6972 ) ;
#8928 = CARTESIAN_POINT ( 'NONE',  ( 150.2000000000001023, 32.05000000000005400, 6.349999999999999645 ) ) ;
#8929 = CARTESIAN_POINT ( 'NONE',  ( 140.2000000000001023, -19.99999999999992184, 0.000000000000000000 ) ) ;
#8930 = ORIENTED_EDGE ( 'NONE', *, *, #9026, .T. ) ;
#8931 = AXIS2_PLACEMENT_3D ( 'NONE', #9912, #9031, #5708 ) ;
#8932 = VECTOR ( 'NONE', #1387, 1000.000000000000000 ) ;
#8933 = CARTESIAN_POINT ( 'NONE',  ( 80.20000000000013074, -32.05000000000007532, 0.000000000000000000 ) ) ;
#8934 = VECTOR ( 'NONE', #10691, 1000.000000000000000 ) ;
#8935 = AXIS2_PLACEMENT_3D ( 'NONE', #3326, #1708, #7454 ) ;
#8936 = ORIENTED_EDGE ( 'NONE', *, *, #58, .T. ) ;
#8937 = DIRECTION ( 'NONE',  ( 6.938893903907229364E-16, -1.000000000000000000, 0.000000000000000000 ) ) ;
#8938 = ORIENTED_EDGE ( 'NONE', *, *, #4542, .T. ) ;
#8939 = ORIENTED_EDGE ( 'NONE', *, *, #598, .F. ) ;
#8940 = LINE ( 'NONE', #5624, #7928 ) ;
#8941 = AXIS2_PLACEMENT_3D ( 'NONE', #3888, #6410, #1109 ) ;
#8942 = CARTESIAN_POINT ( 'NONE',  ( 83.30000000000006821, 72.05000000000005400, 0.000000000000000000 ) ) ;
#8943 = FACE_BOUND ( 'NONE', #6034, .T. ) ;
#8944 = VERTEX_POINT ( 'NONE', #3153 ) ;
#8945 = EDGE_CURVE ( 'NONE', #10268, #4631, #6516, .T. ) ;
#8946 = AXIS2_PLACEMENT_3D ( 'NONE', #9208, #6778, #10148 ) ;
#8947 = AXIS2_PLACEMENT_3D ( 'NONE', #5020, #6681, #7574 ) ;
#8948 = LINE ( 'NONE', #3760, #7536 ) ;
#8949 = CARTESIAN_POINT ( 'NONE',  ( 153.3000000000000966, -19.99999999999992184, 0.000000000000000000 ) ) ;
#8950 = AXIS2_PLACEMENT_3D ( 'NONE', #384, #6099, #2060 ) ;
#8951 = DIRECTION ( 'NONE',  ( -1.000000000000000000, 0.000000000000000000, 0.000000000000000000 ) ) ;
#8952 = ORIENTED_EDGE ( 'NONE', *, *, #5122, .T. ) ;
#8953 = ORIENTED_EDGE ( 'NONE', *, *, #597, .T. ) ;
#8954 = LINE ( 'NONE', #9283, #8267 ) ;
#8955 = DIRECTION ( 'NONE',  ( -5.204170427930431144E-16, 1.000000000000000000, 0.000000000000000000 ) ) ;
#8956 = VERTEX_POINT ( 'NONE', #922 ) ;
#8957 = DIRECTION ( 'NONE',  ( -0.000000000000000000, -0.000000000000000000, -1.000000000000000000 ) ) ;
#8958 = CARTESIAN_POINT ( 'NONE',  ( 271.7500000000000568, -45.40000000000002700, 6.349999999999999645 ) ) ;
#8959 = ORIENTED_EDGE ( 'NONE', *, *, #409, .F. ) ;
#8960 = VECTOR ( 'NONE', #4625, 1000.000000000000000 ) ;
#8961 = AXIS2_PLACEMENT_3D ( 'NONE', #8318, #18, #10202 ) ;
#8962 = ADVANCED_FACE ( 'NONE', ( #3200 ), #7398, .F. ) ;
#8963 = EDGE_CURVE ( 'NONE', #3723, #10574, #7139, .T. ) ;
#8964 = DIRECTION ( 'NONE',  ( 0.000000000000000000, 0.000000000000000000, 1.000000000000000000 ) ) ;
#8965 = AXIS2_PLACEMENT_3D ( 'NONE', #226, #6876, #10359 ) ;
#8966 = DIRECTION ( 'NONE',  ( 0.000000000000000000, 0.000000000000000000, 1.000000000000000000 ) ) ;
#8967 = AXIS2_PLACEMENT_3D ( 'NONE', #9942, #4095, #7287 ) ;
#8968 = DIRECTION ( 'NONE',  ( 1.000000000000000000, 0.000000000000000000, 0.000000000000000000 ) ) ;
#8969 = ORIENTED_EDGE ( 'NONE', *, *, #448, .T. ) ;
#8970 = ORIENTED_EDGE ( 'NONE', *, *, #1275, .T. ) ;
#8971 = DIRECTION ( 'NONE',  ( -1.387778780781445478E-15, 1.000000000000000000, -0.000000000000000000 ) ) ;
#8972 = VECTOR ( 'NONE', #1255, 1000.000000000000000 ) ;
#8973 = ORIENTED_EDGE ( 'NONE', *, *, #9090, .T. ) ;
#8974 = LINE ( 'NONE', #7304, #1507 ) ;
#8975 = CARTESIAN_POINT ( 'NONE',  ( 181.7500000000001137, 32.05000000000005400, 0.000000000000000000 ) ) ;
#8976 = EDGE_CURVE ( 'NONE', #4762, #2689, #2742, .T. ) ;
#8977 = AXIS2_PLACEMENT_3D ( 'NONE', #2356, #6609, #8214 ) ;
#8978 = EDGE_CURVE ( 'NONE', #4373, #5496, #8286, .T. ) ;
#8979 = VECTOR ( 'NONE', #8010, 1000.000000000000000 ) ;
#8980 = CARTESIAN_POINT ( 'NONE',  ( 126.7857146142317646, -30.31245604999991983, 0.000000000000000000 ) ) ;
#8981 = DIRECTION ( 'NONE',  ( -0.000000000000000000, -0.000000000000000000, -1.000000000000000000 ) ) ;
#8982 = VERTEX_POINT ( 'NONE', #4092 ) ;
#8983 = CARTESIAN_POINT ( 'NONE',  ( 326.5714292284635576, -20.00000000000000355, 6.349999999999999645 ) ) ;
#8984 = EDGE_LOOP ( 'NONE', ( #7416, #4906, #3304, #2651 ) ) ;
#8985 = CYLINDRICAL_SURFACE ( 'NONE', #9490, 1.549999999999995826 ) ;
#8986 = CARTESIAN_POINT ( 'NONE',  ( 203.3000000000000966, -32.05000000000007532, 6.349999999999999645 ) ) ;
#8987 = CARTESIAN_POINT ( 'NONE',  ( 0.000000000000000000, -57.15000000000000568, 0.000000000000000000 ) ) ;
#8988 = CARTESIAN_POINT ( 'NONE',  ( 33.30000000000008242, -19.99999999999992184, 6.349999999999999645 ) ) ;
#8989 = ORIENTED_EDGE ( 'NONE', *, *, #7708, .T. ) ;
#8990 = ADVANCED_FACE ( 'NONE', ( #4264 ), #7448, .F. ) ;
#8991 = EDGE_CURVE ( 'NONE', #902, #8044, #9081, .T. ) ;
#8992 = DIRECTION ( 'NONE',  ( 0.000000000000000000, 1.000000000000000000, 0.000000000000000000 ) ) ;
#8993 = ORIENTED_EDGE ( 'NONE', *, *, #3705, .T. ) ;
#8994 = DIRECTION ( 'NONE',  ( 1.000000000000000000, 0.000000000000000000, 0.000000000000000000 ) ) ;
#8995 = ORIENTED_EDGE ( 'NONE', *, *, #2196, .T. ) ;
#8996 = EDGE_LOOP ( 'NONE', ( #8375, #9013, #8346, #5440 ) ) ;
#8997 = FACE_OUTER_BOUND ( 'NONE', #2032, .T. ) ;
#8998 = DIRECTION ( 'NONE',  ( -0.000000000000000000, -1.000000000000000000, -0.000000000000000000 ) ) ;
#8999 = DIRECTION ( 'NONE',  ( 1.000000000000000000, 0.000000000000000000, 0.000000000000000000 ) ) ;
#9000 = ORIENTED_EDGE ( 'NONE', *, *, #2749, .T. ) ;
#9001 = CARTESIAN_POINT ( 'NONE',  ( 103.3000000000000682, 32.05000000000005400, 6.349999999999999645 ) ) ;
#9002 = DIRECTION ( 'NONE',  ( 0.000000000000000000, 0.000000000000000000, 1.000000000000000000 ) ) ;
#9003 = DIRECTION ( 'NONE',  ( -1.000000000000000000, 0.000000000000000000, 0.000000000000000000 ) ) ;
#9004 = EDGE_CURVE ( 'NONE', #9418, #1171, #6620, .T. ) ;
#9005 = CARTESIAN_POINT ( 'NONE',  ( 261.7500000000000568, 5.399999999999998579, 6.349999999999999645 ) ) ;
#9006 = ORIENTED_EDGE ( 'NONE', *, *, #6397, .T. ) ;
#9007 = EDGE_LOOP ( 'NONE', ( #10726, #102, #9808, #7531 ) ) ;
#9008 = LINE ( 'NONE', #4046, #5611 ) ;
#9009 = CARTESIAN_POINT ( 'NONE',  ( 203.3000000000000682, 32.05000000000005400, 6.349999999999999645 ) ) ;
#9010 = ORIENTED_EDGE ( 'NONE', *, *, #10736, .T. ) ;
#9011 = DIRECTION ( 'NONE',  ( 3.469446951953620598E-16, -1.000000000000000000, 0.000000000000000000 ) ) ;
#9012 = CARTESIAN_POINT ( 'NONE',  ( 113.3000000000001108, -32.05000000000007532, 0.000000000000000000 ) ) ;
#9013 = ORIENTED_EDGE ( 'NONE', *, *, #1586, .F. ) ;
#9014 = DIRECTION ( 'NONE',  ( 1.000000000000000000, 0.000000000000000000, 0.000000000000000000 ) ) ;
#9015 = ADVANCED_FACE ( 'NONE', ( #876 ), #8337, .F. ) ;
#9016 = EDGE_CURVE ( 'NONE', #8198, #9606, #10827, .T. ) ;
#9017 = CARTESIAN_POINT ( 'NONE',  ( 103.3000000000000682, 72.05000000000005400, 6.349999999999999645 ) ) ;
#9018 = ORIENTED_EDGE ( 'NONE', *, *, #6218, .F. ) ;
#9019 = ORIENTED_EDGE ( 'NONE', *, *, #5504, .F. ) ;
#9020 = LINE ( 'NONE', #1489, #8879 ) ;
#9021 = EDGE_LOOP ( 'NONE', ( #7973, #5939, #8938, #5205 ) ) ;
#9022 = CARTESIAN_POINT ( 'NONE',  ( 100.2000000000000881, 72.05000000000005400, 6.349999999999999645 ) ) ;
#9023 = EDGE_CURVE ( 'NONE', #1615, #7723, #8914, .T. ) ;
#9024 = CARTESIAN_POINT ( 'NONE',  ( 213.3000000000000966, -19.99999999999992184, 6.349999999999999645 ) ) ;
#9025 = DIRECTION ( 'NONE',  ( -1.000000000000000000, 0.000000000000000000, 0.000000000000000000 ) ) ;
#9026 = EDGE_CURVE ( 'NONE', #10761, #931, #9445, .T. ) ;
#9027 = CARTESIAN_POINT ( 'NONE',  ( 273.3000000000000114, 5.399999999999999467, 0.000000000000000000 ) ) ;
#9028 = DIRECTION ( 'NONE',  ( -0.000000000000000000, -0.000000000000000000, -1.000000000000000000 ) ) ;
#9029 = EDGE_CURVE ( 'NONE', #2188, #8835, #2426, .T. ) ;
#9030 = ORIENTED_EDGE ( 'NONE', *, *, #4236, .F. ) ;
#9031 = DIRECTION ( 'NONE',  ( 0.000000000000000000, 0.000000000000000000, 1.000000000000000000 ) ) ;
#9032 = ORIENTED_EDGE ( 'NONE', *, *, #10929, .T. ) ;
#9033 = CARTESIAN_POINT ( 'NONE',  ( 110.2000000000001734, -72.05000000000008242, 6.349999999999999645 ) ) ;
#9034 = CARTESIAN_POINT ( 'NONE',  ( 213.3000000000000966, -19.99999999999992184, 6.349999999999999645 ) ) ;
#9035 = CYLINDRICAL_SURFACE ( 'NONE', #1903, 1.549999999999995826 ) ;
#9036 = CARTESIAN_POINT ( 'NONE',  ( 191.7500000000001421, -32.05000000000007532, 6.349999999999999645 ) ) ;
#9037 = ORIENTED_EDGE ( 'NONE', *, *, #1996, .F. ) ;
#9038 = VECTOR ( 'NONE', #10607, 1000.000000000000000 ) ;
#9039 = EDGE_CURVE ( 'NONE', #5637, #1615, #8505, .T. ) ;
#9040 = EDGE_CURVE ( 'NONE', #10165, #8381, #10853, .T. ) ;
#9041 = EDGE_CURVE ( 'NONE', #4902, #4905, #5552, .T. ) ;
#9042 = ORIENTED_EDGE ( 'NONE', *, *, #6098, .T. ) ;
#9043 = CARTESIAN_POINT ( 'NONE',  ( 213.3000000000000966, -32.05000000000007532, 0.000000000000000000 ) ) ;
#9044 = VERTEX_POINT ( 'NONE', #9171 ) ;
#9045 = EDGE_LOOP ( 'NONE', ( #9489, #8930, #91, #8953 ) ) ;
#9046 = LINE ( 'NONE', #7326, #3157 ) ;
#9047 = LINE ( 'NONE', #692, #10371 ) ;
#9048 = CYLINDRICAL_SURFACE ( 'NONE', #8878, 1.549999999999995826 ) ;
#9049 = AXIS2_PLACEMENT_3D ( 'NONE', #3380, #6745, #4975 ) ;
#9050 = ORIENTED_EDGE ( 'NONE', *, *, #41, .F. ) ;
#9051 = AXIS2_PLACEMENT_3D ( 'NONE', #3879, #5628, #3977 ) ;
#9052 = FACE_OUTER_BOUND ( 'NONE', #329, .T. ) ;
#9053 = DIRECTION ( 'NONE',  ( 0.000000000000000000, 0.000000000000000000, 1.000000000000000000 ) ) ;
#9054 = CIRCLE ( 'NONE', #5697, 1.549999999999995826 ) ;
#9055 = VECTOR ( 'NONE', #7252, 1000.000000000000000 ) ;
#9056 = CARTESIAN_POINT ( 'NONE',  ( 41.75000000000008527, 32.05000000000005400, 6.349999999999999645 ) ) ;
#9057 = ADVANCED_FACE ( 'NONE', ( #1590 ), #1704, .F. ) ;
#9058 = CARTESIAN_POINT ( 'NONE',  ( 173.3000000000000682, 32.05000000000005400, 0.000000000000000000 ) ) ;
#9059 = VERTEX_POINT ( 'NONE', #10058 ) ;
#9060 = ORIENTED_EDGE ( 'NONE', *, *, #8008, .T. ) ;
#9061 = LINE ( 'NONE', #7239, #661 ) ;
#9062 = FACE_OUTER_BOUND ( 'NONE', #5477, .T. ) ;
#9063 = ORIENTED_EDGE ( 'NONE', *, *, #2013, .F. ) ;
#9064 = FACE_OUTER_BOUND ( 'NONE', #10031, .T. ) ;
#9065 = CARTESIAN_POINT ( 'NONE',  ( 70.20000000000008811, 20.00000000000000355, 6.349999999999999645 ) ) ;
#9066 = ORIENTED_EDGE ( 'NONE', *, *, #2534, .T. ) ;
#9067 = DIRECTION ( 'NONE',  ( -0.000000000000000000, -0.000000000000000000, -1.000000000000000000 ) ) ;
#9068 = CIRCLE ( 'NONE', #9251, 1.549999999999995826 ) ;
#9069 = CARTESIAN_POINT ( 'NONE',  ( 301.7500000000000568, -5.400000000000000355, 0.000000000000000000 ) ) ;
#9070 = LINE ( 'NONE', #1272, #4532 ) ;
#9071 = ORIENTED_EDGE ( 'NONE', *, *, #14, .F. ) ;
#9072 = VERTEX_POINT ( 'NONE', #2483 ) ;
#9073 = CYLINDRICAL_SURFACE ( 'NONE', #5884, 1.549999999999995826 ) ;
#9074 = ORIENTED_EDGE ( 'NONE', *, *, #10738, .F. ) ;
#9075 = CYLINDRICAL_SURFACE ( 'NONE', #6818, 1.549999999999995826 ) ;
#9076 = DIRECTION ( 'NONE',  ( -6.938893903907227392E-16, 1.000000000000000000, 0.000000000000000000 ) ) ;
#9077 = EDGE_CURVE ( 'NONE', #10315, #8853, #10947, .T. ) ;
#9078 = LINE ( 'NONE', #10631, #1354 ) ;
#9079 = LINE ( 'NONE', #7307, #10340 ) ;
#9080 = CARTESIAN_POINT ( 'NONE',  ( 303.3000000000000114, 5.399999999999999467, 0.000000000000000000 ) ) ;
#9081 = CIRCLE ( 'NONE', #8225, 1.549999999999995826 ) ;
#9082 = ORIENTED_EDGE ( 'NONE', *, *, #6426, .T. ) ;
#9083 = DIRECTION ( 'NONE',  ( -1.000000000000000000, 0.000000000000000000, 0.000000000000000000 ) ) ;
#9084 = ORIENTED_EDGE ( 'NONE', *, *, #4290, .T. ) ;
#9085 = LINE ( 'NONE', #619, #469 ) ;
#9086 = DIRECTION ( 'NONE',  ( -3.469446951953620598E-16, 1.000000000000000000, 0.000000000000000000 ) ) ;
#9087 = DIRECTION ( 'NONE',  ( 0.000000000000000000, 0.000000000000000000, 1.000000000000000000 ) ) ;
#9088 = CARTESIAN_POINT ( 'NONE',  ( 183.3000000000000682, 72.05000000000005400, 0.000000000000000000 ) ) ;
#9089 = EDGE_LOOP ( 'NONE', ( #5162, #2380, #2469, #1383 ) ) ;
#9090 = EDGE_CURVE ( 'NONE', #4934, #2207, #5407, .T. ) ;
#9091 = EDGE_CURVE ( 'NONE', #3619, #1277, #8618, .T. ) ;
#9092 = CIRCLE ( 'NONE', #7505, 1.549999999999995826 ) ;
#9093 = VECTOR ( 'NONE', #8427, 1000.000000000000000 ) ;
#9094 = CARTESIAN_POINT ( 'NONE',  ( 140.2000000000001023, 20.00000000000000355, 0.000000000000000000 ) ) ;
#9095 = ORIENTED_EDGE ( 'NONE', *, *, #9039, .T. ) ;
#9096 = CARTESIAN_POINT ( 'NONE',  ( 221.7500000000001705, -72.05000000000008242, 0.000000000000000000 ) ) ;
#9097 = ORIENTED_EDGE ( 'NONE', *, *, #5928, .F. ) ;
#9098 = ORIENTED_EDGE ( 'NONE', *, *, #4660, .T. ) ;
#9099 = LINE ( 'NONE', #10711, #8809 ) ;
#9100 = VECTOR ( 'NONE', #76, 1000.000000000000000 ) ;
#9101 = CIRCLE ( 'NONE', #7158, 1.549999999999968070 ) ;
#9102 = DIRECTION ( 'NONE',  ( 1.000000000000000000, 0.000000000000000000, 0.000000000000000000 ) ) ;
#9103 = FACE_OUTER_BOUND ( 'NONE', #8923, .T. ) ;
#9104 = EDGE_LOOP ( 'NONE', ( #5619, #8475, #6306, #5295 ) ) ;
#9105 = EDGE_CURVE ( 'NONE', #1539, #677, #3540, .T. ) ;
#9106 = EDGE_CURVE ( 'NONE', #3887, #8387, #7740, .T. ) ;
#9107 = DIRECTION ( 'NONE',  ( -0.000000000000000000, -0.000000000000000000, -1.000000000000000000 ) ) ;
#9108 = VECTOR ( 'NONE', #314, 1000.000000000000000 ) ;
#9109 = DIRECTION ( 'NONE',  ( -0.000000000000000000, -0.000000000000000000, -1.000000000000000000 ) ) ;
#9110 = DIRECTION ( 'NONE',  ( -1.000000000000000000, 0.000000000000000000, 0.000000000000000000 ) ) ;
#9111 = VERTEX_POINT ( 'NONE', #1979 ) ;
#9112 = ORIENTED_EDGE ( 'NONE', *, *, #6768, .F. ) ;
#9113 = DIRECTION ( 'NONE',  ( 0.000000000000000000, 0.000000000000000000, 1.000000000000000000 ) ) ;
#9114 = LINE ( 'NONE', #10567, #6987 ) ;
#9115 = VECTOR ( 'NONE', #221, 1000.000000000000000 ) ;
#9116 = VERTEX_POINT ( 'NONE', #7006 ) ;
#9117 = CARTESIAN_POINT ( 'NONE',  ( 231.7500000000000568, -5.400000000000049205, 6.349999999999999645 ) ) ;
#9118 = CARTESIAN_POINT ( 'NONE',  ( 31.75000000000000000, 20.00000000000000355, 6.349999999999999645 ) ) ;
#9119 = ORIENTED_EDGE ( 'NONE', *, *, #9423, .F. ) ;
#9120 = AXIS2_PLACEMENT_3D ( 'NONE', #1295, #4839, #627 ) ;
#9121 = DIRECTION ( 'NONE',  ( 0.000000000000000000, 1.000000000000000000, 0.000000000000000000 ) ) ;
#9122 = EDGE_CURVE ( 'NONE', #5706, #9072, #7790, .T. ) ;
#9123 = CIRCLE ( 'NONE', #2775, 1.549999999999995826 ) ;
#9124 = EDGE_CURVE ( 'NONE', #8125, #10548, #9554, .T. ) ;
#9125 = ORIENTED_EDGE ( 'NONE', *, *, #1556, .F. ) ;
#9126 = AXIS2_PLACEMENT_3D ( 'NONE', #3466, #6006, #9376 ) ;
#9127 = DIRECTION ( 'NONE',  ( 1.000000000000000000, 0.000000000000000000, 0.000000000000000000 ) ) ;
#9128 = CARTESIAN_POINT ( 'NONE',  ( 173.2999999999999545, 20.00000000000000355, 6.349999999999999645 ) ) ;
#9129 = ORIENTED_EDGE ( 'NONE', *, *, #9689, .T. ) ;
#9130 = ORIENTED_EDGE ( 'NONE', *, *, #181, .F. ) ;
#9131 = AXIS2_PLACEMENT_3D ( 'NONE', #6336, #5710, #10638 ) ;
#9132 = DIRECTION ( 'NONE',  ( 0.000000000000000000, 0.000000000000000000, 1.000000000000000000 ) ) ;
#9133 = CIRCLE ( 'NONE', #1002, 1.549999999999988942 ) ;
#9134 = ORIENTED_EDGE ( 'NONE', *, *, #1557, .F. ) ;
#9135 = VECTOR ( 'NONE', #10797, 1000.000000000000000 ) ;
#9136 = CARTESIAN_POINT ( 'NONE',  ( 111.7500000000000000, 20.00000000000000355, 6.349999999999999645 ) ) ;
#9137 = CARTESIAN_POINT ( 'NONE',  ( 153.3000000000000966, -32.05000000000007532, 6.349999999999999645 ) ) ;
#9138 = VECTOR ( 'NONE', #1952, 1000.000000000000000 ) ;
#9139 = VECTOR ( 'NONE', #5549, 1000.000000000000000 ) ;
#9140 = DIRECTION ( 'NONE',  ( 0.000000000000000000, 0.000000000000000000, 1.000000000000000000 ) ) ;
#9141 = AXIS2_PLACEMENT_3D ( 'NONE', #4814, #7246, #10514 ) ;
#9142 = DIRECTION ( 'NONE',  ( 1.000000000000000000, 0.000000000000000000, 0.000000000000000000 ) ) ;
#9143 = ORIENTED_EDGE ( 'NONE', *, *, #10597, .T. ) ;
#9144 = CARTESIAN_POINT ( 'NONE',  ( 103.3000000000001108, -32.05000000000007532, 0.000000000000000000 ) ) ;
#9145 = ORIENTED_EDGE ( 'NONE', *, *, #9175, .T. ) ;
#9146 = EDGE_CURVE ( 'NONE', #1656, #4321, #9390, .T. ) ;
#9147 = DIRECTION ( 'NONE',  ( 0.000000000000000000, 0.000000000000000000, 1.000000000000000000 ) ) ;
#9148 = ORIENTED_EDGE ( 'NONE', *, *, #8033, .T. ) ;
#9149 = PLANE ( 'NONE',  #10024 ) ;
#9150 = CYLINDRICAL_SURFACE ( 'NONE', #9420, 1.549999999999995826 ) ;
#9151 = AXIS2_PLACEMENT_3D ( 'NONE', #7594, #7758, #1780 ) ;
#9152 = CARTESIAN_POINT ( 'NONE',  ( 251.7500000000000853, -5.400000000000034994, 6.349999999999999645 ) ) ;
#9153 = CARTESIAN_POINT ( 'NONE',  ( 61.75000000000012079, -32.05000000000007532, 6.349999999999999645 ) ) ;
#9154 = VERTEX_POINT ( 'NONE', #5353 ) ;
#9155 = VECTOR ( 'NONE', #4388, 1000.000000000000000 ) ;
#9156 = UNCERTAINTY_MEASURE_WITH_UNIT (LENGTH_MEASURE( 1.000000000000000082E-05 ), #1512, 'distance_accuracy_value', 'NONE');
#9157 = VECTOR ( 'NONE', #6076, 1000.000000000000000 ) ;
#9158 = EDGE_LOOP ( 'NONE', ( #2136, #2584, #10083, #5590 ) ) ;
#9159 = ADVANCED_FACE ( 'NONE', ( #8723 ), #1040, .F. ) ;
#9160 = LINE ( 'NONE', #1688, #2197 ) ;
#9161 = ORIENTED_EDGE ( 'NONE', *, *, #9977, .F. ) ;
#9162 = ORIENTED_EDGE ( 'NONE', *, *, #2298, .F. ) ;
#9163 = CARTESIAN_POINT ( 'NONE',  ( 140.2000000000001023, 32.05000000000005400, 6.349999999999999645 ) ) ;
#9164 = CARTESIAN_POINT ( 'NONE',  ( 183.3000000000000682, 32.05000000000005400, 6.349999999999999645 ) ) ;
#9165 = FACE_BOUND ( 'NONE', #753, .T. ) ;
#9166 = ORIENTED_EDGE ( 'NONE', *, *, #10271, .T. ) ;
#9167 = CARTESIAN_POINT ( 'NONE',  ( 283.3000000000000114, -5.400000000000013678, 6.349999999999999645 ) ) ;
#9168 = CARTESIAN_POINT ( 'NONE',  ( 143.3000000000000966, -32.05000000000007532, -0.000000000000000000 ) ) ;
#9169 = CARTESIAN_POINT ( 'NONE',  ( 210.2000000000001023, 20.00000000000000355, 0.000000000000000000 ) ) ;
#9170 = ORIENTED_EDGE ( 'NONE', *, *, #7912, .F. ) ;
#9171 = CARTESIAN_POINT ( 'NONE',  ( 290.1999999999999886, 5.399999999999998579, 6.349999999999999645 ) ) ;
#9172 = ORIENTED_EDGE ( 'NONE', *, *, #7295, .F. ) ;
#9173 = EDGE_LOOP ( 'NONE', ( #4616, #10808, #2394, #7946 ) ) ;
#9174 = LINE ( 'NONE', #1477, #8800 ) ;
#9175 = EDGE_CURVE ( 'NONE', #6254, #1368, #1141, .T. ) ;
#9176 = EDGE_CURVE ( 'NONE', #5734, #6684, #8388, .T. ) ;
#9177 = CYLINDRICAL_SURFACE ( 'NONE', #9472, 1.549999999999968070 ) ;
#9178 = EDGE_LOOP ( 'NONE', ( #4930, #3381, #1660, #868 ) ) ;
#9179 = FACE_OUTER_BOUND ( 'NONE', #8564, .T. ) ;
#9180 = CARTESIAN_POINT ( 'NONE',  ( 8.710000000000002629, -20.00000000000000000, 0.000000000000000000 ) ) ;
#9181 = ORIENTED_EDGE ( 'NONE', *, *, #463, .T. ) ;
#9182 = CARTESIAN_POINT ( 'NONE',  ( 0.000000000000000000, -57.15000000000000568, 6.349999999999999645 ) ) ;
#9183 = ORIENTED_EDGE ( 'NONE', *, *, #3217, .T. ) ;
#9184 = LINE ( 'NONE', #4980, #137 ) ;
#9185 = PLANE ( 'NONE',  #10353 ) ;
#9186 = ORIENTED_EDGE ( 'NONE', *, *, #8239, .T. ) ;
#9187 = EDGE_LOOP ( 'NONE', ( #881, #2370, #10602, #3219 ) ) ;
#9188 = EDGE_CURVE ( 'NONE', #4406, #2759, #1869, .T. ) ;
#9189 = DIRECTION ( 'NONE',  ( 5.204170427930431144E-16, -1.000000000000000000, -0.000000000000000000 ) ) ;
#9190 = ADVANCED_FACE ( 'NONE', ( #7843 ), #6900, .F. ) ;
#9191 = EDGE_CURVE ( 'NONE', #10672, #7507, #2706, .T. ) ;
#9192 = VERTEX_POINT ( 'NONE', #150 ) ;
#9193 = CARTESIAN_POINT ( 'NONE',  ( 61.75000000000015632, -72.05000000000008242, 6.349999999999999645 ) ) ;
#9194 = CARTESIAN_POINT ( 'NONE',  ( 221.7500000000001705, -72.05000000000008242, 6.349999999999999645 ) ) ;
#9195 = DIRECTION ( 'NONE',  ( -1.000000000000000000, -1.040834085586084059E-15, 0.000000000000000000 ) ) ;
#9196 = DIRECTION ( 'NONE',  ( 1.000000000000000000, 0.000000000000000000, 0.000000000000000000 ) ) ;
#9197 = ORIENTED_EDGE ( 'NONE', *, *, #119, .F. ) ;
#9198 = FACE_OUTER_BOUND ( 'NONE', #1017, .T. ) ;
#9199 = EDGE_CURVE ( 'NONE', #3943, #7460, #199, .T. ) ;
#9200 = ORIENTED_EDGE ( 'NONE', *, *, #10067, .T. ) ;
#9201 = DIRECTION ( 'NONE',  ( -0.000000000000000000, -0.000000000000000000, -1.000000000000000000 ) ) ;
#9202 = ORIENTED_EDGE ( 'NONE', *, *, #4319, .F. ) ;
#9203 = CARTESIAN_POINT ( 'NONE',  ( 223.2999999999999829, 20.00000000000000355, 0.000000000000000000 ) ) ;
#9204 = DIRECTION ( 'NONE',  ( 1.000000000000000000, 0.000000000000000000, 0.000000000000000000 ) ) ;
#9205 = DIRECTION ( 'NONE',  ( -1.000000000000000000, 0.000000000000000000, 0.000000000000000000 ) ) ;
#9206 = PLANE ( 'NONE',  #1826 ) ;
#9207 = ORIENTED_EDGE ( 'NONE', *, *, #4457, .T. ) ;
#9208 = CARTESIAN_POINT ( 'NONE',  ( 201.7500000000000568, 72.05000000000005400, 0.000000000000000000 ) ) ;
#9209 = DIRECTION ( 'NONE',  ( -1.000000000000000000, 0.000000000000000000, 0.000000000000000000 ) ) ;
#9210 = VERTEX_POINT ( 'NONE', #8555 ) ;
#9211 = CARTESIAN_POINT ( 'NONE',  ( 140.2000000000001592, -72.05000000000008242, 6.349999999999999645 ) ) ;
#9212 = ORIENTED_EDGE ( 'NONE', *, *, #5646, .F. ) ;
#9213 = ORIENTED_EDGE ( 'NONE', *, *, #4630, .F. ) ;
#9214 = FACE_OUTER_BOUND ( 'NONE', #1727, .T. ) ;
#9215 = CYLINDRICAL_SURFACE ( 'NONE', #5593, 1.549999999999988942 ) ;
#9216 = CARTESIAN_POINT ( 'NONE',  ( 270.2000000000000455, -5.400000000000020783, 6.349999999999999645 ) ) ;
#9217 = ORIENTED_EDGE ( 'NONE', *, *, #9976, .T. ) ;
#9218 = CARTESIAN_POINT ( 'NONE',  ( 163.2999999999999545, 20.00000000000000355, 6.349999999999999645 ) ) ;
#9219 = EDGE_CURVE ( 'NONE', #7440, #3663, #1931, .T. ) ;
#9220 = LINE ( 'NONE', #4207, #9482 ) ;
#9221 = DIRECTION ( 'NONE',  ( -1.000000000000000000, 0.000000000000000000, 0.000000000000000000 ) ) ;
#9222 = ORIENTED_EDGE ( 'NONE', *, *, #6526, .F. ) ;
#9223 = AXIS2_PLACEMENT_3D ( 'NONE', #5806, #10834, #10006 ) ;
#9224 = CARTESIAN_POINT ( 'NONE',  ( 31.75000000000000000, 82.54999999999999716, 0.000000000000000000 ) ) ;
#9225 = ORIENTED_EDGE ( 'NONE', *, *, #8568, .T. ) ;
#9226 = VERTEX_POINT ( 'NONE', #9604 ) ;
#9227 = LINE ( 'NONE', #757, #1377 ) ;
#9228 = VECTOR ( 'NONE', #885, 1000.000000000000000 ) ;
#9229 = PLANE ( 'NONE',  #4189 ) ;
#9230 = EDGE_LOOP ( 'NONE', ( #5449, #9437, #1086, #7060 ) ) ;
#9231 = DIRECTION ( 'NONE',  ( -1.387778780781445478E-15, 1.000000000000000000, 0.000000000000000000 ) ) ;
#9232 = CYLINDRICAL_SURFACE ( 'NONE', #2902, 6.000000000000005329 ) ;
#9233 = ORIENTED_EDGE ( 'NONE', *, *, #2438, .T. ) ;
#9234 = FACE_OUTER_BOUND ( 'NONE', #4872, .T. ) ;
#9235 = ORIENTED_EDGE ( 'NONE', *, *, #8086, .F. ) ;
#9236 = EDGE_CURVE ( 'NONE', #2689, #6738, #10325, .T. ) ;
#9237 = VECTOR ( 'NONE', #3475, 1000.000000000000000 ) ;
#9238 = AXIS2_PLACEMENT_3D ( 'NONE', #4799, #5565, #6351 ) ;
#9239 = DIRECTION ( 'NONE',  ( 0.000000000000000000, 0.000000000000000000, 1.000000000000000000 ) ) ;
#9240 = LINE ( 'NONE', #1658, #9633 ) ;
#9241 = ORIENTED_EDGE ( 'NONE', *, *, #8908, .T. ) ;
#9242 = ORIENTED_EDGE ( 'NONE', *, *, #2487, .F. ) ;
#9243 = CARTESIAN_POINT ( 'NONE',  ( 63.30000000000007532, -19.99999999999992184, 6.349999999999999645 ) ) ;
#9244 = VERTEX_POINT ( 'NONE', #4372 ) ;
#9245 = AXIS2_PLACEMENT_3D ( 'NONE', #7874, #7822, #234 ) ;
#9246 = AXIS2_PLACEMENT_3D ( 'NONE', #8975, #6643, #6482 ) ;
#9247 = DIRECTION ( 'NONE',  ( -0.000000000000000000, -1.000000000000000000, -0.000000000000000000 ) ) ;
#9248 = CARTESIAN_POINT ( 'NONE',  ( 273.3000000000000114, 45.40000000000000568, 6.349999999999999645 ) ) ;
#9249 = EDGE_CURVE ( 'NONE', #4257, #4563, #2034, .T. ) ;
#9250 = EDGE_CURVE ( 'NONE', #9342, #7890, #3646, .T. ) ;
#9251 = AXIS2_PLACEMENT_3D ( 'NONE', #8317, #4731, #2398 ) ;
#9252 = CYLINDRICAL_SURFACE ( 'NONE', #6142, 1.549999999999982059 ) ;
#9253 = CYLINDRICAL_SURFACE ( 'NONE', #4346, 1.549999999999995826 ) ;
#9254 = ORIENTED_EDGE ( 'NONE', *, *, #7762, .T. ) ;
#9255 = FACE_OUTER_BOUND ( 'NONE', #8495, .T. ) ;
#9256 = ORIENTED_EDGE ( 'NONE', *, *, #7032, .T. ) ;
#9257 = VERTEX_POINT ( 'NONE', #4632 ) ;
#9258 = DIRECTION ( 'NONE',  ( -1.000000000000000000, 0.000000000000000000, 0.000000000000000000 ) ) ;
#9259 = VERTEX_POINT ( 'NONE', #5556 ) ;
#9260 = PLANE ( 'NONE',  #8613 ) ;
#9261 = DIRECTION ( 'NONE',  ( 1.000000000000000000, 0.000000000000000000, 0.000000000000000000 ) ) ;
#9262 = CARTESIAN_POINT ( 'NONE',  ( 100.2000000000001734, -72.05000000000008242, 6.349999999999999645 ) ) ;
#9263 = EDGE_CURVE ( 'NONE', #3870, #2241, #4685, .T. ) ;
#9264 = EDGE_CURVE ( 'NONE', #10107, #8593, #3807, .T. ) ;
#9265 = CARTESIAN_POINT ( 'NONE',  ( 313.3000000000000114, 5.399999999999999467, 6.349999999999999645 ) ) ;
#9266 = EDGE_LOOP ( 'NONE', ( #2548, #9170, #5737, #5608 ) ) ;
#9267 = CARTESIAN_POINT ( 'NONE',  ( 163.3000000000000966, -32.05000000000007532, 6.349999999999999645 ) ) ;
#9268 = ORIENTED_EDGE ( 'NONE', *, *, #2023, .F. ) ;
#9269 = CARTESIAN_POINT ( 'NONE',  ( 273.3000000000000682, -5.400000000000019895, 6.349999999999999645 ) ) ;
#9270 = DIRECTION ( 'NONE',  ( 1.000000000000000000, 3.469446951953613696E-16, -0.000000000000000000 ) ) ;
#9271 = DIRECTION ( 'NONE',  ( 1.000000000000000000, 0.000000000000000000, 0.000000000000000000 ) ) ;
#9272 = VERTEX_POINT ( 'NONE', #3916 ) ;
#9273 = VECTOR ( 'NONE', #2922, 1000.000000000000000 ) ;
#9274 = DIRECTION ( 'NONE',  ( -0.000000000000000000, -0.000000000000000000, -1.000000000000000000 ) ) ;
#9275 = CARTESIAN_POINT ( 'NONE',  ( 303.3000000000000114, 5.399999999999999467, 6.349999999999999645 ) ) ;
#9277 = PLANE ( 'NONE',  #4742 ) ;
#9276 = VECTOR ( 'NONE', #2234, 1000.000000000000000 ) ;
#9278 = ORIENTED_EDGE ( 'NONE', *, *, #8919, .F. ) ;
#9279 = AXIS2_PLACEMENT_3D ( 'NONE', #8812, #2953, #387 ) ;
#9280 = CARTESIAN_POINT ( 'NONE',  ( 101.7500000000001137, -32.05000000000007532, 0.000000000000000000 ) ) ;
#9281 = ORIENTED_EDGE ( 'NONE', *, *, #7786, .F. ) ;
#9282 = VERTEX_POINT ( 'NONE', #525 ) ;
#9283 = CARTESIAN_POINT ( 'NONE',  ( 70.20000000000010232, 32.05000000000005400, 6.349999999999999645 ) ) ;
#9284 = ADVANCED_FACE ( 'NONE', ( #10487 ), #3139, .F. ) ;
#9285 = DIRECTION ( 'NONE',  ( 1.000000000000000000, 0.000000000000000000, 0.000000000000000000 ) ) ;
#9286 = EDGE_LOOP ( 'NONE', ( #920, #2598, #414, #10228 ) ) ;
#9287 = CARTESIAN_POINT ( 'NONE',  ( 60.20000000000013074, -32.05000000000007532, 0.000000000000000000 ) ) ;
#9288 = CARTESIAN_POINT ( 'NONE',  ( 221.7500000000001137, -32.05000000000007532, 0.000000000000000000 ) ) ;
#9289 = ORIENTED_EDGE ( 'NONE', *, *, #4176, .T. ) ;
#9290 = LINE ( 'NONE', #657, #10285 ) ;
#9291 = CIRCLE ( 'NONE', #5932, 1.549999999999995826 ) ;
#9292 = CIRCLE ( 'NONE', #8758, 1.549999999999995826 ) ;
#9293 = ORIENTED_EDGE ( 'NONE', *, *, #4765, .F. ) ;
#9294 = CIRCLE ( 'NONE', #10702, 1.549999999999982059 ) ;
#9295 = CARTESIAN_POINT ( 'NONE',  ( 263.3000000000000114, -5.400000000000027001, 0.000000000000000000 ) ) ;
#9296 = AXIS2_PLACEMENT_3D ( 'NONE', #411, #7542, #676 ) ;
#9297 = CARTESIAN_POINT ( 'NONE',  ( 113.3000000000001535, -72.05000000000008242, 0.000000000000000000 ) ) ;
#9298 = EDGE_LOOP ( 'NONE', ( #7429, #4161, #9084, #10512 ) ) ;
#9299 = EDGE_LOOP ( 'NONE', ( #214, #7803, #6361, #2853 ) ) ;
#9300 = CYLINDRICAL_SURFACE ( 'NONE', #5978, 1.549999999999982059 ) ;
#9301 = VECTOR ( 'NONE', #9602, 1000.000000000000000 ) ;
#9302 = EDGE_CURVE ( 'NONE', #10226, #3945, #6389, .T. ) ;
#9303 = EDGE_CURVE ( 'NONE', #7748, #3305, #8156, .T. ) ;
#9304 = VERTEX_POINT ( 'NONE', #1198 ) ;
#9305 = CARTESIAN_POINT ( 'NONE',  ( 193.3000000000000966, -19.99999999999992184, 0.000000000000000000 ) ) ;
#9306 = LINE ( 'NONE', #2676, #7656 ) ;
#9307 = AXIS2_PLACEMENT_3D ( 'NONE', #10211, #9699, #4462 ) ;
#9308 = DIRECTION ( 'NONE',  ( -1.000000000000000000, 0.000000000000000000, 0.000000000000000000 ) ) ;
#9309 = AXIS2_PLACEMENT_3D ( 'NONE', #1581, #2358, #8328 ) ;
#9310 = DIRECTION ( 'NONE',  ( 0.000000000000000000, 0.000000000000000000, 1.000000000000000000 ) ) ;
#9311 = EDGE_LOOP ( 'NONE', ( #10244, #6551, #1029, #298 ) ) ;
#9312 = DIRECTION ( 'NONE',  ( -1.000000000000000000, 0.000000000000000000, 0.000000000000000000 ) ) ;
#9313 = ORIENTED_EDGE ( 'NONE', *, *, #1224, .F. ) ;
#9314 = VECTOR ( 'NONE', #122, 1000.000000000000000 ) ;
#9315 = LINE ( 'NONE', #6308, #2435 ) ;
#9316 = ORIENTED_EDGE ( 'NONE', *, *, #6329, .T. ) ;
#9317 = EDGE_CURVE ( 'NONE', #5768, #343, #2090, .T. ) ;
#9318 = EDGE_CURVE ( 'NONE', #8863, #9226, #7107, .T. ) ;
#9319 = DIRECTION ( 'NONE',  ( -0.000000000000000000, -0.000000000000000000, -1.000000000000000000 ) ) ;
#9320 = LINE ( 'NONE', #7608, #6417 ) ;
#9321 = DIRECTION ( 'NONE',  ( -1.000000000000000000, -6.938893903907227392E-16, 0.000000000000000000 ) ) ;
#9322 = AXIS2_PLACEMENT_3D ( 'NONE', #1186, #1238, #9491 ) ;
#9323 = VECTOR ( 'NONE', #1079, 1000.000000000000000 ) ;
#9324 = VECTOR ( 'NONE', #6633, 1000.000000000000000 ) ;
#9325 = DIRECTION ( 'NONE',  ( 0.000000000000000000, 0.000000000000000000, 1.000000000000000000 ) ) ;
#9326 = AXIS2_PLACEMENT_3D ( 'NONE', #3203, #8289, #2368 ) ;
#9327 = ORIENTED_EDGE ( 'NONE', *, *, #8727, .T. ) ;
#9328 = DIRECTION ( 'NONE',  ( -1.000000000000000000, 0.000000000000000000, 0.000000000000000000 ) ) ;
#9329 = ORIENTED_EDGE ( 'NONE', *, *, #5445, .T. ) ;
#9330 = FACE_OUTER_BOUND ( 'NONE', #2892, .T. ) ;
#9331 = EDGE_CURVE ( 'NONE', #365, #3994, #7268, .T. ) ;
#9332 = ADVANCED_FACE ( 'NONE', ( #8833 ), #8000, .T. ) ;
#9333 = CIRCLE ( 'NONE', #4572, 1.549999999999995826 ) ;
#9334 = CARTESIAN_POINT ( 'NONE',  ( 110.2000000000001023, -19.99999999999992184, 6.349999999999999645 ) ) ;
#9335 = CARTESIAN_POINT ( 'NONE',  ( 220.2000000000001307, 20.00000000000000355, 0.000000000000000000 ) ) ;
#9336 = VERTEX_POINT ( 'NONE', #2986 ) ;
#9337 = PLANE ( 'NONE',  #1335 ) ;
#9338 = CIRCLE ( 'NONE', #10747, 1.549999999999995826 ) ;
#9339 = FACE_OUTER_BOUND ( 'NONE', #8050, .T. ) ;
#9340 = AXIS2_PLACEMENT_3D ( 'NONE', #4369, #9439, #5350 ) ;
#9341 = DIRECTION ( 'NONE',  ( 0.000000000000000000, 0.000000000000000000, 1.000000000000000000 ) ) ;
#9342 = VERTEX_POINT ( 'NONE', #2248 ) ;
#9343 = CARTESIAN_POINT ( 'NONE',  ( 71.75000000000011369, -32.05000000000007532, 0.000000000000000000 ) ) ;
#9344 = ORIENTED_EDGE ( 'NONE', *, *, #5946, .F. ) ;
#9345 = ORIENTED_EDGE ( 'NONE', *, *, #8592, .T. ) ;
#9346 = CARTESIAN_POINT ( 'NONE',  ( 160.2000000000001023, 20.00000000000000355, 6.349999999999999645 ) ) ;
#9347 = DIRECTION ( 'NONE',  ( -1.000000000000000000, 0.000000000000000000, 0.000000000000000000 ) ) ;
#9348 = ORIENTED_EDGE ( 'NONE', *, *, #3809, .T. ) ;
#9349 = LINE ( 'NONE', #6079, #6470 ) ;
#9350 = DIRECTION ( 'NONE',  ( 0.000000000000000000, 0.000000000000000000, 1.000000000000000000 ) ) ;
#9351 = ORIENTED_EDGE ( 'NONE', *, *, #10751, .F. ) ;
#9352 = DIRECTION ( 'NONE',  ( -1.000000000000000000, -6.938893903907241197E-16, 0.000000000000000000 ) ) ;
#9353 = VERTEX_POINT ( 'NONE', #10649 ) ;
#9354 = EDGE_CURVE ( 'NONE', #5941, #849, #5666, .T. ) ;
#9355 = DIRECTION ( 'NONE',  ( 1.040834085586084059E-15, -1.000000000000000000, 0.000000000000000000 ) ) ;
#9356 = PLANE ( 'NONE',  #4353 ) ;
#9357 = ORIENTED_EDGE ( 'NONE', *, *, #2100, .T. ) ;
#9358 = ORIENTED_EDGE ( 'NONE', *, *, #1891, .T. ) ;
#9359 = CYLINDRICAL_SURFACE ( 'NONE', #2980, 1.549999999999995826 ) ;
#9360 = EDGE_LOOP ( 'NONE', ( #6518, #426, #9900, #10955 ) ) ;
#9361 = DIRECTION ( 'NONE',  ( -1.000000000000000000, 0.000000000000000000, 0.000000000000000000 ) ) ;
#9362 = DIRECTION ( 'NONE',  ( -3.469446951953620598E-16, 1.000000000000000000, 0.000000000000000000 ) ) ;
#9363 = CARTESIAN_POINT ( 'NONE',  ( 60.20000000000013074, -32.05000000000007532, 6.349999999999999645 ) ) ;
#9364 = EDGE_CURVE ( 'NONE', #3805, #140, #9710, .T. ) ;
#9365 = CARTESIAN_POINT ( 'NONE',  ( 100.2000000000000881, 72.05000000000005400, 0.000000000000000000 ) ) ;
#9366 = CARTESIAN_POINT ( 'NONE',  ( 190.2000000000001023, -19.99999999999992184, 0.000000000000000000 ) ) ;
#9367 = EDGE_LOOP ( 'NONE', ( #4593, #8688, #4060, #5895 ) ) ;
#9368 = DIRECTION ( 'NONE',  ( 0.000000000000000000, 0.000000000000000000, 1.000000000000000000 ) ) ;
#9369 = ORIENTED_EDGE ( 'NONE', *, *, #6735, .F. ) ;
#9370 = ORIENTED_EDGE ( 'NONE', *, *, #5292, .F. ) ;
#9371 = DIRECTION ( 'NONE',  ( 0.000000000000000000, 0.000000000000000000, 1.000000000000000000 ) ) ;
#9372 = DIRECTION ( 'NONE',  ( 0.6246950475544243986, 0.7808688094430303872, -0.000000000000000000 ) ) ;
#9373 = CARTESIAN_POINT ( 'NONE',  ( 132.7857146142317788, -30.31245604999991983, 6.349999999999999645 ) ) ;
#9374 = EDGE_CURVE ( 'NONE', #168, #3984, #82, .T. ) ;
#9375 = EDGE_CURVE ( 'NONE', #10477, #360, #3869, .T. ) ;
#9376 = DIRECTION ( 'NONE',  ( 0.000000000000000000, 0.000000000000000000, -1.000000000000000000 ) ) ;
#9377 = ORIENTED_EDGE ( 'NONE', *, *, #7420, .F. ) ;
#9378 = DIRECTION ( 'NONE',  ( -0.000000000000000000, -0.000000000000000000, -1.000000000000000000 ) ) ;
#9379 = EDGE_LOOP ( 'NONE', ( #7312, #1816, #7662, #9838 ) ) ;
#9380 = CARTESIAN_POINT ( 'NONE',  ( 200.2000000000001023, 20.00000000000000355, 6.349999999999999645 ) ) ;
#9381 = CARTESIAN_POINT ( 'NONE',  ( 140.2000000000001023, -19.99999999999992184, 6.349999999999999645 ) ) ;
#9382 = CYLINDRICAL_SURFACE ( 'NONE', #570, 1.549999999999995826 ) ;
#9383 = ORIENTED_EDGE ( 'NONE', *, *, #8362, .T. ) ;
#9384 = EDGE_CURVE ( 'NONE', #7760, #163, #9092, .T. ) ;
#9385 = EDGE_CURVE ( 'NONE', #7543, #10792, #2753, .T. ) ;
#9386 = EDGE_CURVE ( 'NONE', #9111, #3911, #1409, .T. ) ;
#9387 = FACE_OUTER_BOUND ( 'NONE', #838, .T. ) ;
#9388 = DIRECTION ( 'NONE',  ( 3.469446951953620598E-16, -1.000000000000000000, 0.000000000000000000 ) ) ;
#9389 = ORIENTED_EDGE ( 'NONE', *, *, #2212, .F. ) ;
#9390 = LINE ( 'NONE', #7677, #8206 ) ;
#9391 = ORIENTED_EDGE ( 'NONE', *, *, #667, .T. ) ;
#9392 = EDGE_LOOP ( 'NONE', ( #1328, #7109, #10516, #4417 ) ) ;
#9393 = DIRECTION ( 'NONE',  ( -0.000000000000000000, -0.000000000000000000, -1.000000000000000000 ) ) ;
#9394 = CARTESIAN_POINT ( 'NONE',  ( 141.7500000000000000, -20.00000000000003197, 0.000000000000000000 ) ) ;
#9395 = VERTEX_POINT ( 'NONE', #3968 ) ;
#9396 = DIRECTION ( 'NONE',  ( -0.000000000000000000, -0.000000000000000000, -1.000000000000000000 ) ) ;
#9397 = CARTESIAN_POINT ( 'NONE',  ( 201.7499999999999716, -20.00000000000003197, 6.349999999999999645 ) ) ;
#9398 = EDGE_LOOP ( 'NONE', ( #1770, #2186, #3193, #6385 ) ) ;
#9399 = DIRECTION ( 'NONE',  ( -0.000000000000000000, -0.000000000000000000, -1.000000000000000000 ) ) ;
#9400 = EDGE_CURVE ( 'NONE', #6380, #878, #7323, .T. ) ;
#9401 = ADVANCED_FACE ( 'NONE', ( #8275 ), #4841, .T. ) ;
#9402 = VECTOR ( 'NONE', #5097, 1000.000000000000000 ) ;
#9403 = CARTESIAN_POINT ( 'NONE',  ( 210.2000000000001307, -32.05000000000007532, 6.349999999999999645 ) ) ;
#9404 = CARTESIAN_POINT ( 'NONE',  ( 193.3000000000000966, -19.99999999999992184, 6.349999999999999645 ) ) ;
#9405 = ORIENTED_EDGE ( 'NONE', *, *, #3383, .T. ) ;
#9406 = VERTEX_POINT ( 'NONE', #798 ) ;
#9407 = LINE ( 'NONE', #4442, #7749 ) ;
#9408 = LINE ( 'NONE', #6036, #1330 ) ;
#9409 = EDGE_LOOP ( 'NONE', ( #9676, #8001, #10162, #10324 ) ) ;
#9410 = LINE ( 'NONE', #2673, #7663 ) ;
#9411 = DIRECTION ( 'NONE',  ( 1.000000000000000000, 6.938893903907227392E-16, -0.000000000000000000 ) ) ;
#9412 = CARTESIAN_POINT ( 'NONE',  ( 163.3000000000000966, -19.99999999999992184, 6.349999999999999645 ) ) ;
#9413 = VECTOR ( 'NONE', #7301, 1000.000000000000000 ) ;
#9414 = DIRECTION ( 'NONE',  ( 1.040834085586084059E-15, -1.000000000000000000, 0.000000000000000000 ) ) ;
#9415 = CARTESIAN_POINT ( 'NONE',  ( 200.2000000000001307, -32.05000000000007532, 6.349999999999999645 ) ) ;
#9416 = AXIS2_PLACEMENT_3D ( 'NONE', #8436, #8374, #4412 ) ;
#9417 = CARTESIAN_POINT ( 'NONE',  ( 233.3000000000000114, 5.399999999999999467, 6.349999999999999645 ) ) ;
#9418 = VERTEX_POINT ( 'NONE', #3362 ) ;
#9420 = AXIS2_PLACEMENT_3D ( 'NONE', #681, #3908, #10696 ) ;
#9419 = DIRECTION ( 'NONE',  ( 0.000000000000000000, 0.000000000000000000, 1.000000000000000000 ) ) ;
#9421 = ORIENTED_EDGE ( 'NONE', *, *, #5200, .F. ) ;
#9422 = EDGE_LOOP ( 'NONE', ( #891, #8072, #10601, #4017 ) ) ;
#9423 = EDGE_CURVE ( 'NONE', #65, #3577, #6267, .T. ) ;
#9424 = DIRECTION ( 'NONE',  ( -5.204170427930431144E-16, 1.000000000000000000, 0.000000000000000000 ) ) ;
#9425 = DIRECTION ( 'NONE',  ( 1.000000000000000000, 0.000000000000000000, 0.000000000000000000 ) ) ;
#9426 = ORIENTED_EDGE ( 'NONE', *, *, #5200, .T. ) ;
#9427 = AXIS2_PLACEMENT_3D ( 'NONE', #2111, #8903, #5479 ) ;
#9428 = CARTESIAN_POINT ( 'NONE',  ( 63.30000000000006111, 32.05000000000005400, 0.000000000000000000 ) ) ;
#9429 = ORIENTED_EDGE ( 'NONE', *, *, #4132, .F. ) ;
#9430 = CARTESIAN_POINT ( 'NONE',  ( 163.3000000000000966, -19.99999999999992184, 0.000000000000000000 ) ) ;
#9431 = EDGE_LOOP ( 'NONE', ( #3021, #5512, #2524, #8368 ) ) ;
#9432 = DIRECTION ( 'NONE',  ( 1.000000000000000000, 0.000000000000000000, 0.000000000000000000 ) ) ;
#9433 = EDGE_CURVE ( 'NONE', #996, #6152, #10046, .T. ) ;
#9434 = EDGE_CURVE ( 'NONE', #4211, #3958, #4081, .T. ) ;
#9435 = DIRECTION ( 'NONE',  ( 1.000000000000000000, 0.000000000000000000, 0.000000000000000000 ) ) ;
#9436 = DIRECTION ( 'NONE',  ( -1.000000000000000000, 0.000000000000000000, 0.000000000000000000 ) ) ;
#9437 = ORIENTED_EDGE ( 'NONE', *, *, #169, .T. ) ;
#9438 = DIRECTION ( 'NONE',  ( 1.000000000000000000, 1.387778780781446070E-15, -0.000000000000000000 ) ) ;
#9439 = DIRECTION ( 'NONE',  ( 0.000000000000000000, 0.000000000000000000, 1.000000000000000000 ) ) ;
#9440 = ORIENTED_EDGE ( 'NONE', *, *, #4936, .F. ) ;
#9441 = CARTESIAN_POINT ( 'NONE',  ( 181.7500000000000000, -20.00000000000003197, 0.000000000000000000 ) ) ;
#9442 = EDGE_LOOP ( 'NONE', ( #7568, #9429, #1462, #10047 ) ) ;
#9443 = ORIENTED_EDGE ( 'NONE', *, *, #6910, .T. ) ;
#9444 = CARTESIAN_POINT ( 'NONE',  ( 30.20000000000010232, -19.99999999999992184, 6.349999999999999645 ) ) ;
#9445 = CIRCLE ( 'NONE', #1308, 1.549999999999995826 ) ;
#9446 = DIRECTION ( 'NONE',  ( 0.000000000000000000, 0.000000000000000000, -1.000000000000000000 ) ) ;
#9447 = ORIENTED_EDGE ( 'NONE', *, *, #3790, .F. ) ;
#9448 = DIRECTION ( 'NONE',  ( 1.000000000000000000, 1.387778780781445478E-15, -0.000000000000000000 ) ) ;
#9449 = CARTESIAN_POINT ( 'NONE',  ( 141.7500000000000568, 72.05000000000005400, 0.000000000000000000 ) ) ;
#9450 = VERTEX_POINT ( 'NONE', #9211 ) ;
#9451 = EDGE_CURVE ( 'NONE', #727, #8472, #632, .T. ) ;
#9452 = EDGE_CURVE ( 'NONE', #6183, #315, #2411, .T. ) ;
#9453 = CARTESIAN_POINT ( 'NONE',  ( 270.2000000000000455, -5.400000000000020783, 6.349999999999999645 ) ) ;
#9454 = AXIS2_PLACEMENT_3D ( 'NONE', #7899, #4478, #3707 ) ;
#9455 = AXIS2_PLACEMENT_3D ( 'NONE', #2799, #3618, #8648 ) ;
#9456 = LINE ( 'NONE', #2042, #3342 ) ;
#9457 = DIRECTION ( 'NONE',  ( 0.000000000000000000, 1.000000000000000000, 0.000000000000000000 ) ) ;
#9458 = ORIENTED_EDGE ( 'NONE', *, *, #8908, .F. ) ;
#9459 = ORIENTED_EDGE ( 'NONE', *, *, #6098, .F. ) ;
#9460 = CARTESIAN_POINT ( 'NONE',  ( 191.7500000000000853, 32.05000000000005400, 6.349999999999999645 ) ) ;
#9461 = FACE_BOUND ( 'NONE', #5888, .T. ) ;
#9462 = ORIENTED_EDGE ( 'NONE', *, *, #5726, .F. ) ;
#9463 = ORIENTED_EDGE ( 'NONE', *, *, #9928, .F. ) ;
#9464 = PLANE ( 'NONE',  #3952 ) ;
#9465 = AXIS2_PLACEMENT_3D ( 'NONE', #1184, #8822, #3794 ) ;
#9466 = ADVANCED_FACE ( 'NONE', ( #2583 ), #2472, .F. ) ;
#9467 = EDGE_CURVE ( 'NONE', #8639, #1775, #6606, .T. ) ;
#9468 = VECTOR ( 'NONE', #6420, 1000.000000000000000 ) ;
#9469 = CARTESIAN_POINT ( 'NONE',  ( 43.30000000000011084, -32.05000000000007532, 6.349999999999999645 ) ) ;
#9470 = DIRECTION ( 'NONE',  ( 1.000000000000000000, 0.000000000000000000, 0.000000000000000000 ) ) ;
#9471 = AXIS2_PLACEMENT_3D ( 'NONE', #3006, #6469, #381 ) ;
#9472 = AXIS2_PLACEMENT_3D ( 'NONE', #8342, #2489, #9347 ) ;
#9473 = CARTESIAN_POINT ( 'NONE',  ( 63.30000000000007532, -19.99999999999992184, 6.349999999999999645 ) ) ;
#9474 = CYLINDRICAL_SURFACE ( 'NONE', #3273, 1.549999999999968070 ) ;
#9475 = VERTEX_POINT ( 'NONE', #8382 ) ;
#9476 = DIRECTION ( 'NONE',  ( -1.000000000000000000, 0.000000000000000000, 0.000000000000000000 ) ) ;
#9477 = VECTOR ( 'NONE', #8004, 1000.000000000000000 ) ;
#9478 = VERTEX_POINT ( 'NONE', #5840 ) ;
#9479 = CARTESIAN_POINT ( 'NONE',  ( 143.3000000000000682, 32.05000000000005400, 0.000000000000000000 ) ) ;
#9480 = PLANE ( 'NONE',  #8181 ) ;
#9481 = ORIENTED_EDGE ( 'NONE', *, *, #383, .F. ) ;
#9482 = VECTOR ( 'NONE', #6788, 1000.000000000000000 ) ;
#9483 = VECTOR ( 'NONE', #6728, 1000.000000000000000 ) ;
#9484 = PLANE ( 'NONE',  #8601 ) ;
#9485 = EDGE_CURVE ( 'NONE', #2279, #1277, #7318, .T. ) ;
#9486 = AXIS2_PLACEMENT_3D ( 'NONE', #1748, #21, #10092 ) ;
#9487 = ORIENTED_EDGE ( 'NONE', *, *, #3335, .F. ) ;
#9488 = CARTESIAN_POINT ( 'NONE',  ( 213.3000000000001535, -72.05000000000008242, 6.349999999999999645 ) ) ;
#9489 = ORIENTED_EDGE ( 'NONE', *, *, #6194, .T. ) ;
#9491 = DIRECTION ( 'NONE',  ( 6.938893903907241197E-16, -1.000000000000000000, 0.000000000000000000 ) ) ;
#9490 = AXIS2_PLACEMENT_3D ( 'NONE', #8098, #5497, #8874 ) ;
#9492 = VECTOR ( 'NONE', #5612, 1000.000000000000000 ) ;
#9493 = CARTESIAN_POINT ( 'NONE',  ( 223.3000000000000966, -19.99999999999992184, 0.000000000000000000 ) ) ;
#9494 = CARTESIAN_POINT ( 'NONE',  ( 110.2000000000001307, -32.05000000000007532, 6.349999999999999645 ) ) ;
#9495 = ORIENTED_EDGE ( 'NONE', *, *, #8920, .T. ) ;
#9496 = CIRCLE ( 'NONE', #1016, 1.549999999999999378 ) ;
#9497 = VECTOR ( 'NONE', #8123, 1000.000000000000000 ) ;
#9498 = CARTESIAN_POINT ( 'NONE',  ( 203.3000000000000682, 32.05000000000005400, 6.349999999999999645 ) ) ;
#9499 = EDGE_CURVE ( 'NONE', #1656, #10828, #10096, .T. ) ;
#9500 = FACE_OUTER_BOUND ( 'NONE', #9392, .T. ) ;
#9501 = ORIENTED_EDGE ( 'NONE', *, *, #3038, .F. ) ;
#9502 = VECTOR ( 'NONE', #3166, 1000.000000000000000 ) ;
#9503 = CARTESIAN_POINT ( 'NONE',  ( 283.3000000000000682, -45.40000000000001990, 6.349999999999999645 ) ) ;
#9504 = ORIENTED_EDGE ( 'NONE', *, *, #870, .T. ) ;
#9505 = ORIENTED_EDGE ( 'NONE', *, *, #3096, .F. ) ;
#9506 = CYLINDRICAL_SURFACE ( 'NONE', #5102, 1.549999999999995826 ) ;
#9507 = DIRECTION ( 'NONE',  ( 0.000000000000000000, -1.000000000000000000, 0.000000000000000000 ) ) ;
#9508 = ORIENTED_EDGE ( 'NONE', *, *, #7801, .T. ) ;
#9509 = DIRECTION ( 'NONE',  ( 1.000000000000000000, 0.000000000000000000, 0.000000000000000000 ) ) ;
#9510 = PLANE ( 'NONE',  #6574 ) ;
#9511 = ADVANCED_FACE ( 'NONE', ( #5896 ), #6780, .T. ) ;
#9512 = EDGE_LOOP ( 'NONE', ( #4071, #7695, #2320, #7348 ) ) ;
#9513 = VECTOR ( 'NONE', #10049, 1000.000000000000000 ) ;
#9514 = CARTESIAN_POINT ( 'NONE',  ( 223.3000000000000682, 72.05000000000005400, 0.000000000000000000 ) ) ;
#9515 = VECTOR ( 'NONE', #2538, 1000.000000000000000 ) ;
#9516 = DIRECTION ( 'NONE',  ( 1.734723475976807094E-16, -1.000000000000000000, -0.000000000000000000 ) ) ;
#9517 = EDGE_CURVE ( 'NONE', #732, #4522, #9160, .T. ) ;
#9518 = EDGE_CURVE ( 'NONE', #3795, #2118, #1461, .T. ) ;
#9519 = DIRECTION ( 'NONE',  ( 0.000000000000000000, 1.000000000000000000, 0.000000000000000000 ) ) ;
#9520 = ORIENTED_EDGE ( 'NONE', *, *, #3507, .F. ) ;
#9521 = ORIENTED_EDGE ( 'NONE', *, *, #5903, .T. ) ;
#9522 = DIRECTION ( 'NONE',  ( 0.000000000000000000, 0.000000000000000000, 1.000000000000000000 ) ) ;
#9523 = FACE_BOUND ( 'NONE', #2495, .T. ) ;
#9524 = ORIENTED_EDGE ( 'NONE', *, *, #6456, .F. ) ;
#9525 = VERTEX_POINT ( 'NONE', #863 ) ;
#9526 = CARTESIAN_POINT ( 'NONE',  ( 30.20000000000008455, 20.00000000000000355, 0.000000000000000000 ) ) ;
#9527 = CARTESIAN_POINT ( 'NONE',  ( 190.2000000000001592, -32.05000000000007532, 6.349999999999999645 ) ) ;
#9528 = FACE_OUTER_BOUND ( 'NONE', #1533, .T. ) ;
#9529 = DIRECTION ( 'NONE',  ( 6.938893903907227392E-16, -1.000000000000000000, -0.000000000000000000 ) ) ;
#9530 = AXIS2_PLACEMENT_3D ( 'NONE', #4511, #8866, #2962 ) ;
#9531 = EDGE_CURVE ( 'NONE', #1304, #7989, #5919, .T. ) ;
#9532 = CARTESIAN_POINT ( 'NONE',  ( 61.75000000000008527, 32.05000000000005400, 6.349999999999999645 ) ) ;
#9533 = ADVANCED_FACE ( 'NONE', ( #4904 ), #4956, .T. ) ;
#9534 = EDGE_CURVE ( 'NONE', #1503, #4680, #9924, .T. ) ;
#9535 = LINE ( 'NONE', #8748, #2384 ) ;
#9536 = ORIENTED_EDGE ( 'NONE', *, *, #4866, .T. ) ;
#9537 = CARTESIAN_POINT ( 'NONE',  ( 50.20000000000016627, -72.05000000000008242, 0.000000000000000000 ) ) ;
#9538 = ORIENTED_EDGE ( 'NONE', *, *, #1353, .F. ) ;
#9539 = FACE_OUTER_BOUND ( 'NONE', #3774, .T. ) ;
#9540 = CYLINDRICAL_SURFACE ( 'NONE', #7834, 1.549999999999995826 ) ;
#9541 = CARTESIAN_POINT ( 'NONE',  ( 170.2000000000001023, -19.99999999999992184, 6.349999999999999645 ) ) ;
#9542 = FACE_OUTER_BOUND ( 'NONE', #462, .T. ) ;
#9543 = EDGE_CURVE ( 'NONE', #7623, #5915, #2567, .T. ) ;
#9544 = VERTEX_POINT ( 'NONE', #3576 ) ;
#9545 = CARTESIAN_POINT ( 'NONE',  ( 53.30000000000008242, -19.99999999999992184, 6.349999999999999645 ) ) ;
#9546 = VERTEX_POINT ( 'NONE', #10314 ) ;
#9547 = FACE_OUTER_BOUND ( 'NONE', #4426, .T. ) ;
#9548 = CARTESIAN_POINT ( 'NONE',  ( 240.2000000000000171, 5.399999999999998579, 6.349999999999999645 ) ) ;
#9549 = FACE_OUTER_BOUND ( 'NONE', #8683, .T. ) ;
#9550 = ORIENTED_EDGE ( 'NONE', *, *, #173, .T. ) ;
#9551 = CARTESIAN_POINT ( 'NONE',  ( 113.3000000000000824, -19.99999999999992184, 0.000000000000000000 ) ) ;
#9552 = CARTESIAN_POINT ( 'NONE',  ( 303.3000000000000682, -45.40000000000000568, 6.349999999999999645 ) ) ;
#9553 = ORIENTED_EDGE ( 'NONE', *, *, #5962, .T. ) ;
#9554 = LINE ( 'NONE', #6184, #1672 ) ;
#9555 = ORIENTED_EDGE ( 'NONE', *, *, #887, .T. ) ;
#9556 = VERTEX_POINT ( 'NONE', #3469 ) ;
#9557 = LINE ( 'NONE', #3649, #3520 ) ;
#9558 = DIRECTION ( 'NONE',  ( 1.000000000000000000, 0.000000000000000000, 0.000000000000000000 ) ) ;
#9559 = CARTESIAN_POINT ( 'NONE',  ( 50.20000000000010232, -19.99999999999992184, 6.349999999999999645 ) ) ;
#9560 = FACE_BOUND ( 'NONE', #388, .T. ) ;
#9561 = EDGE_LOOP ( 'NONE', ( #2449, #9071, #9818, #589 ) ) ;
#9562 = LINE ( 'NONE', #1049, #1439 ) ;
#9563 = ADVANCED_FACE ( 'NONE', ( #10214 ), #1028, .T. ) ;
#9564 = CARTESIAN_POINT ( 'NONE',  ( 303.3000000000000114, -5.399999999999999467, 6.349999999999999645 ) ) ;
#9565 = DIRECTION ( 'NONE',  ( -0.000000000000000000, -0.000000000000000000, -1.000000000000000000 ) ) ;
#9566 = VERTEX_POINT ( 'NONE', #4357 ) ;
#9567 = EDGE_LOOP ( 'NONE', ( #5525, #333, #10182, #4390 ) ) ;
#9568 = CARTESIAN_POINT ( 'NONE',  ( 310.2000000000000455, 45.39999999999999858, 6.349999999999999645 ) ) ;
#9569 = FACE_BOUND ( 'NONE', #2591, .T. ) ;
#9570 = VERTEX_POINT ( 'NONE', #5231 ) ;
#9571 = ORIENTED_EDGE ( 'NONE', *, *, #1763, .F. ) ;
#9572 = LINE ( 'NONE', #8741, #9820 ) ;
#9573 = CARTESIAN_POINT ( 'NONE',  ( 233.3000000000000114, 45.40000000000000568, 0.000000000000000000 ) ) ;
#9574 = EDGE_CURVE ( 'NONE', #10845, #6058, #8744, .T. ) ;
#9575 = ADVANCED_FACE ( 'NONE', ( #5126 ), #7724, .F. ) ;
#9576 = CARTESIAN_POINT ( 'NONE',  ( 61.75000000000015632, -72.05000000000008242, 0.000000000000000000 ) ) ;
#9577 = AXIS2_PLACEMENT_3D ( 'NONE', #10069, #9742, #4929 ) ;
#9578 = CARTESIAN_POINT ( 'NONE',  ( 160.2000000000001023, 20.00000000000000355, 0.000000000000000000 ) ) ;
#9579 = FACE_OUTER_BOUND ( 'NONE', #9770, .T. ) ;
#9580 = ORIENTED_EDGE ( 'NONE', *, *, #8855, .T. ) ;
#9581 = CARTESIAN_POINT ( 'NONE',  ( 140.2000000000001023, -19.99999999999992184, 6.349999999999999645 ) ) ;
#9582 = ORIENTED_EDGE ( 'NONE', *, *, #7927, .F. ) ;
#9583 = CIRCLE ( 'NONE', #1813, 1.549999999999995826 ) ;
#9584 = AXIS2_PLACEMENT_3D ( 'NONE', #6242, #9717, #5514 ) ;
#9585 = FACE_OUTER_BOUND ( 'NONE', #1987, .T. ) ;
#9586 = LINE ( 'NONE', #394, #8717 ) ;
#9587 = DIRECTION ( 'NONE',  ( 0.000000000000000000, 0.000000000000000000, 1.000000000000000000 ) ) ;
#9588 = EDGE_CURVE ( 'NONE', #7237, #2945, #8494, .T. ) ;
#9589 = ADVANCED_FACE ( 'NONE', ( #2745 ), #1130, .F. ) ;
#9590 = AXIS2_PLACEMENT_3D ( 'NONE', #5713, #5890, #9261 ) ;
#9591 = VECTOR ( 'NONE', #2560, 1000.000000000000000 ) ;
#9592 = CARTESIAN_POINT ( 'NONE',  ( 101.7500000000000000, -20.00000000000003197, 0.000000000000000000 ) ) ;
#9593 = ORIENTED_EDGE ( 'NONE', *, *, #2719, .F. ) ;
#9594 = FACE_OUTER_BOUND ( 'NONE', #8788, .T. ) ;
#9595 = VERTEX_POINT ( 'NONE', #2644 ) ;
#9596 = DIRECTION ( 'NONE',  ( 6.938893903907241197E-16, -1.000000000000000000, 0.000000000000000000 ) ) ;
#9597 = FACE_OUTER_BOUND ( 'NONE', #6600, .T. ) ;
#9598 = CARTESIAN_POINT ( 'NONE',  ( 70.20000000000015916, -72.05000000000008242, 6.349999999999999645 ) ) ;
#9599 = EDGE_LOOP ( 'NONE', ( #2076, #5817, #7595, #2345 ) ) ;
#9600 = ADVANCED_FACE ( 'NONE', ( #187 ), #8603, .T. ) ;
#9601 = EDGE_CURVE ( 'NONE', #7654, #8639, #8660, .T. ) ;
#9602 = DIRECTION ( 'NONE',  ( -0.000000000000000000, -0.000000000000000000, -1.000000000000000000 ) ) ;
#9603 = ORIENTED_EDGE ( 'NONE', *, *, #35, .F. ) ;
#9604 = CARTESIAN_POINT ( 'NONE',  ( 260.2000000000001023, -45.40000000000002700, 0.000000000000000000 ) ) ;
#9605 = ORIENTED_EDGE ( 'NONE', *, *, #9146, .F. ) ;
#9606 = VERTEX_POINT ( 'NONE', #909 ) ;
#9607 = LINE ( 'NONE', #9713, #5275 ) ;
#9608 = LINE ( 'NONE', #6348, #1527 ) ;
#9609 = FACE_BOUND ( 'NONE', #9158, .T. ) ;
#9610 = EDGE_LOOP ( 'NONE', ( #6631, #8095, #9940, #3116 ) ) ;
#9611 = CARTESIAN_POINT ( 'NONE',  ( 203.2999999999999829, 20.00000000000000355, 0.000000000000000000 ) ) ;
#9612 = LINE ( 'NONE', #8519, #10392 ) ;
#9613 = EDGE_CURVE ( 'NONE', #4645, #3482, #7667, .T. ) ;
#9614 = FACE_OUTER_BOUND ( 'NONE', #779, .T. ) ;
#9615 = ORIENTED_EDGE ( 'NONE', *, *, #6084, .T. ) ;
#9616 = EDGE_LOOP ( 'NONE', ( #5684, #2044, #7952, #2112 ) ) ;
#9617 = CARTESIAN_POINT ( 'NONE',  ( 251.7500000000000284, 45.39999999999999858, 6.349999999999999645 ) ) ;
#9618 = FACE_BOUND ( 'NONE', #9021, .T. ) ;
#9619 = EDGE_LOOP ( 'NONE', ( #3099, #5656, #3607, #5338 ) ) ;
#9620 = ORIENTED_EDGE ( 'NONE', *, *, #8700, .T. ) ;
#9621 = CARTESIAN_POINT ( 'NONE',  ( 33.30000000000008242, -19.99999999999992184, 6.349999999999999645 ) ) ;
#9622 = DIRECTION ( 'NONE',  ( 1.387778780781445676E-15, -1.000000000000000000, 0.000000000000000000 ) ) ;
#9623 = ORIENTED_EDGE ( 'NONE', *, *, #2879, .F. ) ;
#9624 = DIRECTION ( 'NONE',  ( -1.000000000000000000, 0.000000000000000000, 0.000000000000000000 ) ) ;
#9625 = VECTOR ( 'NONE', #976, 1000.000000000000000 ) ;
#9626 = VECTOR ( 'NONE', #8259, 1000.000000000000000 ) ;
#9627 = DIRECTION ( 'NONE',  ( 1.000000000000000000, 6.938893903907227392E-16, -0.000000000000000000 ) ) ;
#9628 = ADVANCED_FACE ( 'NONE', ( #7049 ), #963, .T. ) ;
#9629 = FACE_OUTER_BOUND ( 'NONE', #5316, .T. ) ;
#9630 = ORIENTED_EDGE ( 'NONE', *, *, #4789, .F. ) ;
#9631 = DIRECTION ( 'NONE',  ( -0.000000000000000000, -0.000000000000000000, -1.000000000000000000 ) ) ;
#9632 = AXIS2_PLACEMENT_3D ( 'NONE', #6838, #6010, #10263 ) ;
#9633 = VECTOR ( 'NONE', #4228, 1000.000000000000000 ) ;
#9634 = ORIENTED_EDGE ( 'NONE', *, *, #5262, .T. ) ;
#9635 = DIRECTION ( 'NONE',  ( -1.000000000000000000, 0.000000000000000000, 0.000000000000000000 ) ) ;
#9636 = CARTESIAN_POINT ( 'NONE',  ( 70.20000000000011653, -32.05000000000007532, 6.349999999999999645 ) ) ;
#9637 = EDGE_CURVE ( 'NONE', #10851, #4429, #7829, .T. ) ;
#9638 = DIRECTION ( 'NONE',  ( -0.000000000000000000, -0.000000000000000000, -1.000000000000000000 ) ) ;
#9639 = VECTOR ( 'NONE', #3898, 1000.000000000000000 ) ;
#9640 = CIRCLE ( 'NONE', #10358, 1.549999999999995826 ) ;
#9641 = AXIS2_PLACEMENT_3D ( 'NONE', #3662, #4389, #7755 ) ;
#9642 = CARTESIAN_POINT ( 'NONE',  ( 223.3000000000000966, -19.99999999999992184, 6.349999999999999645 ) ) ;
#9643 = EDGE_CURVE ( 'NONE', #7182, #6808, #3529, .T. ) ;
#9644 = EDGE_CURVE ( 'NONE', #1089, #7241, #6889, .T. ) ;
#9645 = ORIENTED_EDGE ( 'NONE', *, *, #6441, .F. ) ;
#9646 = CIRCLE ( 'NONE', #107, 1.549999999999995826 ) ;
#9647 = DIRECTION ( 'NONE',  ( 3.469446951953613696E-16, -1.000000000000000000, 0.000000000000000000 ) ) ;
#9648 = ORIENTED_EDGE ( 'NONE', *, *, #2503, .T. ) ;
#9649 = DIRECTION ( 'NONE',  ( -1.387778780781445478E-15, 1.000000000000000000, -0.000000000000000000 ) ) ;
#9650 = VECTOR ( 'NONE', #8380, 1000.000000000000000 ) ;
#9651 = CARTESIAN_POINT ( 'NONE',  ( 73.30000000000005400, 32.05000000000005400, 6.349999999999999645 ) ) ;
#9652 = CARTESIAN_POINT ( 'NONE',  ( 173.3000000000001535, -72.05000000000008242, 6.349999999999999645 ) ) ;
#9653 = ORIENTED_EDGE ( 'NONE', *, *, #9374, .F. ) ;
#9654 = AXIS2_PLACEMENT_3D ( 'NONE', #761, #4157, #9011 ) ;
#9655 = VECTOR ( 'NONE', #5447, 1000.000000000000000 ) ;
#9656 = LINE ( 'NONE', #3914, #8422 ) ;
#9657 = AXIS2_PLACEMENT_3D ( 'NONE', #6381, #458, #680 ) ;
#9658 = EDGE_CURVE ( 'NONE', #7577, #8740, #5339, .T. ) ;
#9659 = AXIS2_PLACEMENT_3D ( 'NONE', #7169, #1985, #7112 ) ;
#9660 = EDGE_CURVE ( 'NONE', #10952, #6088, #4517, .T. ) ;
#9661 = EDGE_LOOP ( 'NONE', ( #9692, #10637, #2340, #3425 ) ) ;
#9662 = CARTESIAN_POINT ( 'NONE',  ( 260.2000000000001023, -45.40000000000002700, 6.349999999999999645 ) ) ;
#9663 = ORIENTED_EDGE ( 'NONE', *, *, #9811, .T. ) ;
#9664 = ORIENTED_EDGE ( 'NONE', *, *, #8389, .T. ) ;
#9665 = DIRECTION ( 'NONE',  ( -1.000000000000000000, 0.000000000000000000, 0.000000000000000000 ) ) ;
#9666 = VECTOR ( 'NONE', #8035, 1000.000000000000000 ) ;
#9667 = CARTESIAN_POINT ( 'NONE',  ( 161.7500000000000853, 32.05000000000005400, 0.000000000000000000 ) ) ;
#9668 = FACE_BOUND ( 'NONE', #9735, .T. ) ;
#9669 = ORIENTED_EDGE ( 'NONE', *, *, #4866, .F. ) ;
#9670 = DIRECTION ( 'NONE',  ( 1.000000000000000000, 0.000000000000000000, 0.000000000000000000 ) ) ;
#9671 = AXIS2_PLACEMENT_3D ( 'NONE', #4291, #3402, #2397 ) ;
#9672 = DIRECTION ( 'NONE',  ( -0.000000000000000000, -0.000000000000000000, -1.000000000000000000 ) ) ;
#9673 = CIRCLE ( 'NONE', #4908, 1.549999999999995826 ) ;
#9674 = LINE ( 'NONE', #1309, #313 ) ;
#9675 = CARTESIAN_POINT ( 'NONE',  ( 43.30000000000014637, -72.05000000000008242, 6.349999999999999645 ) ) ;
#9676 = ORIENTED_EDGE ( 'NONE', *, *, #2821, .F. ) ;
#9677 = ORIENTED_EDGE ( 'NONE', *, *, #3734, .F. ) ;
#9678 = CARTESIAN_POINT ( 'NONE',  ( 103.3000000000000824, -19.99999999999992184, 6.349999999999999645 ) ) ;
#9679 = AXIS2_PLACEMENT_3D ( 'NONE', #1216, #7965, #4495 ) ;
#9680 = FACE_BOUND ( 'NONE', #1753, .T. ) ;
#9681 = ORIENTED_EDGE ( 'NONE', *, *, #2502, .T. ) ;
#9682 = EDGE_LOOP ( 'NONE', ( #10057, #8897, #6868, #10650 ) ) ;
#9683 = CARTESIAN_POINT ( 'NONE',  ( 90.20000000000008811, 20.00000000000000355, 6.349999999999999645 ) ) ;
#9684 = LINE ( 'NONE', #5427, #1836 ) ;
#9685 = ORIENTED_EDGE ( 'NONE', *, *, #10826, .F. ) ;
#9686 = VECTOR ( 'NONE', #752, 1000.000000000000000 ) ;
#9687 = CARTESIAN_POINT ( 'NONE',  ( 280.1999999999999886, -5.400000000000014566, 6.349999999999999645 ) ) ;
#9688 = VERTEX_POINT ( 'NONE', #297 ) ;
#9689 = EDGE_CURVE ( 'NONE', #4461, #2555, #1496, .T. ) ;
#9690 = CARTESIAN_POINT ( 'NONE',  ( 31.75000000000000000, 82.54999999999999716, 6.349999999999999645 ) ) ;
#9691 = DIRECTION ( 'NONE',  ( 0.000000000000000000, 0.000000000000000000, 1.000000000000000000 ) ) ;
#9692 = ORIENTED_EDGE ( 'NONE', *, *, #3925, .T. ) ;
#9693 = FACE_OUTER_BOUND ( 'NONE', #7626, .T. ) ;
#9694 = ORIENTED_EDGE ( 'NONE', *, *, #463, .F. ) ;
#9695 = LINE ( 'NONE', #9906, #10869 ) ;
#9696 = CARTESIAN_POINT ( 'NONE',  ( 313.3000000000000114, 45.40000000000000568, 6.349999999999999645 ) ) ;
#9697 = CARTESIAN_POINT ( 'NONE',  ( 150.2000000000001023, 20.00000000000000355, 6.349999999999999645 ) ) ;
#9698 = ADVANCED_FACE ( 'NONE', ( #8924 ), #2075, .T. ) ;
#9699 = DIRECTION ( 'NONE',  ( 0.000000000000000000, 0.000000000000000000, 1.000000000000000000 ) ) ;
#9700 = ORIENTED_EDGE ( 'NONE', *, *, #2562, .F. ) ;
#9701 = CARTESIAN_POINT ( 'NONE',  ( 40.20000000000008100, 72.05000000000005400, 6.349999999999999645 ) ) ;
#9702 = ORIENTED_EDGE ( 'NONE', *, *, #8378, .T. ) ;
#9703 = DIRECTION ( 'NONE',  ( -0.000000000000000000, -0.000000000000000000, -1.000000000000000000 ) ) ;
#9704 = DIRECTION ( 'NONE',  ( 1.000000000000000000, 0.000000000000000000, 0.000000000000000000 ) ) ;
#9705 = CARTESIAN_POINT ( 'NONE',  ( 290.2000000000000455, -45.40000000000001279, 0.000000000000000000 ) ) ;
#9706 = ORIENTED_EDGE ( 'NONE', *, *, #3382, .F. ) ;
#9707 = EDGE_CURVE ( 'NONE', #2601, #4373, #3642, .T. ) ;
#9708 = DIRECTION ( 'NONE',  ( 1.040834085586084059E-15, -1.000000000000000000, 0.000000000000000000 ) ) ;
#9709 = VERTEX_POINT ( 'NONE', #8872 ) ;
#9710 = LINE ( 'NONE', #2134, #6103 ) ;
#9711 = ORIENTED_EDGE ( 'NONE', *, *, #9176, .T. ) ;
#9712 = ORIENTED_EDGE ( 'NONE', *, *, #1720, .F. ) ;
#9713 = CARTESIAN_POINT ( 'NONE',  ( 243.3000000000000114, 5.399999999999999467, 6.349999999999999645 ) ) ;
#9714 = DIRECTION ( 'NONE',  ( 0.000000000000000000, 0.000000000000000000, 1.000000000000000000 ) ) ;
#9715 = FACE_BOUND ( 'NONE', #7380, .T. ) ;
#9716 = ORIENTED_EDGE ( 'NONE', *, *, #5962, .F. ) ;
#9717 = DIRECTION ( 'NONE',  ( 0.000000000000000000, 0.000000000000000000, 1.000000000000000000 ) ) ;
#9718 = EDGE_CURVE ( 'NONE', #5637, #9336, #7700, .T. ) ;
#9719 = EDGE_CURVE ( 'NONE', #495, #9257, #1345, .T. ) ;
#9720 = EDGE_CURVE ( 'NONE', #268, #10086, #10590, .T. ) ;
#9721 = CARTESIAN_POINT ( 'NONE',  ( 260.2000000000000455, -5.400000000000027889, 6.349999999999999645 ) ) ;
#9722 = LINE ( 'NONE', #534, #668 ) ;
#9723 = DIRECTION ( 'NONE',  ( 0.000000000000000000, 0.000000000000000000, 1.000000000000000000 ) ) ;
#9724 = EDGE_LOOP ( 'NONE', ( #5104, #10620, #3375, #9197 ) ) ;
#9725 = ORIENTED_EDGE ( 'NONE', *, *, #7343, .F. ) ;
#9726 = DIRECTION ( 'NONE',  ( 1.000000000000000000, 0.000000000000000000, 0.000000000000000000 ) ) ;
#9727 = DIRECTION ( 'NONE',  ( 0.000000000000000000, 0.000000000000000000, 1.000000000000000000 ) ) ;
#9728 = EDGE_LOOP ( 'NONE', ( #3767, #1446, #4816, #850 ) ) ;
#9729 = DIRECTION ( 'NONE',  ( -0.000000000000000000, -0.000000000000000000, -1.000000000000000000 ) ) ;
#9730 = CARTESIAN_POINT ( 'NONE',  ( 73.30000000000005400, 32.05000000000005400, 6.349999999999999645 ) ) ;
#9731 = ORIENTED_EDGE ( 'NONE', *, *, #10586, .T. ) ;
#9732 = DIRECTION ( 'NONE',  ( -1.000000000000000000, 0.000000000000000000, 0.000000000000000000 ) ) ;
#9733 = ADVANCED_FACE ( 'NONE', ( #4576 ), #3742, .F. ) ;
#9734 = EDGE_CURVE ( 'NONE', #9192, #286, #402, .T. ) ;
#9735 = EDGE_LOOP ( 'NONE', ( #376, #5555, #1939, #5718 ) ) ;
#9736 = FACE_OUTER_BOUND ( 'NONE', #10651, .T. ) ;
#9737 = CARTESIAN_POINT ( 'NONE',  ( 261.7500000000001137, -5.400000000000027889, 0.000000000000000000 ) ) ;
#9738 = ORIENTED_EDGE ( 'NONE', *, *, #169, .F. ) ;
#9739 = CARTESIAN_POINT ( 'NONE',  ( 73.30000000000005400, 72.05000000000005400, 0.000000000000000000 ) ) ;
#9740 = ORIENTED_EDGE ( 'NONE', *, *, #3563, .T. ) ;
#9741 = DIRECTION ( 'NONE',  ( -0.000000000000000000, -0.000000000000000000, -1.000000000000000000 ) ) ;
#9742 = DIRECTION ( 'NONE',  ( 0.000000000000000000, 0.000000000000000000, 1.000000000000000000 ) ) ;
#9743 = DIRECTION ( 'NONE',  ( 0.000000000000000000, 0.000000000000000000, 1.000000000000000000 ) ) ;
#9744 = CARTESIAN_POINT ( 'NONE',  ( 290.1999999999999886, 5.399999999999998579, 0.000000000000000000 ) ) ;
#9745 = AXIS2_PLACEMENT_3D ( 'NONE', #9180, #2433, #7797 ) ;
#9746 = DIRECTION ( 'NONE',  ( 0.000000000000000000, 0.000000000000000000, -1.000000000000000000 ) ) ;
#9747 = COLOUR_RGB ( '',0.7921568627450980005, 0.8196078431372548767, 0.9333333333333333481 ) ;
#9748 = ORIENTED_EDGE ( 'NONE', *, *, #9434, .T. ) ;
#9749 = EDGE_CURVE ( 'NONE', #5507, #7632, #2862, .T. ) ;
#9750 = DIRECTION ( 'NONE',  ( 0.000000000000000000, 0.000000000000000000, 1.000000000000000000 ) ) ;
#9751 = EDGE_LOOP ( 'NONE', ( #10589, #3025, #1773, #1659 ) ) ;
#9752 = DIRECTION ( 'NONE',  ( -3.469446951953613696E-16, 1.000000000000000000, 0.000000000000000000 ) ) ;
#9753 = DIRECTION ( 'NONE',  ( -1.000000000000000000, 0.000000000000000000, 0.000000000000000000 ) ) ;
#9754 = DIRECTION ( 'NONE',  ( 1.000000000000000000, 0.000000000000000000, 0.000000000000000000 ) ) ;
#9755 = ORIENTED_EDGE ( 'NONE', *, *, #5469, .T. ) ;
#9756 = AXIS2_PLACEMENT_3D ( 'NONE', #3186, #1453, #10699 ) ;
#9757 = CIRCLE ( 'NONE', #1113, 1.549999999999995826 ) ;
#9758 = LINE ( 'NONE', #3077, #9301 ) ;
#9759 = ORIENTED_EDGE ( 'NONE', *, *, #6019, .F. ) ;
#9760 = EDGE_CURVE ( 'NONE', #4406, #3036, #4672, .T. ) ;
#9761 = EDGE_CURVE ( 'NONE', #8890, #403, #6222, .T. ) ;
#9762 = VECTOR ( 'NONE', #7044, 1000.000000000000000 ) ;
#9763 = DIRECTION ( 'NONE',  ( -0.000000000000000000, -0.000000000000000000, -1.000000000000000000 ) ) ;
#9764 = VERTEX_POINT ( 'NONE', #1398 ) ;
#9765 = VERTEX_POINT ( 'NONE', #2911 ) ;
#9766 = CARTESIAN_POINT ( 'NONE',  ( 220.2000000000001307, -19.99999999999992184, 6.349999999999999645 ) ) ;
#9767 = VECTOR ( 'NONE', #9529, 1000.000000000000000 ) ;
#9768 = CARTESIAN_POINT ( 'NONE',  ( 132.7857146142317788, 30.31245605000008680, 0.000000000000000000 ) ) ;
#9769 = FACE_BOUND ( 'NONE', #6459, .T. ) ;
#9770 = EDGE_LOOP ( 'NONE', ( #7470, #1191, #3083, #4378 ) ) ;
#9771 = DIRECTION ( 'NONE',  ( -1.000000000000000000, 0.000000000000000000, 0.000000000000000000 ) ) ;
#9772 = AXIS2_PLACEMENT_3D ( 'NONE', #10896, #4158, #7516 ) ;
#9773 = FACE_OUTER_BOUND ( 'NONE', #5990, .T. ) ;
#9774 = CARTESIAN_POINT ( 'NONE',  ( 160.2000000000001307, -32.05000000000007532, 6.349999999999999645 ) ) ;
#9775 = CARTESIAN_POINT ( 'NONE',  ( 223.3000000000000682, 32.05000000000005400, 6.349999999999999645 ) ) ;
#9776 = VERTEX_POINT ( 'NONE', #4780 ) ;
#9777 = ORIENTED_EDGE ( 'NONE', *, *, #1575, .F. ) ;
#9778 = LINE ( 'NONE', #8340, #4913 ) ;
#9779 = ADVANCED_FACE ( 'NONE', ( #9594 ), #6271, .T. ) ;
#9780 = EDGE_CURVE ( 'NONE', #3398, #2188, #3104, .T. ) ;
#9781 = DIRECTION ( 'NONE',  ( -1.000000000000000000, 0.000000000000000000, 0.000000000000000000 ) ) ;
#9782 = EDGE_LOOP ( 'NONE', ( #1104, #10151, #3653, #10486 ) ) ;
#9783 = CYLINDRICAL_SURFACE ( 'NONE', #4900, 1.549999999999982059 ) ;
#9784 = CARTESIAN_POINT ( 'NONE',  ( 100.2000000000001023, -19.99999999999992184, 6.349999999999999645 ) ) ;
#9785 = ORIENTED_EDGE ( 'NONE', *, *, #2157, .F. ) ;
#9786 = FACE_OUTER_BOUND ( 'NONE', #7528, .T. ) ;
#9787 = DIRECTION ( 'NONE',  ( 0.000000000000000000, 0.000000000000000000, 1.000000000000000000 ) ) ;
#9788 = CARTESIAN_POINT ( 'NONE',  ( 233.3000000000000682, -5.400000000000048317, 6.349999999999999645 ) ) ;
#9789 = ORIENTED_EDGE ( 'NONE', *, *, #180, .T. ) ;
#9790 = ORIENTED_EDGE ( 'NONE', *, *, #4584, .T. ) ;
#9791 = PLANE ( 'NONE',  #3409 ) ;
#9792 = ADVANCED_FACE ( 'NONE', ( #3020 ), #10531, .F. ) ;
#9793 = EDGE_CURVE ( 'NONE', #3028, #229, #2388, .T. ) ;
#9794 = ORIENTED_EDGE ( 'NONE', *, *, #3587, .T. ) ;
#9795 = AXIS2_PLACEMENT_3D ( 'NONE', #10708, #4743, #1246 ) ;
#9796 = DIRECTION ( 'NONE',  ( -0.000000000000000000, -1.000000000000000000, -0.000000000000000000 ) ) ;
#9797 = DIRECTION ( 'NONE',  ( -1.000000000000000000, -3.469446951953620598E-16, 0.000000000000000000 ) ) ;
#9798 = DIRECTION ( 'NONE',  ( -0.000000000000000000, -0.000000000000000000, -1.000000000000000000 ) ) ;
#9799 = AXIS2_PLACEMENT_3D ( 'NONE', #1342, #5652, #5762 ) ;
#9800 = DIRECTION ( 'NONE',  ( -1.000000000000000000, 0.000000000000000000, 0.000000000000000000 ) ) ;
#9801 = ORIENTED_EDGE ( 'NONE', *, *, #2488, .F. ) ;
#9802 = DIRECTION ( 'NONE',  ( 1.387778780781445478E-15, -1.000000000000000000, -0.000000000000000000 ) ) ;
#9803 = ORIENTED_EDGE ( 'NONE', *, *, #6260, .F. ) ;
#9804 = FACE_OUTER_BOUND ( 'NONE', #6388, .T. ) ;
#9805 = DIRECTION ( 'NONE',  ( 0.000000000000000000, 0.000000000000000000, 1.000000000000000000 ) ) ;
#9806 = CARTESIAN_POINT ( 'NONE',  ( 253.3000000000000682, -45.40000000000004121, 6.349999999999999645 ) ) ;
#9807 = LINE ( 'NONE', #566, #6583 ) ;
#9808 = ORIENTED_EDGE ( 'NONE', *, *, #3382, .T. ) ;
#9809 = AXIS2_PLACEMENT_3D ( 'NONE', #3158, #9727, #6521 ) ;
#9810 = CIRCLE ( 'NONE', #6111, 1.549999999999988942 ) ;
#9811 = EDGE_CURVE ( 'NONE', #343, #9059, #7149, .T. ) ;
#9812 = CARTESIAN_POINT ( 'NONE',  ( 103.3000000000001108, -32.05000000000007532, -0.000000000000000000 ) ) ;
#9813 = AXIS2_PLACEMENT_3D ( 'NONE', #1061, #7702, #5273 ) ;
#9814 = CIRCLE ( 'NONE', #5234, 1.549999999999968070 ) ;
#9815 = ORIENTED_EDGE ( 'NONE', *, *, #6680, .T. ) ;
#9816 = CARTESIAN_POINT ( 'NONE',  ( 111.7500000000001563, -72.05000000000008242, 0.000000000000000000 ) ) ;
#9817 = EDGE_LOOP ( 'NONE', ( #2885, #6346, #8513, #10347 ) ) ;
#9818 = ORIENTED_EDGE ( 'NONE', *, *, #3494, .T. ) ;
#9819 = PLANE ( 'NONE',  #4922 ) ;
#9820 = VECTOR ( 'NONE', #7127, 1000.000000000000000 ) ;
#9821 = CARTESIAN_POINT ( 'NONE',  ( 230.2000000000001023, -45.40000000000004832, 0.000000000000000000 ) ) ;
#9822 = FACE_BOUND ( 'NONE', #9178, .T. ) ;
#9823 = ORIENTED_EDGE ( 'NONE', *, *, #7419, .F. ) ;
#9824 = DIRECTION ( 'NONE',  ( 0.000000000000000000, 0.000000000000000000, 1.000000000000000000 ) ) ;
#9825 = AXIS2_PLACEMENT_3D ( 'NONE', #4629, #7266, #7220 ) ;
#9826 = EDGE_CURVE ( 'NONE', #5573, #3378, #5607, .T. ) ;
#9827 = CIRCLE ( 'NONE', #5074, 1.549999999999968070 ) ;
#9828 = DIRECTION ( 'NONE',  ( 0.000000000000000000, 0.000000000000000000, 1.000000000000000000 ) ) ;
#9829 = CARTESIAN_POINT ( 'NONE',  ( 81.75000000000007105, 72.05000000000005400, 0.000000000000000000 ) ) ;
#9830 = AXIS2_PLACEMENT_3D ( 'NONE', #721, #5934, #5824 ) ;
#9831 = ADVANCED_FACE ( 'NONE', ( #8144 ), #5495, .T. ) ;
#9832 = DIRECTION ( 'NONE',  ( 0.000000000000000000, 0.000000000000000000, 1.000000000000000000 ) ) ;
#9833 = ORIENTED_EDGE ( 'NONE', *, *, #8299, .F. ) ;
#9834 = EDGE_LOOP ( 'NONE', ( #6522, #1871, #5184, #3230 ) ) ;
#9835 = DIRECTION ( 'NONE',  ( -0.000000000000000000, -0.000000000000000000, -1.000000000000000000 ) ) ;
#9836 = AXIS2_PLACEMENT_3D ( 'NONE', #2523, #4192, #795 ) ;
#9837 = CARTESIAN_POINT ( 'NONE',  ( 280.1999999999999886, -5.400000000000014566, 6.349999999999999645 ) ) ;
#9838 = ORIENTED_EDGE ( 'NONE', *, *, #5838, .T. ) ;
#9839 = CARTESIAN_POINT ( 'NONE',  ( 140.2000000000001307, -32.05000000000007532, 6.349999999999999645 ) ) ;
#9840 = FACE_OUTER_BOUND ( 'NONE', #10127, .T. ) ;
#9841 = EDGE_LOOP ( 'NONE', ( #6825, #6901, #10725, #7668 ) ) ;
#9842 = VECTOR ( 'NONE', #3697, 1000.000000000000000 ) ;
#9843 = AXIS2_PLACEMENT_3D ( 'NONE', #1622, #6003, #2684 ) ;
#9844 = LINE ( 'NONE', #7974, #7883 ) ;
#9845 = EDGE_CURVE ( 'NONE', #4078, #694, #86, .T. ) ;
#9846 = CIRCLE ( 'NONE', #8794, 1.549999999999968070 ) ;
#9847 = ADVANCED_FACE ( 'NONE', ( #8369 ), #783, .F. ) ;
#9848 = CARTESIAN_POINT ( 'NONE',  ( 221.7500000000001137, 32.05000000000005400, 0.000000000000000000 ) ) ;
#9849 = CIRCLE ( 'NONE', #10036, 1.549999999999995826 ) ;
#9850 = DIRECTION ( 'NONE',  ( -0.000000000000000000, -1.000000000000000000, -0.000000000000000000 ) ) ;
#9851 = ORIENTED_EDGE ( 'NONE', *, *, #173, .F. ) ;
#9852 = EDGE_LOOP ( 'NONE', ( #3162, #4588, #10308, #4911 ) ) ;
#9853 = DIRECTION ( 'NONE',  ( 0.000000000000000000, 0.000000000000000000, 1.000000000000000000 ) ) ;
#9854 = AXIS2_PLACEMENT_3D ( 'NONE', #8895, #8795, #2933 ) ;
#9855 = ORIENTED_EDGE ( 'NONE', *, *, #1182, .F. ) ;
#9856 = DIRECTION ( 'NONE',  ( 1.000000000000000000, 0.000000000000000000, 0.000000000000000000 ) ) ;
#9857 = LINE ( 'NONE', #7418, #6944 ) ;
#9858 = CIRCLE ( 'NONE', #8977, 1.549999999999995826 ) ;
#9859 = EDGE_CURVE ( 'NONE', #2784, #1475, #3126, .T. ) ;
#9860 = ADVANCED_FACE ( 'NONE', ( #10755 ), #7428, .F. ) ;
#9861 = EDGE_CURVE ( 'NONE', #77, #1449, #9408, .T. ) ;
#9862 = VECTOR ( 'NONE', #4476, 1000.000000000000000 ) ;
#9863 = FACE_OUTER_BOUND ( 'NONE', #4683, .T. ) ;
#9864 = LINE ( 'NONE', #6377, #2926 ) ;
#9865 = LINE ( 'NONE', #1444, #4185 ) ;
#9866 = ORIENTED_EDGE ( 'NONE', *, *, #6414, .T. ) ;
#9867 = LINE ( 'NONE', #3351, #2576 ) ;
#9868 = ORIENTED_EDGE ( 'NONE', *, *, #4386, .F. ) ;
#9869 = DIRECTION ( 'NONE',  ( -1.000000000000000000, -6.938893903907241197E-16, 0.000000000000000000 ) ) ;
#9870 = CARTESIAN_POINT ( 'NONE',  ( 250.2000000000001023, -5.400000000000034994, 0.000000000000000000 ) ) ;
#9871 = LINE ( 'NONE', #4784, #7019 ) ;
#9872 = DIRECTION ( 'NONE',  ( -0.000000000000000000, -0.000000000000000000, -1.000000000000000000 ) ) ;
#9873 = VERTEX_POINT ( 'NONE', #1833 ) ;
#9874 = EDGE_CURVE ( 'NONE', #9765, #2555, #6714, .T. ) ;
#9875 = CARTESIAN_POINT ( 'NONE',  ( 163.3000000000000966, -19.99999999999992184, 0.000000000000000000 ) ) ;
#9876 = ORIENTED_EDGE ( 'NONE', *, *, #2907, .F. ) ;
#9877 = CARTESIAN_POINT ( 'NONE',  ( 191.7500000000000853, 72.05000000000005400, 6.349999999999999645 ) ) ;
#9878 = EDGE_LOOP ( 'NONE', ( #997, #6211, #1852, #6221, #2281, #9440, #2412, #6199 ) ) ;
#9879 = VERTEX_POINT ( 'NONE', #10855 ) ;
#9880 = DIRECTION ( 'NONE',  ( 1.000000000000000000, 0.000000000000000000, 0.000000000000000000 ) ) ;
#9881 = LINE ( 'NONE', #9164, #2965 ) ;
#9882 = DIRECTION ( 'NONE',  ( 6.938893903907227392E-16, -1.000000000000000000, -0.000000000000000000 ) ) ;
#9883 = ORIENTED_EDGE ( 'NONE', *, *, #10409, .F. ) ;
#9884 = LINE ( 'NONE', #2308, #224 ) ;
#9885 = LINE ( 'NONE', #533, #5068 ) ;
#9886 = CARTESIAN_POINT ( 'NONE',  ( 30.20000000000010232, -19.99999999999992184, 6.349999999999999645 ) ) ;
#9887 = CARTESIAN_POINT ( 'NONE',  ( 181.7500000000000000, 20.00000000000000355, 6.349999999999999645 ) ) ;
#9888 = ORIENTED_EDGE ( 'NONE', *, *, #9434, .F. ) ;
#9889 = ORIENTED_EDGE ( 'NONE', *, *, #7893, .F. ) ;
#9890 = DIRECTION ( 'NONE',  ( 0.000000000000000000, 0.000000000000000000, 1.000000000000000000 ) ) ;
#9891 = ADVANCED_FACE ( 'NONE', ( #3285 ), #5767, .F. ) ;
#9892 = CARTESIAN_POINT ( 'NONE',  ( 283.3000000000000114, -5.400000000000013678, -0.000000000000000000 ) ) ;
#9893 = ORIENTED_EDGE ( 'NONE', *, *, #9318, .F. ) ;
#9894 = DIRECTION ( 'NONE',  ( 0.000000000000000000, 0.000000000000000000, 1.000000000000000000 ) ) ;
#9895 = CARTESIAN_POINT ( 'NONE',  ( 280.1999999999999886, 5.399999999999998579, 6.349999999999999645 ) ) ;
#9896 = VERTEX_POINT ( 'NONE', #6492 ) ;
#9897 = AXIS2_PLACEMENT_3D ( 'NONE', #7609, #9321, #1745 ) ;
#9898 = DIRECTION ( 'NONE',  ( -0.000000000000000000, -0.000000000000000000, -1.000000000000000000 ) ) ;
#9899 = DIRECTION ( 'NONE',  ( 1.000000000000000000, 1.387778780781445676E-15, -0.000000000000000000 ) ) ;
#9900 = ORIENTED_EDGE ( 'NONE', *, *, #10674, .T. ) ;
#9901 = ORIENTED_EDGE ( 'NONE', *, *, #7827, .F. ) ;
#9902 = CARTESIAN_POINT ( 'NONE',  ( 30.20000000000010232, -19.99999999999992184, 6.349999999999999645 ) ) ;
#9903 = EDGE_CURVE ( 'NONE', #10920, #10842, #443, .T. ) ;
#9904 = EDGE_CURVE ( 'NONE', #8173, #3169, #1150, .T. ) ;
#9905 = EDGE_LOOP ( 'NONE', ( #2264, #7636, #7072, #7351 ) ) ;
#9906 = CARTESIAN_POINT ( 'NONE',  ( 100.2000000000001023, -19.99999999999992184, 0.000000000000000000 ) ) ;
#9907 = CARTESIAN_POINT ( 'NONE',  ( 220.2000000000001592, -72.05000000000008242, 6.349999999999999645 ) ) ;
#9908 = DIRECTION ( 'NONE',  ( -0.000000000000000000, -0.000000000000000000, -1.000000000000000000 ) ) ;
#9909 = CARTESIAN_POINT ( 'NONE',  ( 113.3000000000000682, 32.05000000000005400, 6.349999999999999645 ) ) ;
#9910 = LINE ( 'NONE', #2335, #2773 ) ;
#9911 = VERTEX_POINT ( 'NONE', #5655 ) ;
#9912 = CARTESIAN_POINT ( 'NONE',  ( 191.7500000000001421, -32.05000000000007532, 6.349999999999999645 ) ) ;
#9913 = VERTEX_POINT ( 'NONE', #726 ) ;
#9914 = LINE ( 'NONE', #8040, #4896 ) ;
#9915 = LINE ( 'NONE', #8986, #6777 ) ;
#9916 = EDGE_CURVE ( 'NONE', #2382, #10635, #9867, .T. ) ;
#9917 = EDGE_CURVE ( 'NONE', #6938, #2279, #4829, .T. ) ;
#9918 = CARTESIAN_POINT ( 'NONE',  ( 311.7500000000000568, -45.39999999999999858, 6.349999999999999645 ) ) ;
#9919 = DIRECTION ( 'NONE',  ( -0.000000000000000000, -0.000000000000000000, -1.000000000000000000 ) ) ;
#9920 = EDGE_LOOP ( 'NONE', ( #2924, #10563, #8783, #8467 ) ) ;
#9921 = AXIS2_PLACEMENT_3D ( 'NONE', #3923, #3037, #324 ) ;
#9922 = FACE_OUTER_BOUND ( 'NONE', #9311, .T. ) ;
#9923 = ORIENTED_EDGE ( 'NONE', *, *, #4610, .F. ) ;
#9924 = LINE ( 'NONE', #2353, #10339 ) ;
#9925 = EDGE_LOOP ( 'NONE', ( #7586, #7455, #8906, #5293 ) ) ;
#9926 = ORIENTED_EDGE ( 'NONE', *, *, #4610, .T. ) ;
#9927 = PLANE ( 'NONE',  #8633 ) ;
#9928 = EDGE_CURVE ( 'NONE', #9478, #2201, #6654, .T. ) ;
#9929 = ADVANCED_FACE ( 'NONE', ( #1502 ), #4999, .T. ) ;
#9930 = DIRECTION ( 'NONE',  ( -1.000000000000000000, 0.000000000000000000, 0.000000000000000000 ) ) ;
#9931 = CARTESIAN_POINT ( 'NONE',  ( 200.2000000000001023, 20.00000000000000355, 0.000000000000000000 ) ) ;
#9932 = VECTOR ( 'NONE', #6028, 1000.000000000000000 ) ;
#9933 = ORIENTED_EDGE ( 'NONE', *, *, #648, .T. ) ;
#9934 = VECTOR ( 'NONE', #10681, 1000.000000000000000 ) ;
#9935 = LINE ( 'NONE', #2423, #2059 ) ;
#9936 = CIRCLE ( 'NONE', #7471, 1.549999999999995826 ) ;
#9937 = AXIS2_PLACEMENT_3D ( 'NONE', #1004, #172, #3560 ) ;
#9938 = CARTESIAN_POINT ( 'NONE',  ( 90.20000000000017337, -72.05000000000008242, 0.000000000000000000 ) ) ;
#9939 = DIRECTION ( 'NONE',  ( 1.000000000000000000, 0.000000000000000000, 0.000000000000000000 ) ) ;
#9940 = ORIENTED_EDGE ( 'NONE', *, *, #4737, .T. ) ;
#9941 = ORIENTED_EDGE ( 'NONE', *, *, #8868, .F. ) ;
#9942 = CARTESIAN_POINT ( 'NONE',  ( 291.7500000000000568, -45.40000000000001279, 6.349999999999999645 ) ) ;
#9943 = DIRECTION ( 'NONE',  ( 5.204170427930431144E-16, -1.000000000000000000, -0.000000000000000000 ) ) ;
#9944 = ORIENTED_EDGE ( 'NONE', *, *, #10736, .F. ) ;
#9945 = CARTESIAN_POINT ( 'NONE',  ( 243.3000000000000114, 45.40000000000000568, 6.349999999999999645 ) ) ;
#9946 = DIRECTION ( 'NONE',  ( -1.000000000000000000, 0.000000000000000000, 0.000000000000000000 ) ) ;
#9947 = ORIENTED_EDGE ( 'NONE', *, *, #1544, .F. ) ;
#9948 = DIRECTION ( 'NONE',  ( -0.000000000000000000, -0.000000000000000000, -1.000000000000000000 ) ) ;
#9949 = VECTOR ( 'NONE', #1953, 1000.000000000000000 ) ;
#9950 = EDGE_LOOP ( 'NONE', ( #81, #3010, #5034, #215 ) ) ;
#9951 = EDGE_CURVE ( 'NONE', #444, #6547, #3229, .T. ) ;
#9952 = FACE_OUTER_BOUND ( 'NONE', #5221, .T. ) ;
#9953 = CARTESIAN_POINT ( 'NONE',  ( 126.7857146142317646, 30.31245605000008680, 0.000000000000000000 ) ) ;
#9954 = ORIENTED_EDGE ( 'NONE', *, *, #409, .T. ) ;
#9955 = ORIENTED_EDGE ( 'NONE', *, *, #7573, .T. ) ;
#9956 = DIRECTION ( 'NONE',  ( -0.000000000000000000, -0.000000000000000000, -1.000000000000000000 ) ) ;
#9957 = ORIENTED_EDGE ( 'NONE', *, *, #5984, .T. ) ;
#9958 = CYLINDRICAL_SURFACE ( 'NONE', #6986, 1.549999999999982059 ) ;
#9959 = PLANE ( 'NONE',  #6418 ) ;
#9960 = ADVANCED_FACE ( 'NONE', ( #6541, #4889, #8263, #678, #4072, #10802, #6594, #7124, #5476, #6968, #3609, #10291, #10452, #2047, #6305, #270, #7920, #5371, #1056, #3722, #6916, #6091, #1949, #3556, #2939, #8738, #2842, #2887, #8801, #331, #6151, #1157, #5319, #6201, #2726, #2783, #7074, #167, #6249, #9569, #9618, #9461, #4551, #5423, #1217, #7027, #4603, #1893, #9680, #8638, #2107, #5268, #4445, #7968, #8686, #7806, #10346, #10504, #8849, #9523, #1106, #1262, #217, #7759, #375, #3769, #4496, #7857, #3667, #10411, #1997, #3932, #429, #6408, #1425, #1478, #10668 ), #2316, .T. ) ;
#9961 = DIRECTION ( 'NONE',  ( -1.000000000000000000, 0.000000000000000000, 0.000000000000000000 ) ) ;
#9962 = CARTESIAN_POINT ( 'NONE',  ( 83.30000000000011084, -32.05000000000007532, 6.349999999999999645 ) ) ;
#9963 = EDGE_LOOP ( 'NONE', ( #962, #7097, #5835, #6261 ) ) ;
#9964 = LINE ( 'NONE', #3955, #8232 ) ;
#9965 = CIRCLE ( 'NONE', #4678, 1.549999999999995826 ) ;
#9966 = ORIENTED_EDGE ( 'NONE', *, *, #4468, .T. ) ;
#9967 = ADVANCED_FACE ( 'NONE', ( #6462 ), #3823, .T. ) ;
#9968 = DIRECTION ( 'NONE',  ( -6.938893903907241197E-16, 1.000000000000000000, 0.000000000000000000 ) ) ;
#9969 = VERTEX_POINT ( 'NONE', #4047 ) ;
#9970 = FACE_OUTER_BOUND ( 'NONE', #9187, .T. ) ;
#9971 = CARTESIAN_POINT ( 'NONE',  ( 223.3000000000000966, -32.05000000000007532, 6.349999999999999645 ) ) ;
#9972 = DIRECTION ( 'NONE',  ( 1.000000000000000000, 0.000000000000000000, 0.000000000000000000 ) ) ;
#9973 = DIRECTION ( 'NONE',  ( -1.000000000000000000, 0.000000000000000000, 0.000000000000000000 ) ) ;
#9974 = ORIENTED_EDGE ( 'NONE', *, *, #3217, .F. ) ;
#9975 = VECTOR ( 'NONE', #8937, 1000.000000000000000 ) ;
#9976 = EDGE_CURVE ( 'NONE', #3171, #4877, #2203, .T. ) ;
#9977 = EDGE_CURVE ( 'NONE', #823, #9450, #9114, .T. ) ;
#9978 = APPLICATION_PROTOCOL_DEFINITION ( 'draft international standard', 'automotive_design', 1998, #2223 ) ;
#9979 = ORIENTED_EDGE ( 'NONE', *, *, #5180, .T. ) ;
#9980 = DIRECTION ( 'NONE',  ( -0.000000000000000000, -0.000000000000000000, -1.000000000000000000 ) ) ;
#9981 = ORIENTED_EDGE ( 'NONE', *, *, #5867, .T. ) ;
#9982 = VERTEX_POINT ( 'NONE', #3986 ) ;
#9983 = DIRECTION ( 'NONE',  ( 1.000000000000000000, 0.000000000000000000, 0.000000000000000000 ) ) ;
#9984 = AXIS2_PLACEMENT_3D ( 'NONE', #7257, #10636, #7988 ) ;
#9985 = VECTOR ( 'NONE', #2667, 1000.000000000000000 ) ;
#9986 = DIRECTION ( 'NONE',  ( 1.000000000000000000, 0.000000000000000000, 0.000000000000000000 ) ) ;
#9987 = FACE_BOUND ( 'NONE', #7842, .T. ) ;
#9988 = ORIENTED_EDGE ( 'NONE', *, *, #8841, .T. ) ;
#9989 = VECTOR ( 'NONE', #1393, 1000.000000000000000 ) ;
#9990 = EDGE_CURVE ( 'NONE', #2413, #8671, #2219, .T. ) ;
#9991 = AXIS2_PLACEMENT_3D ( 'NONE', #7628, #10892, #10831 ) ;
#9992 = EDGE_CURVE ( 'NONE', #9406, #2712, #2774, .T. ) ;
#9993 = ADVANCED_FACE ( 'NONE', ( #10728 ), #1379, .T. ) ;
#9994 = CYLINDRICAL_SURFACE ( 'NONE', #7719, 1.549999999999982059 ) ;
#9995 = AXIS2_PLACEMENT_3D ( 'NONE', #7962, #371, #162 ) ;
#9996 = CYLINDRICAL_SURFACE ( 'NONE', #6863, 1.549999999999995826 ) ;
#9997 = CIRCLE ( 'NONE', #5583, 1.549999999999995826 ) ;
#9998 = DIRECTION ( 'NONE',  ( 0.000000000000000000, 0.000000000000000000, 1.000000000000000000 ) ) ;
#9999 = ORIENTED_EDGE ( 'NONE', *, *, #5483, .F. ) ;
#10000 = ORIENTED_EDGE ( 'NONE', *, *, #10957, .F. ) ;
#10001 = CARTESIAN_POINT ( 'NONE',  ( 63.30000000000006111, 72.05000000000005400, 6.349999999999999645 ) ) ;
#10002 = DIRECTION ( 'NONE',  ( -0.000000000000000000, -0.000000000000000000, -1.000000000000000000 ) ) ;
#10003 = VECTOR ( 'NONE', #6592, 1000.000000000000000 ) ;
#10004 = VERTEX_POINT ( 'NONE', #7240 ) ;
#10005 = CARTESIAN_POINT ( 'NONE',  ( 71.75000000000015632, -72.05000000000008242, 0.000000000000000000 ) ) ;
#10006 = DIRECTION ( 'NONE',  ( 1.000000000000000000, 0.000000000000000000, 0.000000000000000000 ) ) ;
#10007 = VERTEX_POINT ( 'NONE', #4859 ) ;
#10008 = AXIS2_PLACEMENT_3D ( 'NONE', #1928, #9438, #7787 ) ;
#10009 = LINE ( 'NONE', #6374, #1626 ) ;
#10010 = AXIS2_PLACEMENT_3D ( 'NONE', #10153, #7670, #6675 ) ;
#10011 = ORIENTED_EDGE ( 'NONE', *, *, #4937, .F. ) ;
#10012 = CIRCLE ( 'NONE', #3311, 1.549999999999968070 ) ;
#10013 = CARTESIAN_POINT ( 'NONE',  ( 70.20000000000011653, -32.05000000000007532, 0.000000000000000000 ) ) ;
#10014 = CARTESIAN_POINT ( 'NONE',  ( 270.1999999999999886, 5.399999999999998579, 6.349999999999999645 ) ) ;
#10015 = EDGE_LOOP ( 'NONE', ( #4534, #6607, #8163, #7672 ) ) ;
#10016 = ORIENTED_EDGE ( 'NONE', *, *, #7131, .T. ) ;
#10017 = VECTOR ( 'NONE', #10592, 1000.000000000000000 ) ;
#10018 = DIRECTION ( 'NONE',  ( -0.000000000000000000, -0.000000000000000000, -1.000000000000000000 ) ) ;
#10019 = CIRCLE ( 'NONE', #4206, 1.549999999999995826 ) ;
#10020 = ORIENTED_EDGE ( 'NONE', *, *, #1447, .T. ) ;
#10021 = VECTOR ( 'NONE', #5603, 1000.000000000000000 ) ;
#10022 = LINE ( 'NONE', #4111, #3997 ) ;
#10023 = LINE ( 'NONE', #1438, #2173 ) ;
#10024 = AXIS2_PLACEMENT_3D ( 'NONE', #1569, #4948, #7658 ) ;
#10025 = VECTOR ( 'NONE', #56, 1000.000000000000000 ) ;
#10026 = DIRECTION ( 'NONE',  ( 1.000000000000000000, 0.000000000000000000, 0.000000000000000000 ) ) ;
#10027 = VECTOR ( 'NONE', #9898, 1000.000000000000000 ) ;
#10028 = CARTESIAN_POINT ( 'NONE',  ( 211.7500000000000000, -20.00000000000003197, 6.349999999999999645 ) ) ;
#10029 = VERTEX_POINT ( 'NONE', #9837 ) ;
#10030 = CARTESIAN_POINT ( 'NONE',  ( 80.20000000000008811, 20.00000000000000355, 6.349999999999999645 ) ) ;
#10031 = EDGE_LOOP ( 'NONE', ( #10201, #6023, #6307, #9790 ) ) ;
#10032 = CARTESIAN_POINT ( 'NONE',  ( 250.2000000000001023, -5.400000000000034994, 6.349999999999999645 ) ) ;
#10033 = ORIENTED_EDGE ( 'NONE', *, *, #4849, .F. ) ;
#10034 = CYLINDRICAL_SURFACE ( 'NONE', #5081, 1.549999999999995826 ) ;
#10035 = CARTESIAN_POINT ( 'NONE',  ( 71.75000000000008527, 32.05000000000005400, 6.349999999999999645 ) ) ;
#10036 = AXIS2_PLACEMENT_3D ( 'NONE', #6359, #9522, #9726 ) ;
#10037 = EDGE_CURVE ( 'NONE', #3169, #4436, #5736, .T. ) ;
#10038 = FACE_OUTER_BOUND ( 'NONE', #6530, .T. ) ;
#10039 = CYLINDRICAL_SURFACE ( 'NONE', #6942, 1.549999999999988942 ) ;
#10040 = ORIENTED_EDGE ( 'NONE', *, *, #5075, .T. ) ;
#10041 = AXIS2_PLACEMENT_3D ( 'NONE', #1828, #8632, #6196 ) ;
#10043 = AXIS2_PLACEMENT_3D ( 'NONE', #6739, #5972, #5856 ) ;
#10042 = CARTESIAN_POINT ( 'NONE',  ( 43.30000000000006821, 72.05000000000005400, 0.000000000000000000 ) ) ;
#10044 = CARTESIAN_POINT ( 'NONE',  ( 190.2000000000001023, 20.00000000000000355, 6.349999999999999645 ) ) ;
#10045 = VERTEX_POINT ( 'NONE', #9892 ) ;
#10046 = LINE ( 'NONE', #10150, #6979 ) ;
#10047 = ORIENTED_EDGE ( 'NONE', *, *, #3134, .T. ) ;
#10048 = VERTEX_POINT ( 'NONE', #5524 ) ;
#10049 = DIRECTION ( 'NONE',  ( -0.000000000000000000, -0.000000000000000000, -1.000000000000000000 ) ) ;
#10050 = EDGE_CURVE ( 'NONE', #9226, #5013, #1337, .T. ) ;
#10051 = DIRECTION ( 'NONE',  ( 1.734723475976806848E-16, -1.000000000000000000, 0.000000000000000000 ) ) ;
#10052 = DIRECTION ( 'NONE',  ( -0.000000000000000000, -1.000000000000000000, -0.000000000000000000 ) ) ;
#10053 = ORIENTED_EDGE ( 'NONE', *, *, #1613, .T. ) ;
#10054 = CARTESIAN_POINT ( 'NONE',  ( 193.3000000000000966, 72.05000000000005400, 6.349999999999999645 ) ) ;
#10055 = DIRECTION ( 'NONE',  ( 0.000000000000000000, 1.000000000000000000, 0.000000000000000000 ) ) ;
#10056 = LINE ( 'NONE', #4262, #9515 ) ;
#10057 = ORIENTED_EDGE ( 'NONE', *, *, #8611, .F. ) ;
#10058 = CARTESIAN_POINT ( 'NONE',  ( 200.2000000000001023, 32.05000000000005400, 0.000000000000000000 ) ) ;
#10059 = EDGE_LOOP ( 'NONE', ( #7580, #4970, #7275, #8695 ) ) ;
#10060 = ORIENTED_EDGE ( 'NONE', *, *, #7069, .F. ) ;
#10061 = PLANE ( 'NONE',  #1560 ) ;
#10062 = CARTESIAN_POINT ( 'NONE',  ( 132.7857146142317788, 30.31245605000008680, 6.349999999999999645 ) ) ;
#10063 = ORIENTED_EDGE ( 'NONE', *, *, #4314, .F. ) ;
#10064 = DIRECTION ( 'NONE',  ( 0.000000000000000000, 0.000000000000000000, 1.000000000000000000 ) ) ;
#10065 = CARTESIAN_POINT ( 'NONE',  ( 163.3000000000000682, 32.05000000000005400, 6.349999999999999645 ) ) ;
#10066 = EDGE_LOOP ( 'NONE', ( #5784, #4656, #7514, #6628 ) ) ;
#10067 = EDGE_CURVE ( 'NONE', #5632, #4863, #3205, .T. ) ;
#10068 = EDGE_CURVE ( 'NONE', #3036, #9879, #592, .T. ) ;
#10069 = CARTESIAN_POINT ( 'NONE',  ( 211.7500000000000000, -20.00000000000003197, 6.349999999999999645 ) ) ;
#10070 = VERTEX_POINT ( 'NONE', #540 ) ;
#10071 = DIRECTION ( 'NONE',  ( 1.387778780781445873E-15, -1.000000000000000000, 0.000000000000000000 ) ) ;
#10072 = DIRECTION ( 'NONE',  ( 3.469446951953620598E-16, -1.000000000000000000, -0.000000000000000000 ) ) ;
#10073 = ORIENTED_EDGE ( 'NONE', *, *, #4334, .T. ) ;
#10074 = ORIENTED_EDGE ( 'NONE', *, *, #2831, .F. ) ;
#10075 = CARTESIAN_POINT ( 'NONE',  ( 220.2000000000000739, 72.05000000000005400, 0.000000000000000000 ) ) ;
#10076 = EDGE_LOOP ( 'NONE', ( #2832, #6, #6640, #15 ) ) ;
#10077 = ADVANCED_FACE ( 'NONE', ( #9062 ), #8231, .T. ) ;
#10078 = EDGE_CURVE ( 'NONE', #2116, #1488, #10778, .T. ) ;
#10079 = LINE ( 'NONE', #840, #8048 ) ;
#10080 = CARTESIAN_POINT ( 'NONE',  ( 213.3000000000000966, -19.99999999999992184, 0.000000000000000000 ) ) ;
#10081 = CARTESIAN_POINT ( 'NONE',  ( 173.3000000000000966, -32.05000000000007532, 0.000000000000000000 ) ) ;
#10082 = CARTESIAN_POINT ( 'NONE',  ( 231.7500000000000853, -45.40000000000004832, 0.000000000000000000 ) ) ;
#10083 = ORIENTED_EDGE ( 'NONE', *, *, #10376, .F. ) ;
#10084 = CARTESIAN_POINT ( 'NONE',  ( 240.2000000000000171, 5.399999999999998579, 6.349999999999999645 ) ) ;
#10085 = VERTEX_POINT ( 'NONE', #2369 ) ;
#10086 = VERTEX_POINT ( 'NONE', #8071 ) ;
#10087 = CARTESIAN_POINT ( 'NONE',  ( 211.7500000000001421, -32.05000000000007532, 0.000000000000000000 ) ) ;
#10088 = EDGE_LOOP ( 'NONE', ( #4269, #6479, #7263, #4535 ) ) ;
#10089 = LINE ( 'NONE', #1677, #5781 ) ;
#10090 = CARTESIAN_POINT ( 'NONE',  ( 31.75000000000000000, 20.00000000000000355, 6.349999999999999645 ) ) ;
#10091 = VERTEX_POINT ( 'NONE', #491 ) ;
#10092 = DIRECTION ( 'NONE',  ( 1.000000000000000000, 0.000000000000000000, 0.000000000000000000 ) ) ;
#10093 = CARTESIAN_POINT ( 'NONE',  ( 240.2000000000001023, -45.40000000000003411, 6.349999999999999645 ) ) ;
#10094 = ADVANCED_FACE ( 'NONE', ( #4758 ), #1649, .F. ) ;
#10095 = ORIENTED_EDGE ( 'NONE', *, *, #10503, .T. ) ;
#10096 = LINE ( 'NONE', #740, #792 ) ;
#10097 = VERTEX_POINT ( 'NONE', #10951 ) ;
#10098 = PLANE ( 'NONE',  #1187 ) ;
#10099 = DIRECTION ( 'NONE',  ( -0.000000000000000000, -0.000000000000000000, -1.000000000000000000 ) ) ;
#10100 = DIRECTION ( 'NONE',  ( -0.000000000000000000, -0.000000000000000000, -1.000000000000000000 ) ) ;
#10101 = ORIENTED_EDGE ( 'NONE', *, *, #4849, .T. ) ;
#10102 = DIRECTION ( 'NONE',  ( 1.000000000000000000, 0.000000000000000000, 0.000000000000000000 ) ) ;
#10103 = CARTESIAN_POINT ( 'NONE',  ( 150.2000000000001023, -19.99999999999992184, 6.349999999999999645 ) ) ;
#10104 = EDGE_CURVE ( 'NONE', #8763, #10918, #7334, .T. ) ;
#10105 = EDGE_CURVE ( 'NONE', #2147, #9259, #880, .T. ) ;
#10106 = CARTESIAN_POINT ( 'NONE',  ( 271.7500000000000000, 45.39999999999999858, 6.349999999999999645 ) ) ;
#10107 = VERTEX_POINT ( 'NONE', #6690 ) ;
#10108 = AXIS2_PLACEMENT_3D ( 'NONE', #5626, #7330, #8999 ) ;
#10109 = DIRECTION ( 'NONE',  ( -1.000000000000000000, 0.000000000000000000, 0.000000000000000000 ) ) ;
#10110 = ORIENTED_EDGE ( 'NONE', *, *, #166, .F. ) ;
#10111 = EDGE_LOOP ( 'NONE', ( #10692, #10011, #9855, #9923 ) ) ;
#10112 = CARTESIAN_POINT ( 'NONE',  ( 140.2000000000001592, -72.05000000000008242, 6.349999999999999645 ) ) ;
#10113 = VECTOR ( 'NONE', #6478, 1000.000000000000000 ) ;
#10114 = FACE_OUTER_BOUND ( 'NONE', #9619, .T. ) ;
#10115 = ORIENTED_EDGE ( 'NONE', *, *, #7084, .T. ) ;
#10116 = PLANE ( 'NONE',  #2229 ) ;
#10117 = CARTESIAN_POINT ( 'NONE',  ( 53.30000000000011084, -32.05000000000007532, 0.000000000000000000 ) ) ;
#10118 = ORIENTED_EDGE ( 'NONE', *, *, #1603, .F. ) ;
#10119 = DIRECTION ( 'NONE',  ( -3.469446951953613696E-16, 1.000000000000000000, 0.000000000000000000 ) ) ;
#10120 = ORIENTED_EDGE ( 'NONE', *, *, #8425, .F. ) ;
#10121 = VECTOR ( 'NONE', #10482, 1000.000000000000000 ) ;
#10122 = AXIS2_PLACEMENT_3D ( 'NONE', #7260, #7484, #6495 ) ;
#10123 = CARTESIAN_POINT ( 'NONE',  ( 150.2000000000001023, -19.99999999999992184, 0.000000000000000000 ) ) ;
#10124 = EDGE_CURVE ( 'NONE', #2159, #6380, #759, .T. ) ;
#10125 = ADVANCED_FACE ( 'NONE', ( #8290 ), #927, .F. ) ;
#10126 = CARTESIAN_POINT ( 'NONE',  ( 43.30000000000011084, -32.05000000000007532, 6.349999999999999645 ) ) ;
#10127 = EDGE_LOOP ( 'NONE', ( #3284, #3141, #2672, #4358 ) ) ;
#10128 = ORIENTED_EDGE ( 'NONE', *, *, #10840, .T. ) ;
#10129 = CARTESIAN_POINT ( 'NONE',  ( 60.20000000000008811, 20.00000000000000355, 0.000000000000000000 ) ) ;
#10130 = EDGE_LOOP ( 'NONE', ( #4202, #8846, #3209, #1788 ) ) ;
#10131 = AXIS2_PLACEMENT_3D ( 'NONE', #2015, #6169, #3014 ) ;
#10132 = AXIS2_PLACEMENT_3D ( 'NONE', #6872, #6155, #2001 ) ;
#10133 = PLANE ( 'NONE',  #4356 ) ;
#10134 = LINE ( 'NONE', #8, #4309 ) ;
#10135 = CARTESIAN_POINT ( 'NONE',  ( 83.30000000000011084, -32.05000000000007532, 6.349999999999999645 ) ) ;
#10136 = EDGE_CURVE ( 'NONE', #7858, #10761, #42, .T. ) ;
#10137 = EDGE_CURVE ( 'NONE', #10766, #10887, #275, .T. ) ;
#10138 = CARTESIAN_POINT ( 'NONE',  ( 83.30000000000006821, 32.05000000000005400, 6.349999999999999645 ) ) ;
#10139 = VERTEX_POINT ( 'NONE', #6025 ) ;
#10140 = CYLINDRICAL_SURFACE ( 'NONE', #1167, 1.549999999999968070 ) ;
#10141 = ORIENTED_EDGE ( 'NONE', *, *, #9433, .T. ) ;
#10142 = ORIENTED_EDGE ( 'NONE', *, *, #2364, .F. ) ;
#10143 = DIRECTION ( 'NONE',  ( 0.000000000000000000, 0.000000000000000000, 1.000000000000000000 ) ) ;
#10144 = VERTEX_POINT ( 'NONE', #5803 ) ;
#10145 = PLANE ( 'NONE',  #301 ) ;
#10146 = CARTESIAN_POINT ( 'NONE',  ( 100.2000000000000881, 32.05000000000005400, 0.000000000000000000 ) ) ;
#10147 = DIRECTION ( 'NONE',  ( -0.000000000000000000, -0.000000000000000000, -1.000000000000000000 ) ) ;
#10148 = DIRECTION ( 'NONE',  ( 1.000000000000000000, 0.000000000000000000, 0.000000000000000000 ) ) ;
#10149 = ORIENTED_EDGE ( 'NONE', *, *, #1603, .T. ) ;
#10150 = CARTESIAN_POINT ( 'NONE',  ( 329.6714292284635235, -20.00000000000000355, 0.000000000000000000 ) ) ;
#10151 = ORIENTED_EDGE ( 'NONE', *, *, #10421, .F. ) ;
#10152 = CARTESIAN_POINT ( 'NONE',  ( 73.30000000000011084, -32.05000000000007532, 6.349999999999999645 ) ) ;
#10153 = CARTESIAN_POINT ( 'NONE',  ( 301.7500000000000568, -5.400000000000000355, 6.349999999999999645 ) ) ;
#10154 = DIRECTION ( 'NONE',  ( 6.938893903907227392E-16, -1.000000000000000000, -0.000000000000000000 ) ) ;
#10155 = ORIENTED_EDGE ( 'NONE', *, *, #6166, .F. ) ;
#10156 = VECTOR ( 'NONE', #3241, 1000.000000000000000 ) ;
#10157 = LINE ( 'NONE', #7569, #3289 ) ;
#10158 = EDGE_CURVE ( 'NONE', #4645, #1656, #94, .T. ) ;
#10159 = FACE_OUTER_BOUND ( 'NONE', #1288, .T. ) ;
#10161 = CARTESIAN_POINT ( 'NONE',  ( 143.3000000000000682, 72.05000000000005400, 6.349999999999999645 ) ) ;
#10160 = AXIS2_PLACEMENT_3D ( 'NONE', #4623, #10478, #7096 ) ;
#10162 = ORIENTED_EDGE ( 'NONE', *, *, #2968, .T. ) ;
#10163 = VECTOR ( 'NONE', #8354, 1000.000000000000000 ) ;
#10164 = DIRECTION ( 'NONE',  ( -1.000000000000000000, 0.000000000000000000, 0.000000000000000000 ) ) ;
#10165 = VERTEX_POINT ( 'NONE', #4924 ) ;
#10166 = ORIENTED_EDGE ( 'NONE', *, *, #4431, .F. ) ;
#10167 = CARTESIAN_POINT ( 'NONE',  ( 83.30000000000008242, -19.99999999999992184, 6.349999999999999645 ) ) ;
#10168 = DIRECTION ( 'NONE',  ( -0.000000000000000000, -0.000000000000000000, -1.000000000000000000 ) ) ;
#10169 = VERTEX_POINT ( 'NONE', #6742 ) ;
#10170 = DIRECTION ( 'NONE',  ( 1.000000000000000000, 0.000000000000000000, 0.000000000000000000 ) ) ;
#10171 = DIRECTION ( 'NONE',  ( 0.000000000000000000, 0.000000000000000000, 1.000000000000000000 ) ) ;
#10172 = VERTEX_POINT ( 'NONE', #1535 ) ;
#10173 = DIRECTION ( 'NONE',  ( -1.000000000000000000, 0.000000000000000000, 0.000000000000000000 ) ) ;
#10174 = EDGE_CURVE ( 'NONE', #1219, #6235, #6795, .T. ) ;
#10175 = VECTOR ( 'NONE', #2804, 1000.000000000000000 ) ;
#10176 = ORIENTED_EDGE ( 'NONE', *, *, #10473, .F. ) ;
#10177 = VECTOR ( 'NONE', #8024, 1000.000000000000000 ) ;
#10178 = EDGE_CURVE ( 'NONE', #9395, #4727, #2604, .T. ) ;
#10179 = CARTESIAN_POINT ( 'NONE',  ( 243.3000000000000682, -5.400000000000041211, 6.349999999999999645 ) ) ;
#10180 = CIRCLE ( 'NONE', #3119, 1.549999999999968070 ) ;
#10181 = DIRECTION ( 'NONE',  ( -1.000000000000000000, -1.387778780781448239E-15, 0.000000000000000000 ) ) ;
#10182 = ORIENTED_EDGE ( 'NONE', *, *, #9375, .T. ) ;
#10183 = ORIENTED_EDGE ( 'NONE', *, *, #4195, .T. ) ;
#10184 = LINE ( 'NONE', #1661, #139 ) ;
#10185 = VECTOR ( 'NONE', #410, 1000.000000000000000 ) ;
#10186 = EDGE_LOOP ( 'NONE', ( #4120, #5428, #4652, #7511 ) ) ;
#10187 = CARTESIAN_POINT ( 'NONE',  ( 61.75000000000015632, -72.05000000000008242, 6.349999999999999645 ) ) ;
#10188 = VECTOR ( 'NONE', #7456, 1000.000000000000000 ) ;
#10189 = EDGE_CURVE ( 'NONE', #6493, #3388, #9814, .T. ) ;
#10190 = DIRECTION ( 'NONE',  ( -1.734723475976806848E-16, 1.000000000000000000, 0.000000000000000000 ) ) ;
#10191 = DIRECTION ( 'NONE',  ( -0.7808688094430306093, -0.6246950475544237324, -0.000000000000000000 ) ) ;
#10192 = EDGE_CURVE ( 'NONE', #9475, #6781, #818, .T. ) ;
#10193 = CIRCLE ( 'NONE', #5766, 1.549999999999988942 ) ;
#10194 = AXIS2_PLACEMENT_3D ( 'NONE', #5664, #6722, #2348 ) ;
#10195 = CARTESIAN_POINT ( 'NONE',  ( 233.3000000000000966, -45.40000000000005542, 6.349999999999999645 ) ) ;
#10196 = AXIS2_PLACEMENT_3D ( 'NONE', #3195, #6556, #9102 ) ;
#10197 = DIRECTION ( 'NONE',  ( -6.938893903907227392E-16, 1.000000000000000000, 0.000000000000000000 ) ) ;
#10198 = ORIENTED_EDGE ( 'NONE', *, *, #191, .T. ) ;
#10199 = CARTESIAN_POINT ( 'NONE',  ( 200.2000000000001307, -32.05000000000007532, 0.000000000000000000 ) ) ;
#10200 = VERTEX_POINT ( 'NONE', #4972 ) ;
#10201 = ORIENTED_EDGE ( 'NONE', *, *, #1139, .F. ) ;
#10202 = DIRECTION ( 'NONE',  ( 1.000000000000000000, 0.000000000000000000, 0.000000000000000000 ) ) ;
#10203 = CARTESIAN_POINT ( 'NONE',  ( 223.3000000000000682, 32.05000000000005400, 6.349999999999999645 ) ) ;
#10204 = ORIENTED_EDGE ( 'NONE', *, *, #8021, .T. ) ;
#10205 = VECTOR ( 'NONE', #3796, 1000.000000000000000 ) ;
#10206 = ADVANCED_FACE ( 'NONE', ( #10114 ), #9177, .F. ) ;
#10207 = EDGE_CURVE ( 'NONE', #4373, #8543, #5143, .T. ) ;
#10208 = VECTOR ( 'NONE', #4675, 1000.000000000000000 ) ;
#10209 = ADVANCED_FACE ( 'NONE', ( #4217 ), #9229, .T. ) ;
#10210 = VECTOR ( 'NONE', #1719, 1000.000000000000000 ) ;
#10211 = CARTESIAN_POINT ( 'NONE',  ( 91.75000000000000000, -20.00000000000003197, 6.349999999999999645 ) ) ;
#10212 = VECTOR ( 'NONE', #2841, 1000.000000000000000 ) ;
#10213 = EDGE_LOOP ( 'NONE', ( #5473, #5506, #2062, #7129 ) ) ;
#10214 = FACE_OUTER_BOUND ( 'NONE', #2474, .T. ) ;
#10215 = ORIENTED_EDGE ( 'NONE', *, *, #10849, .T. ) ;
#10216 = DIRECTION ( 'NONE',  ( 0.000000000000000000, 1.000000000000000000, 0.000000000000000000 ) ) ;
#10217 = VECTOR ( 'NONE', #4598, 1000.000000000000000 ) ;
#10218 = DIRECTION ( 'NONE',  ( 0.000000000000000000, 0.000000000000000000, -1.000000000000000000 ) ) ;
#10219 = DIRECTION ( 'NONE',  ( 6.938893903907227392E-16, -1.000000000000000000, -0.000000000000000000 ) ) ;
#10220 = ORIENTED_EDGE ( 'NONE', *, *, #3676, .F. ) ;
#10221 = ADVANCED_FACE ( 'NONE', ( #3487 ), #6856, .F. ) ;
#10222 = AXIS2_PLACEMENT_3D ( 'NONE', #10441, #6236, #10490 ) ;
#10223 = PLANE ( 'NONE',  #10008 ) ;
#10224 = VECTOR ( 'NONE', #6848, 1000.000000000000000 ) ;
#10225 = CARTESIAN_POINT ( 'NONE',  ( 240.2000000000000739, -5.400000000000042100, 6.349999999999999645 ) ) ;
#10226 = VERTEX_POINT ( 'NONE', #10278 ) ;
#10227 = DIRECTION ( 'NONE',  ( 3.469446951953620598E-16, -1.000000000000000000, -0.000000000000000000 ) ) ;
#10228 = ORIENTED_EDGE ( 'NONE', *, *, #8070, .T. ) ;
#10229 = ORIENTED_EDGE ( 'NONE', *, *, #521, .F. ) ;
#10230 = DIRECTION ( 'NONE',  ( 1.000000000000000000, 0.000000000000000000, 0.000000000000000000 ) ) ;
#10231 = DIRECTION ( 'NONE',  ( -0.000000000000000000, -0.000000000000000000, -1.000000000000000000 ) ) ;
#10232 = EDGE_LOOP ( 'NONE', ( #4895, #2096, #1993, #9955 ) ) ;
#10233 = DIRECTION ( 'NONE',  ( -0.000000000000000000, -0.000000000000000000, -1.000000000000000000 ) ) ;
#10234 = FACE_OUTER_BOUND ( 'NONE', #5204, .T. ) ;
#10235 = ORIENTED_EDGE ( 'NONE', *, *, #4657, .F. ) ;
#10236 = CYLINDRICAL_SURFACE ( 'NONE', #5166, 1.549999999999995826 ) ;
#10237 = DIRECTION ( 'NONE',  ( 0.000000000000000000, 0.000000000000000000, 1.000000000000000000 ) ) ;
#10238 = EDGE_CURVE ( 'NONE', #4145, #1631, #5194, .T. ) ;
#10239 = LINE ( 'NONE', #10126, #10163 ) ;
#10240 = ORIENTED_EDGE ( 'NONE', *, *, #8442, .T. ) ;
#10241 = VERTEX_POINT ( 'NONE', #7794 ) ;
#10242 = LINE ( 'NONE', #5924, #1279 ) ;
#10243 = CARTESIAN_POINT ( 'NONE',  ( 201.7500000000000853, 32.05000000000005400, 6.349999999999999645 ) ) ;
#10244 = ORIENTED_EDGE ( 'NONE', *, *, #3972, .F. ) ;
#10245 = DIRECTION ( 'NONE',  ( -0.000000000000000000, -0.000000000000000000, -1.000000000000000000 ) ) ;
#10246 = CARTESIAN_POINT ( 'NONE',  ( 263.2999999999999545, 5.399999999999999467, 6.349999999999999645 ) ) ;
#10247 = PLANE ( 'NONE',  #8533 ) ;
#10248 = CYLINDRICAL_SURFACE ( 'NONE', #5595, 1.549999999999988942 ) ;
#10249 = EDGE_CURVE ( 'NONE', #8432, #7654, #9640, .T. ) ;
#10250 = EDGE_CURVE ( 'NONE', #694, #4381, #1873, .T. ) ;
#10251 = DIRECTION ( 'NONE',  ( -1.000000000000000000, 0.000000000000000000, 0.000000000000000000 ) ) ;
#10252 = ORIENTED_EDGE ( 'NONE', *, *, #598, .T. ) ;
#10253 = CARTESIAN_POINT ( 'NONE',  ( 251.7500000000001421, -45.40000000000003411, 6.349999999999999645 ) ) ;
#10254 = ORIENTED_EDGE ( 'NONE', *, *, #9531, .F. ) ;
#10255 = ORIENTED_EDGE ( 'NONE', *, *, #9219, .F. ) ;
#10256 = LINE ( 'NONE', #10859, #10558 ) ;
#10257 = DIRECTION ( 'NONE',  ( 0.000000000000000000, 0.000000000000000000, 1.000000000000000000 ) ) ;
#10258 = CARTESIAN_POINT ( 'NONE',  ( 126.7857146142317646, -30.31245604999991983, 6.349999999999999645 ) ) ;
#10259 = DIRECTION ( 'NONE',  ( 0.000000000000000000, 0.000000000000000000, 1.000000000000000000 ) ) ;
#10260 = ADVANCED_FACE ( 'NONE', ( #1091 ), #4484, .T. ) ;
#10261 = ADVANCED_FACE ( 'NONE', ( #2711 ), #6188, .T. ) ;
#10262 = VERTEX_POINT ( 'NONE', #3650 ) ;
#10263 = DIRECTION ( 'NONE',  ( 0.9668509350593709195, -0.2553414760175477527, 0.000000000000000000 ) ) ;
#10264 = ORIENTED_EDGE ( 'NONE', *, *, #302, .T. ) ;
#10265 = DIRECTION ( 'NONE',  ( 0.000000000000000000, 0.000000000000000000, 1.000000000000000000 ) ) ;
#10266 = DIRECTION ( 'NONE',  ( -1.000000000000000000, 0.000000000000000000, 0.000000000000000000 ) ) ;
#10267 = LINE ( 'NONE', #3367, #7819 ) ;
#10268 = VERTEX_POINT ( 'NONE', #6077 ) ;
#10269 = LINE ( 'NONE', #4475, #8238 ) ;
#10270 = DIRECTION ( 'NONE',  ( -1.000000000000000000, -3.469446951953620598E-16, 0.000000000000000000 ) ) ;
#10271 = EDGE_CURVE ( 'NONE', #10959, #3484, #5581, .T. ) ;
#10272 = EDGE_CURVE ( 'NONE', #6270, #6153, #6134, .T. ) ;
#10273 = EDGE_LOOP ( 'NONE', ( #3187, #833, #9082, #7331 ) ) ;
#10274 = DIRECTION ( 'NONE',  ( -0.000000000000000000, -0.000000000000000000, -1.000000000000000000 ) ) ;
#10275 = EDGE_LOOP ( 'NONE', ( #9235, #6564, #4918, #6691 ) ) ;
#10276 = ORIENTED_EDGE ( 'NONE', *, *, #2700, .T. ) ;
#10277 = DIRECTION ( 'NONE',  ( 0.000000000000000000, 1.000000000000000000, 0.000000000000000000 ) ) ;
#10278 = CARTESIAN_POINT ( 'NONE',  ( 73.30000000000008242, -19.99999999999992184, 6.349999999999999645 ) ) ;
#10279 = VERTEX_POINT ( 'NONE', #8728 ) ;
#10280 = DIRECTION ( 'NONE',  ( -0.000000000000000000, -0.000000000000000000, -1.000000000000000000 ) ) ;
#10281 = CARTESIAN_POINT ( 'NONE',  ( 253.3000000000000682, -5.400000000000034106, 0.000000000000000000 ) ) ;
#10282 = EDGE_LOOP ( 'NONE', ( #2092, #2936, #9926, #7449 ) ) ;
#10283 = LINE ( 'NONE', #9453, #736 ) ;
#10284 = VECTOR ( 'NONE', #4555, 1000.000000000000000 ) ;
#10285 = VECTOR ( 'NONE', #7459, 1000.000000000000000 ) ;
#10286 = CARTESIAN_POINT ( 'NONE',  ( 201.7500000000001421, -72.05000000000008242, 6.349999999999999645 ) ) ;
#10287 = CARTESIAN_POINT ( 'NONE',  ( 31.75000000000000000, -20.00000000000003197, 0.000000000000000000 ) ) ;
#10288 = ORIENTED_EDGE ( 'NONE', *, *, #2665, .T. ) ;
#10289 = VERTEX_POINT ( 'NONE', #1044 ) ;
#10290 = DIRECTION ( 'NONE',  ( -1.387778780781445478E-15, 1.000000000000000000, -0.000000000000000000 ) ) ;
#10291 = FACE_BOUND ( 'NONE', #3709, .T. ) ;
#10292 = ORIENTED_EDGE ( 'NONE', *, *, #6166, .T. ) ;
#10293 = FACE_OUTER_BOUND ( 'NONE', #6765, .T. ) ;
#10294 = CARTESIAN_POINT ( 'NONE',  ( 113.3000000000000682, 32.05000000000005400, 0.000000000000000000 ) ) ;
#10296 = FACE_OUTER_BOUND ( 'NONE', #9298, .T. ) ;
#10295 = VECTOR ( 'NONE', #6014, 1000.000000000000000 ) ;
#10297 = CIRCLE ( 'NONE', #8699, 1.549999999999988942 ) ;
#10298 = EDGE_CURVE ( 'NONE', #1487, #6837, #809, .T. ) ;
#10299 = LINE ( 'NONE', #9473, #643 ) ;
#10300 = VECTOR ( 'NONE', #305, 1000.000000000000000 ) ;
#10301 = CARTESIAN_POINT ( 'NONE',  ( 83.30000000000011084, -32.05000000000007532, 0.000000000000000000 ) ) ;
#10302 = EDGE_LOOP ( 'NONE', ( #4605, #8877, #5694, #5714 ) ) ;
#10304 = VECTOR ( 'NONE', #7365, 1000.000000000000000 ) ;
#10303 = DIRECTION ( 'NONE',  ( -0.000000000000000000, -0.000000000000000000, -1.000000000000000000 ) ) ;
#10305 = ORIENTED_EDGE ( 'NONE', *, *, #5228, .F. ) ;
#10306 = CARTESIAN_POINT ( 'NONE',  ( 260.1999999999999886, 5.399999999999998579, 6.349999999999999645 ) ) ;
#10307 = CARTESIAN_POINT ( 'NONE',  ( 73.30000000000008242, -19.99999999999992184, 0.000000000000000000 ) ) ;
#10308 = ORIENTED_EDGE ( 'NONE', *, *, #7064, .T. ) ;
#10309 = PRODUCT_DEFINITION ( 'UNKNOWN', '', #830, #8829 ) ;
#10310 = ADVANCED_FACE ( 'NONE', ( #204 ), #155, .T. ) ;
#10311 = DIRECTION ( 'NONE',  ( 1.000000000000000000, 0.000000000000000000, 0.000000000000000000 ) ) ;
#10312 = EDGE_CURVE ( 'NONE', #8173, #9059, #8622, .T. ) ;
#10313 = ORIENTED_EDGE ( 'NONE', *, *, #9689, .F. ) ;
#10314 = CARTESIAN_POINT ( 'NONE',  ( 40.20000000000008100, 20.00000000000000355, 0.000000000000000000 ) ) ;
#10315 = VERTEX_POINT ( 'NONE', #5629 ) ;
#10316 = CARTESIAN_POINT ( 'NONE',  ( 300.2000000000000455, 5.399999999999998579, 6.349999999999999645 ) ) ;
#10317 = CARTESIAN_POINT ( 'NONE',  ( -2.099656937138137081E-14, 57.15000000000000568, 0.000000000000000000 ) ) ;
#10318 = DIRECTION ( 'NONE',  ( 3.469446951953620598E-16, -1.000000000000000000, -0.000000000000000000 ) ) ;
#10319 = ORIENTED_EDGE ( 'NONE', *, *, #8500, .F. ) ;
#10320 = EDGE_CURVE ( 'NONE', #7921, #1536, #4800, .T. ) ;
#10321 = ADVANCED_FACE ( 'NONE', ( #9773 ), #2101, .T. ) ;
#10322 = CYLINDRICAL_SURFACE ( 'NONE', #2238, 1.549999999999995826 ) ;
#10323 = LINE ( 'NONE', #1137, #10403 ) ;
#10324 = ORIENTED_EDGE ( 'NONE', *, *, #10178, .T. ) ;
#10325 = LINE ( 'NONE', #2030, #1491 ) ;
#10326 = ORIENTED_EDGE ( 'NONE', *, *, #3924, .F. ) ;
#10327 = EDGE_LOOP ( 'NONE', ( #1961, #1204, #4408, #2131 ) ) ;
#10328 = DIRECTION ( 'NONE',  ( -1.000000000000000000, 0.000000000000000000, 0.000000000000000000 ) ) ;
#10329 = CIRCLE ( 'NONE', #5214, 1.549999999999995826 ) ;
#10330 = CARTESIAN_POINT ( 'NONE',  ( 200.2000000000001023, 32.05000000000005400, 6.349999999999999645 ) ) ;
#10331 = EDGE_LOOP ( 'NONE', ( #5248, #747, #8326, #68 ) ) ;
#10332 = LINE ( 'NONE', #7746, #1882 ) ;
#10333 = DIRECTION ( 'NONE',  ( 1.000000000000000000, 0.000000000000000000, 0.000000000000000000 ) ) ;
#10334 = VERTEX_POINT ( 'NONE', #3978 ) ;
#10335 = DIRECTION ( 'NONE',  ( 0.000000000000000000, 0.000000000000000000, 1.000000000000000000 ) ) ;
#10336 = EDGE_CURVE ( 'NONE', #8531, #4094, #7335, .T. ) ;
#10337 = EDGE_CURVE ( 'NONE', #8372, #3917, #1691, .T. ) ;
#10338 = EDGE_CURVE ( 'NONE', #6673, #531, #9292, .T. ) ;
#10339 = VECTOR ( 'NONE', #5719, 1000.000000000000000 ) ;
#10340 = VECTOR ( 'NONE', #6489, 1000.000000000000000 ) ;
#10341 = DIRECTION ( 'NONE',  ( 0.000000000000000000, 0.000000000000000000, 1.000000000000000000 ) ) ;
#10342 = CARTESIAN_POINT ( 'NONE',  ( 261.7500000000000568, 45.39999999999999858, 6.349999999999999645 ) ) ;
#10343 = VERTEX_POINT ( 'NONE', #4751 ) ;
#10344 = VERTEX_POINT ( 'NONE', #7960 ) ;
#10345 = PLANE ( 'NONE',  #8082 ) ;
#10346 = FACE_BOUND ( 'NONE', #6333, .T. ) ;
#10347 = ORIENTED_EDGE ( 'NONE', *, *, #8978, .F. ) ;
#10348 = AXIS2_PLACEMENT_3D ( 'NONE', #9576, #5325, #8808 ) ;
#10349 = ORIENTED_EDGE ( 'NONE', *, *, #7210, .F. ) ;
#10350 = CARTESIAN_POINT ( 'NONE',  ( 160.2000000000001023, -19.99999999999992184, 6.349999999999999645 ) ) ;
#10351 = CARTESIAN_POINT ( 'NONE',  ( 63.30000000000007532, -19.99999999999992184, 0.000000000000000000 ) ) ;
#10352 = AXIS2_PLACEMENT_3D ( 'NONE', #5683, #2268, #7288 ) ;
#10353 = AXIS2_PLACEMENT_3D ( 'NONE', #1604, #7639, #4981 ) ;
#10354 = DIRECTION ( 'NONE',  ( -1.040834085586084059E-15, 1.000000000000000000, 0.000000000000000000 ) ) ;
#10355 = CYLINDRICAL_SURFACE ( 'NONE', #1121, 1.549999999999968070 ) ;
#10356 = EDGE_CURVE ( 'NONE', #6670, #8863, #5568, .T. ) ;
#10357 = VECTOR ( 'NONE', #1565, 1000.000000000000000 ) ;
#10358 = AXIS2_PLACEMENT_3D ( 'NONE', #1818, #2828, #8674 ) ;
#10359 = DIRECTION ( 'NONE',  ( -1.000000000000000000, 0.000000000000000000, 0.000000000000000000 ) ) ;
#10360 = DIRECTION ( 'NONE',  ( 1.000000000000000000, 1.040834085586084059E-15, -0.000000000000000000 ) ) ;
#10361 = VERTEX_POINT ( 'NONE', #1419 ) ;
#10362 = DIRECTION ( 'NONE',  ( -0.000000000000000000, -0.000000000000000000, -1.000000000000000000 ) ) ;
#10363 = AXIS2_PLACEMENT_3D ( 'NONE', #3670, #4650, #3772 ) ;
#10364 = ADVANCED_FACE ( 'NONE', ( #1254 ), #6354, .F. ) ;
#10365 = ORIENTED_EDGE ( 'NONE', *, *, #1493, .T. ) ;
#10366 = VECTOR ( 'NONE', #8589, 1000.000000000000000 ) ;
#10367 = DIRECTION ( 'NONE',  ( -1.000000000000000000, 0.000000000000000000, 0.000000000000000000 ) ) ;
#10368 = DIRECTION ( 'NONE',  ( -1.000000000000000000, 0.000000000000000000, 0.000000000000000000 ) ) ;
#10369 = LINE ( 'NONE', #3846, #2897 ) ;
#10370 = AXIS2_PLACEMENT_3D ( 'NONE', #750, #8282, #4148 ) ;
#10371 = VECTOR ( 'NONE', #7442, 1000.000000000000000 ) ;
#10372 = LINE ( 'NONE', #238, #5418 ) ;
#10373 = CIRCLE ( 'NONE', #3850, 1.549999999999995826 ) ;
#10374 = AXIS2_PLACEMENT_3D ( 'NONE', #738, #7319, #2407 ) ;
#10375 = EDGE_LOOP ( 'NONE', ( #10142, #3404, #9508, #5285 ) ) ;
#10376 = EDGE_CURVE ( 'NONE', #6547, #9764, #625, .T. ) ;
#10377 = DIRECTION ( 'NONE',  ( -1.000000000000000000, 0.000000000000000000, 0.000000000000000000 ) ) ;
#10378 = EDGE_LOOP ( 'NONE', ( #10500, #4976, #3717, #5459 ) ) ;
#10380 = DIRECTION ( 'NONE',  ( -0.000000000000000000, -0.000000000000000000, -1.000000000000000000 ) ) ;
#10379 = AXIS2_PLACEMENT_3D ( 'NONE', #7051, #9869, #4891 ) ;
#10381 = AXIS2_PLACEMENT_3D ( 'NONE', #2517, #8373, #2464 ) ;
#10382 = LINE ( 'NONE', #9493, #9323 ) ;
#10383 = CARTESIAN_POINT ( 'NONE',  ( 173.3000000000000682, 32.05000000000005400, 6.349999999999999645 ) ) ;
#10384 = EDGE_LOOP ( 'NONE', ( #4423, #10489, #10948, #2606 ) ) ;
#10385 = VECTOR ( 'NONE', #5101, 1000.000000000000000 ) ;
#10386 = AXIS2_PLACEMENT_3D ( 'NONE', #5801, #7341, #3931 ) ;
#10387 = DIRECTION ( 'NONE',  ( 3.469446951953613696E-16, -1.000000000000000000, -0.000000000000000000 ) ) ;
#10388 = CARTESIAN_POINT ( 'NONE',  ( 171.7500000000000568, 72.05000000000005400, 0.000000000000000000 ) ) ;
#10389 = ORIENTED_EDGE ( 'NONE', *, *, #4964, .F. ) ;
#10390 = ADVANCED_FACE ( 'NONE', ( #10719 ), #6400, .T. ) ;
#10391 = ADVANCED_FACE ( 'NONE', ( #3880 ), #3150, .F. ) ;
#10392 = VECTOR ( 'NONE', #4327, 1000.000000000000000 ) ;
#10393 = CARTESIAN_POINT ( 'NONE',  ( 141.7500000000001421, -72.05000000000008242, 6.349999999999999645 ) ) ;
#10394 = EDGE_LOOP ( 'NONE', ( #4329, #3087, #9207, #4374 ) ) ;
#10395 = VERTEX_POINT ( 'NONE', #10496 ) ;
#10396 = CARTESIAN_POINT ( 'NONE',  ( 183.3000000000000682, 32.05000000000005400, 6.349999999999999645 ) ) ;
#10397 = DIRECTION ( 'NONE',  ( 0.000000000000000000, 0.000000000000000000, 1.000000000000000000 ) ) ;
#10398 = LINE ( 'NONE', #3711, #8055 ) ;
#10399 = CARTESIAN_POINT ( 'NONE',  ( 273.3000000000000114, 5.399999999999999467, 6.349999999999999645 ) ) ;
#10400 = ORIENTED_EDGE ( 'NONE', *, *, #9916, .T. ) ;
#10401 = AXIS2_PLACEMENT_3D ( 'NONE', #7009, #2873, #2033 ) ;
#10402 = LINE ( 'NONE', #160, #31 ) ;
#10403 = VECTOR ( 'NONE', #1038, 1000.000000000000000 ) ;
#10404 = CARTESIAN_POINT ( 'NONE',  ( 342.4714292284635349, -50.79999999999998295, 0.000000000000000000 ) ) ;
#10405 = LINE ( 'NONE', #213, #8046 ) ;
#10406 = EDGE_LOOP ( 'NONE', ( #7095, #7939, #9383, #5804 ) ) ;
#10407 = ORIENTED_EDGE ( 'NONE', *, *, #10249, .F. ) ;
#10408 = DIRECTION ( 'NONE',  ( -1.000000000000000000, 0.000000000000000000, 0.000000000000000000 ) ) ;
#10409 = EDGE_CURVE ( 'NONE', #2839, #10450, #2260, .T. ) ;
#10410 = EDGE_CURVE ( 'NONE', #3339, #6837, #4641, .T. ) ;
#10411 = FACE_BOUND ( 'NONE', #4326, .T. ) ;
#10412 = EDGE_LOOP ( 'NONE', ( #514, #6660, #4456, #4355 ) ) ;
#10413 = EDGE_LOOP ( 'NONE', ( #10854, #1434, #9254, #3237 ) ) ;
#10414 = CARTESIAN_POINT ( 'NONE',  ( 110.2000000000001023, -19.99999999999992184, 6.349999999999999645 ) ) ;
#10415 = DIRECTION ( 'NONE',  ( -0.000000000000000000, -0.000000000000000000, -1.000000000000000000 ) ) ;
#10416 = DIRECTION ( 'NONE',  ( -1.000000000000000000, 0.000000000000000000, 0.000000000000000000 ) ) ;
#10417 = FACE_OUTER_BOUND ( 'NONE', #5466, .T. ) ;
#10418 = DIRECTION ( 'NONE',  ( -1.000000000000000000, 0.000000000000000000, 0.000000000000000000 ) ) ;
#10419 = EDGE_LOOP ( 'NONE', ( #9202, #1710, #5369, #10437 ) ) ;
#10420 = LINE ( 'NONE', #2854, #5173 ) ;
#10421 = EDGE_CURVE ( 'NONE', #8882, #2867, #1307, .T. ) ;
#10422 = EDGE_CURVE ( 'NONE', #4680, #4014, #8948, .T. ) ;
#10423 = ORIENTED_EDGE ( 'NONE', *, *, #1798, .F. ) ;
#10424 = DIRECTION ( 'NONE',  ( 1.000000000000000000, 0.000000000000000000, 0.000000000000000000 ) ) ;
#10425 = CARTESIAN_POINT ( 'NONE',  ( 90.20000000000008811, 32.05000000000005400, 0.000000000000000000 ) ) ;
#10426 = CARTESIAN_POINT ( 'NONE',  ( 273.3000000000000682, -5.400000000000019895, 6.349999999999999645 ) ) ;
#10427 = DIRECTION ( 'NONE',  ( 0.000000000000000000, 0.000000000000000000, 1.000000000000000000 ) ) ;
#10428 = ORIENTED_EDGE ( 'NONE', *, *, #2128, .T. ) ;
#10429 = CARTESIAN_POINT ( 'NONE',  ( 31.75000000000011724, -32.05000000000007532, 0.000000000000000000 ) ) ;
#10430 = EDGE_LOOP ( 'NONE', ( #935, #9712, #3647, #17 ) ) ;
#10431 = CARTESIAN_POINT ( 'NONE',  ( 91.75000000000000000, -20.00000000000003197, 0.000000000000000000 ) ) ;
#10432 = CYLINDRICAL_SURFACE ( 'NONE', #2611, 1.549999999999988942 ) ;
#10433 = CARTESIAN_POINT ( 'NONE',  ( 160.2000000000001592, -72.05000000000008242, 6.349999999999999645 ) ) ;
#10434 = ORIENTED_EDGE ( 'NONE', *, *, #9845, .F. ) ;
#10435 = EDGE_CURVE ( 'NONE', #6235, #10845, #9885, .T. ) ;
#10436 = DIRECTION ( 'NONE',  ( -6.938893903907227392E-16, 1.000000000000000000, 0.000000000000000000 ) ) ;
#10437 = ORIENTED_EDGE ( 'NONE', *, *, #5821, .F. ) ;
#10438 = DIRECTION ( 'NONE',  ( -0.000000000000000000, -0.000000000000000000, -1.000000000000000000 ) ) ;
#10439 = ORIENTED_EDGE ( 'NONE', *, *, #1750, .T. ) ;
#10440 = ORIENTED_EDGE ( 'NONE', *, *, #6526, .T. ) ;
#10441 = CARTESIAN_POINT ( 'NONE',  ( 171.7500000000000853, 32.05000000000005400, 6.349999999999999645 ) ) ;
#10442 = CARTESIAN_POINT ( 'NONE',  ( 183.3000000000000966, -19.99999999999992184, 0.000000000000000000 ) ) ;
#10443 = FACE_BOUND ( 'NONE', #1053, .T. ) ;
#10444 = EDGE_LOOP ( 'NONE', ( #6917, #6060, #7079, #5937 ) ) ;
#10445 = FACE_OUTER_BOUND ( 'NONE', #5923, .T. ) ;
#10446 = EDGE_CURVE ( 'NONE', #2884, #9525, #8843, .T. ) ;
#10447 = DIRECTION ( 'NONE',  ( 1.000000000000000000, 3.469446951953613696E-16, -0.000000000000000000 ) ) ;
#10448 = CARTESIAN_POINT ( 'NONE',  ( 303.3000000000000114, 45.40000000000000568, 0.000000000000000000 ) ) ;
#10449 = ORIENTED_EDGE ( 'NONE', *, *, #5867, .F. ) ;
#10450 = VERTEX_POINT ( 'NONE', #7118 ) ;
#10451 = DIRECTION ( 'NONE',  ( 6.938893903907227392E-16, -1.000000000000000000, -0.000000000000000000 ) ) ;
#10452 = FACE_BOUND ( 'NONE', #774, .T. ) ;
#10453 = EDGE_LOOP ( 'NONE', ( #5791, #10479, #2987, #596 ) ) ;
#10454 = ORIENTED_EDGE ( 'NONE', *, *, #203, .F. ) ;
#10455 = DIRECTION ( 'NONE',  ( -0.000000000000000000, -0.000000000000000000, -1.000000000000000000 ) ) ;
#10456 = CARTESIAN_POINT ( 'NONE',  ( 180.2000000000001307, -32.05000000000007532, 6.349999999999999645 ) ) ;
#10457 = ORIENTED_EDGE ( 'NONE', *, *, #2422, .T. ) ;
#10458 = DIRECTION ( 'NONE',  ( 1.000000000000000000, 1.040834085586084059E-15, -0.000000000000000000 ) ) ;
#10459 = VECTOR ( 'NONE', #1715, 1000.000000000000000 ) ;
#10460 = EDGE_CURVE ( 'NONE', #4048, #7126, #4693, .T. ) ;
#10461 = ADVANCED_FACE ( 'NONE', ( #873 ), #4038, .F. ) ;
#10462 = DIRECTION ( 'NONE',  ( -1.000000000000000000, 0.000000000000000000, 0.000000000000000000 ) ) ;
#10463 = PLANE ( 'NONE',  #9279 ) ;
#10464 = ORIENTED_EDGE ( 'NONE', *, *, #3748, .T. ) ;
#10465 = CARTESIAN_POINT ( 'NONE',  ( 153.3000000000000966, -32.05000000000007532, 6.349999999999999645 ) ) ;
#10466 = EDGE_LOOP ( 'NONE', ( #6198, #2133, #7942, #3771 ) ) ;
#10467 = CIRCLE ( 'NONE', #9745, 1.549999999999999378 ) ;
#10468 = AXIS2_PLACEMENT_3D ( 'NONE', #1120, #7978, #4507 ) ;
#10469 = CARTESIAN_POINT ( 'NONE',  ( 53.30000000000006821, 32.05000000000005400, 0.000000000000000000 ) ) ;
#10470 = DIRECTION ( 'NONE',  ( -1.000000000000000000, 0.000000000000000000, 0.000000000000000000 ) ) ;
#10471 = CARTESIAN_POINT ( 'NONE',  ( 211.7500000000000853, 72.05000000000005400, 0.000000000000000000 ) ) ;
#10472 = ADVANCED_FACE ( 'NONE', ( #7621 ), #3318, .T. ) ;
#10473 = EDGE_CURVE ( 'NONE', #2945, #2446, #5947, .T. ) ;
#10474 = VECTOR ( 'NONE', #3291, 1000.000000000000000 ) ;
#10475 = VECTOR ( 'NONE', #10191, 1000.000000000000227 ) ;
#10476 = DIRECTION ( 'NONE',  ( -0.000000000000000000, -0.000000000000000000, -1.000000000000000000 ) ) ;
#10477 = VERTEX_POINT ( 'NONE', #6614 ) ;
#10478 = DIRECTION ( 'NONE',  ( 0.000000000000000000, 0.000000000000000000, 1.000000000000000000 ) ) ;
#10479 = ORIENTED_EDGE ( 'NONE', *, *, #1138, .T. ) ;
#10480 = CARTESIAN_POINT ( 'NONE',  ( 63.30000000000007532, -19.99999999999992184, 6.349999999999999645 ) ) ;
#10481 = LINE ( 'NONE', #10317, #134 ) ;
#10482 = DIRECTION ( 'NONE',  ( -0.000000000000000000, -0.000000000000000000, -1.000000000000000000 ) ) ;
#10483 = ORIENTED_EDGE ( 'NONE', *, *, #946, .T. ) ;
#10484 = AXIS2_PLACEMENT_3D ( 'NONE', #10187, #2623, #9361 ) ;
#10485 = CARTESIAN_POINT ( 'NONE',  ( 183.2999999999999545, 20.00000000000000355, 6.349999999999999645 ) ) ;
#10486 = ORIENTED_EDGE ( 'NONE', *, *, #4176, .F. ) ;
#10487 = FACE_OUTER_BOUND ( 'NONE', #2746, .T. ) ;
#10488 = ORIENTED_EDGE ( 'NONE', *, *, #9385, .T. ) ;
#10489 = ORIENTED_EDGE ( 'NONE', *, *, #2982, .F. ) ;
#10490 = DIRECTION ( 'NONE',  ( 1.000000000000000000, 0.000000000000000000, 0.000000000000000000 ) ) ;
#10491 = EDGE_CURVE ( 'NONE', #2513, #3897, #4711, .T. ) ;
#10492 = DIRECTION ( 'NONE',  ( 1.040834085586084059E-15, -1.000000000000000000, 0.000000000000000000 ) ) ;
#10493 = FACE_BOUND ( 'NONE', #2752, .T. ) ;
#10494 = ORIENTED_EDGE ( 'NONE', *, *, #5180, .F. ) ;
#10495 = CARTESIAN_POINT ( 'NONE',  ( 93.30000000000006821, 32.05000000000005400, 0.000000000000000000 ) ) ;
#10496 = CARTESIAN_POINT ( 'NONE',  ( 230.2000000000000171, 45.39999999999999858, 6.349999999999999645 ) ) ;
#10498 = CARTESIAN_POINT ( 'NONE',  ( 313.3000000000000682, -45.39999999999999147, 6.349999999999999645 ) ) ;
#10497 = AXIS2_PLACEMENT_3D ( 'NONE', #5907, #698, #4213 ) ;
#10499 = LINE ( 'NONE', #2935, #3449 ) ;
#10500 = ORIENTED_EDGE ( 'NONE', *, *, #7067, .F. ) ;
#10501 = ORIENTED_EDGE ( 'NONE', *, *, #5008, .T. ) ;
#10502 = DIRECTION ( 'NONE',  ( -0.000000000000000000, -0.000000000000000000, -1.000000000000000000 ) ) ;
#10503 = EDGE_CURVE ( 'NONE', #9353, #8174, #4261, .T. ) ;
#10504 = FACE_BOUND ( 'NONE', #2999, .T. ) ;
#10505 = VERTEX_POINT ( 'NONE', #696 ) ;
#10506 = ORIENTED_EDGE ( 'NONE', *, *, #421, .F. ) ;
#10507 = FACE_OUTER_BOUND ( 'NONE', #5175, .T. ) ;
#10508 = PLANE ( 'NONE',  #2697 ) ;
#10509 = VERTEX_POINT ( 'NONE', #1585 ) ;
#10510 = LINE ( 'NONE', #3831, #994 ) ;
#10511 = AXIS2_PLACEMENT_3D ( 'NONE', #4029, #10935, #7388 ) ;
#10512 = ORIENTED_EDGE ( 'NONE', *, *, #9861, .T. ) ;
#10513 = AXIS2_PLACEMENT_3D ( 'NONE', #6210, #6976, #7815 ) ;
#10514 = DIRECTION ( 'NONE',  ( 1.000000000000000000, 0.000000000000000000, 0.000000000000000000 ) ) ;
#10515 = FACE_OUTER_BOUND ( 'NONE', #9682, .T. ) ;
#10516 = ORIENTED_EDGE ( 'NONE', *, *, #787, .T. ) ;
#10517 = LINE ( 'NONE', #7249, #7824 ) ;
#10518 = VECTOR ( 'NONE', #6992, 1000.000000000000000 ) ;
#10519 = CIRCLE ( 'NONE', #4868, 1.549999999999999378 ) ;
#10520 = EDGE_CURVE ( 'NONE', #7114, #7241, #7445, .T. ) ;
#10521 = ORIENTED_EDGE ( 'NONE', *, *, #6740, .T. ) ;
#10522 = DIRECTION ( 'NONE',  ( 1.000000000000000000, 0.000000000000000000, 0.000000000000000000 ) ) ;
#10523 = CARTESIAN_POINT ( 'NONE',  ( 180.2000000000001023, 20.00000000000000355, 6.349999999999999645 ) ) ;
#10524 = DIRECTION ( 'NONE',  ( -1.000000000000000000, 0.000000000000000000, 0.000000000000000000 ) ) ;
#10525 = AXIS2_PLACEMENT_3D ( 'NONE', #5331, #1230, #9635 ) ;
#10526 = VECTOR ( 'NONE', #1814, 1000.000000000000000 ) ;
#10527 = DIRECTION ( 'NONE',  ( 6.938893903907227392E-16, -1.000000000000000000, 0.000000000000000000 ) ) ;
#10528 = VECTOR ( 'NONE', #821, 1000.000000000000000 ) ;
#10529 = EDGE_LOOP ( 'NONE', ( #5025, #8356, #9405, #8019 ) ) ;
#10530 = CIRCLE ( 'NONE', #6295, 1.549999999999995826 ) ;
#10531 = CYLINDRICAL_SURFACE ( 'NONE', #4523, 1.549999999999995826 ) ;
#10532 = ORIENTED_EDGE ( 'NONE', *, *, #3188, .F. ) ;
#10533 = CARTESIAN_POINT ( 'NONE',  ( 190.2000000000001592, -72.05000000000008242, 0.000000000000000000 ) ) ;
#10534 = EDGE_CURVE ( 'NONE', #3340, #5674, #2535, .T. ) ;
#10535 = AXIS2_PLACEMENT_3D ( 'NONE', #3584, #8502, #4310 ) ;
#10536 = ADVANCED_FACE ( 'NONE', ( #10159 ), #9994, .F. ) ;
#10537 = EDGE_CURVE ( 'NONE', #1592, #430, #3370, .T. ) ;
#10538 = CARTESIAN_POINT ( 'NONE',  ( 271.7500000000000000, 5.399999999999998579, 0.000000000000000000 ) ) ;
#10539 = LINE ( 'NONE', #2818, #3589 ) ;
#10540 = EDGE_LOOP ( 'NONE', ( #9370, #7848, #4279, #9391 ) ) ;
#10541 = AXIS2_PLACEMENT_3D ( 'NONE', #4515, #7880, #294 ) ;
#10542 = CARTESIAN_POINT ( 'NONE',  ( 73.30000000000005400, 32.05000000000005400, 0.000000000000000000 ) ) ;
#10543 = VECTOR ( 'NONE', #2077, 1000.000000000000000 ) ;
#10544 = AXIS2_PLACEMENT_3D ( 'NONE', #9381, #9435, #10218 ) ;
#10545 = ORIENTED_EDGE ( 'NONE', *, *, #5335, .T. ) ;
#10546 = DIRECTION ( 'NONE',  ( 0.000000000000000000, 0.000000000000000000, 1.000000000000000000 ) ) ;
#10547 = ORIENTED_EDGE ( 'NONE', *, *, #7606, .T. ) ;
#10548 = VERTEX_POINT ( 'NONE', #9168 ) ;
#10549 = CARTESIAN_POINT ( 'NONE',  ( 71.75000000000007105, 72.05000000000005400, 6.349999999999999645 ) ) ;
#10550 = EDGE_CURVE ( 'NONE', #1564, #1790, #3251, .T. ) ;
#10551 = EDGE_CURVE ( 'NONE', #8276, #7678, #9220, .T. ) ;
#10552 = AXIS2_PLACEMENT_3D ( 'NONE', #3065, #1441, #9025 ) ;
#10553 = DIRECTION ( 'NONE',  ( 1.000000000000000000, 0.000000000000000000, 0.000000000000000000 ) ) ;
#10554 = FACE_BOUND ( 'NONE', #6809, .T. ) ;
#10555 = EDGE_LOOP ( 'NONE', ( #10934, #6186, #4004, #2200 ) ) ;
#10556 = DIRECTION ( 'NONE',  ( -1.000000000000000000, 0.000000000000000000, 0.000000000000000000 ) ) ;
#10557 = VECTOR ( 'NONE', #5001, 1000.000000000000000 ) ;
#10558 = VECTOR ( 'NONE', #6828, 1000.000000000000000 ) ;
#10559 = DIRECTION ( 'NONE',  ( -0.000000000000000000, -0.000000000000000000, -1.000000000000000000 ) ) ;
#10560 = VECTOR ( 'NONE', #1114, 1000.000000000000000 ) ;
#10561 = DIRECTION ( 'NONE',  ( -0.000000000000000000, -0.000000000000000000, -1.000000000000000000 ) ) ;
#10562 = CARTESIAN_POINT ( 'NONE',  ( 300.2000000000000455, 5.399999999999998579, 0.000000000000000000 ) ) ;
#10563 = ORIENTED_EDGE ( 'NONE', *, *, #3234, .F. ) ;
#10564 = ORIENTED_EDGE ( 'NONE', *, *, #5346, .F. ) ;
#10565 = DIRECTION ( 'NONE',  ( 0.000000000000000000, 0.000000000000000000, 1.000000000000000000 ) ) ;
#10566 = VECTOR ( 'NONE', #4757, 1000.000000000000000 ) ;
#10567 = CARTESIAN_POINT ( 'NONE',  ( 140.2000000000001307, -32.05000000000007532, 6.349999999999999645 ) ) ;
#10568 = ORIENTED_EDGE ( 'NONE', *, *, #10576, .F. ) ;
#10569 = LINE ( 'NONE', #3725, #7720 ) ;
#10570 = FACE_OUTER_BOUND ( 'NONE', #10872, .T. ) ;
#10571 = VERTEX_POINT ( 'NONE', #10944 ) ;
#10572 = AXIS2_PLACEMENT_3D ( 'NONE', #424, #8119, #7961 ) ;
#10573 = CARTESIAN_POINT ( 'NONE',  ( 223.3000000000001535, -72.05000000000008242, 0.000000000000000000 ) ) ;
#10574 = VERTEX_POINT ( 'NONE', #9275 ) ;
#10575 = CIRCLE ( 'NONE', #10222, 1.549999999999968070 ) ;
#10576 = EDGE_CURVE ( 'NONE', #8296, #2689, #9935, .T. ) ;
#10577 = CARTESIAN_POINT ( 'NONE',  ( 183.3000000000001535, -72.05000000000008242, 0.000000000000000000 ) ) ;
#10578 = DIRECTION ( 'NONE',  ( -1.387778780781445676E-15, 1.000000000000000000, 0.000000000000000000 ) ) ;
#10579 = ORIENTED_EDGE ( 'NONE', *, *, #1072, .T. ) ;
#10580 = FACE_OUTER_BOUND ( 'NONE', #471, .T. ) ;
#10581 = EDGE_LOOP ( 'NONE', ( #9074, #689, #3261, #2541 ) ) ;
#10582 = CARTESIAN_POINT ( 'NONE',  ( 200.2000000000001023, -19.99999999999992184, 0.000000000000000000 ) ) ;
#10583 = DIRECTION ( 'NONE',  ( -0.000000000000000000, -0.000000000000000000, -1.000000000000000000 ) ) ;
#10584 = CARTESIAN_POINT ( 'NONE',  ( 53.30000000000006111, 72.05000000000005400, 6.349999999999999645 ) ) ;
#10585 = ADVANCED_FACE ( 'NONE', ( #5083 ), #8453, .T. ) ;
#10586 = EDGE_CURVE ( 'NONE', #10887, #8861, #1472, .T. ) ;
#10587 = CARTESIAN_POINT ( 'NONE',  ( 31.75000000000015987, -72.05000000000008242, 6.349999999999999645 ) ) ;
#10588 = CARTESIAN_POINT ( 'NONE',  ( 190.2000000000001023, 72.05000000000005400, 0.000000000000000000 ) ) ;
#10589 = ORIENTED_EDGE ( 'NONE', *, *, #4979, .F. ) ;
#10590 = LINE ( 'NONE', #2971, #610 ) ;
#10591 = VERTEX_POINT ( 'NONE', #3198 ) ;
#10592 = DIRECTION ( 'NONE',  ( -0.000000000000000000, -1.000000000000000000, -0.000000000000000000 ) ) ;
#10593 = CARTESIAN_POINT ( 'NONE',  ( 220.2000000000001307, 20.00000000000000355, 6.349999999999999645 ) ) ;
#10594 = DIRECTION ( 'NONE',  ( -0.000000000000000000, -0.000000000000000000, -1.000000000000000000 ) ) ;
#10595 = ORIENTED_EDGE ( 'NONE', *, *, #10675, .F. ) ;
#10596 = EDGE_CURVE ( 'NONE', #4078, #8372, #6559, .T. ) ;
#10597 = EDGE_CURVE ( 'NONE', #4863, #6811, #5794, .T. ) ;
#10598 = PLANE ( 'NONE',  #10705 ) ;
#10599 = VERTEX_POINT ( 'NONE', #918 ) ;
#10600 = CARTESIAN_POINT ( 'NONE',  ( 240.2000000000000739, -5.400000000000042100, 0.000000000000000000 ) ) ;
#10601 = ORIENTED_EDGE ( 'NONE', *, *, #6290, .T. ) ;
#10602 = ORIENTED_EDGE ( 'NONE', *, *, #649, .T. ) ;
#10603 = LINE ( 'NONE', #3084, #5802 ) ;
#10604 = CARTESIAN_POINT ( 'NONE',  ( 221.8214292284634439, -82.54999999999998295, 6.349999999999999645 ) ) ;
#10605 = FACE_BOUND ( 'NONE', #8984, .T. ) ;
#10606 = ORIENTED_EDGE ( 'NONE', *, *, #984, .T. ) ;
#10607 = DIRECTION ( 'NONE',  ( -0.000000000000000000, -0.000000000000000000, -1.000000000000000000 ) ) ;
#10608 = EDGE_CURVE ( 'NONE', #4982, #7439, #1862, .T. ) ;
#10609 = EDGE_CURVE ( 'NONE', #10343, #6702, #5186, .T. ) ;
#10610 = CARTESIAN_POINT ( 'NONE',  ( 150.2000000000000739, 72.05000000000005400, 6.349999999999999645 ) ) ;
#10611 = LINE ( 'NONE', #6515, #8979 ) ;
#10612 = CARTESIAN_POINT ( 'NONE',  ( 40.20000000000008811, 32.05000000000005400, 6.349999999999999645 ) ) ;
#10613 = ORIENTED_EDGE ( 'NONE', *, *, #1942, .F. ) ;
#10614 = VERTEX_POINT ( 'NONE', #6125 ) ;
#10615 = CARTESIAN_POINT ( 'NONE',  ( 93.30000000000006821, 32.05000000000005400, 0.000000000000000000 ) ) ;
#10616 = DIRECTION ( 'NONE',  ( 0.000000000000000000, 1.000000000000000000, 0.000000000000000000 ) ) ;
#10617 = VERTEX_POINT ( 'NONE', #9551 ) ;
#10618 = CARTESIAN_POINT ( 'NONE',  ( 313.3000000000000114, 5.399999999999999467, 6.349999999999999645 ) ) ;
#10619 = LINE ( 'NONE', #2944, #10284 ) ;
#10620 = ORIENTED_EDGE ( 'NONE', *, *, #7498, .F. ) ;
#10621 = ADVANCED_FACE ( 'NONE', ( #2595 ), #6897, .F. ) ;
#10622 = FACE_OUTER_BOUND ( 'NONE', #2929, .T. ) ;
#10623 = CARTESIAN_POINT ( 'NONE',  ( 53.30000000000006821, 32.05000000000005400, 6.349999999999999645 ) ) ;
#10624 = FACE_OUTER_BOUND ( 'NONE', #3428, .T. ) ;
#10625 = ORIENTED_EDGE ( 'NONE', *, *, #6893, .T. ) ;
#10626 = DIRECTION ( 'NONE',  ( 1.000000000000000000, 0.000000000000000000, 0.000000000000000000 ) ) ;
#10627 = ORIENTED_EDGE ( 'NONE', *, *, #7143, .F. ) ;
#10628 = EDGE_CURVE ( 'NONE', #1629, #3201, #10269, .T. ) ;
#10629 = CYLINDRICAL_SURFACE ( 'NONE', #3824, 1.549999999999995826 ) ;
#10630 = PLANE ( 'NONE',  #5531 ) ;
#10631 = CARTESIAN_POINT ( 'NONE',  ( 243.3000000000000966, -45.40000000000004121, 6.349999999999999645 ) ) ;
#10632 = CIRCLE ( 'NONE', #5874, 1.549999999999982059 ) ;
#10633 = CARTESIAN_POINT ( 'NONE',  ( 70.20000000000011653, -32.05000000000007532, 6.349999999999999645 ) ) ;
#10634 = CIRCLE ( 'NONE', #8341, 1.549999999999982059 ) ;
#10635 = VERTEX_POINT ( 'NONE', #7736 ) ;
#10636 = DIRECTION ( 'NONE',  ( 0.000000000000000000, 0.000000000000000000, 1.000000000000000000 ) ) ;
#10637 = ORIENTED_EDGE ( 'NONE', *, *, #5211, .T. ) ;
#10638 = DIRECTION ( 'NONE',  ( 1.000000000000000000, 0.000000000000000000, 0.000000000000000000 ) ) ;
#10639 = DIRECTION ( 'NONE',  ( -0.000000000000000000, -0.000000000000000000, -1.000000000000000000 ) ) ;
#10640 = EDGE_CURVE ( 'NONE', #9044, #6673, #1084, .T. ) ;
#10641 = CARTESIAN_POINT ( 'NONE',  ( 141.7500000000001137, -32.05000000000007532, 0.000000000000000000 ) ) ;
#10642 = CARTESIAN_POINT ( 'NONE',  ( 213.2999999999999829, 20.00000000000000355, 0.000000000000000000 ) ) ;
#10643 = ORIENTED_EDGE ( 'NONE', *, *, #5073, .F. ) ;
#10644 = VECTOR ( 'NONE', #10219, 1000.000000000000000 ) ;
#10645 = AXIS2_PLACEMENT_3D ( 'NONE', #4168, #771, #3270 ) ;
#10646 = PLANE ( 'NONE',  #6468 ) ;
#10647 = VERTEX_POINT ( 'NONE', #5300 ) ;
#10648 = AXIS2_PLACEMENT_3D ( 'NONE', #5332, #10583, #10368 ) ;
#10649 = CARTESIAN_POINT ( 'NONE',  ( 190.2000000000001023, 20.00000000000000355, 0.000000000000000000 ) ) ;
#10650 = ORIENTED_EDGE ( 'NONE', *, *, #2070, .T. ) ;
#10651 = EDGE_LOOP ( 'NONE', ( #8832, #8665, #5320, #5648 ) ) ;
#10652 = CARTESIAN_POINT ( 'NONE',  ( 50.20000000000009521, 32.05000000000005400, 0.000000000000000000 ) ) ;
#10653 = CIRCLE ( 'NONE', #3603, 1.549999999999995826 ) ;
#10654 = EDGE_CURVE ( 'NONE', #3169, #939, #1810, .T. ) ;
#10655 = CARTESIAN_POINT ( 'NONE',  ( 170.2000000000001307, -32.05000000000007532, 0.000000000000000000 ) ) ;
#10656 = FACE_BOUND ( 'NONE', #10111, .T. ) ;
#10657 = ORIENTED_EDGE ( 'NONE', *, *, #5670, .F. ) ;
#10658 = ADVANCED_FACE ( 'NONE', ( #7837 ), #5965, .T. ) ;
#10659 = ADVANCED_FACE ( 'NONE', ( #9339 ), #10223, .T. ) ;
#10660 = DIRECTION ( 'NONE',  ( 0.000000000000000000, 0.000000000000000000, 1.000000000000000000 ) ) ;
#10661 = VECTOR ( 'NONE', #10245, 1000.000000000000000 ) ;
#10662 = DIRECTION ( 'NONE',  ( 1.387778780781445676E-15, -1.000000000000000000, 0.000000000000000000 ) ) ;
#10663 = DIRECTION ( 'NONE',  ( 0.000000000000000000, 0.000000000000000000, 1.000000000000000000 ) ) ;
#10664 = DIRECTION ( 'NONE',  ( -0.000000000000000000, -0.000000000000000000, -1.000000000000000000 ) ) ;
#10665 = ORIENTED_EDGE ( 'NONE', *, *, #4903, .T. ) ;
#10666 = ORIENTED_EDGE ( 'NONE', *, *, #5008, .F. ) ;
#10667 = DIRECTION ( 'NONE',  ( -0.000000000000000000, -0.000000000000000000, -1.000000000000000000 ) ) ;
#10668 = FACE_BOUND ( 'NONE', #2484, .T. ) ;
#10669 = ORIENTED_EDGE ( 'NONE', *, *, #7813, .F. ) ;
#10670 = DIRECTION ( 'NONE',  ( 0.000000000000000000, 0.000000000000000000, 1.000000000000000000 ) ) ;
#10671 = DIRECTION ( 'NONE',  ( -1.734723475976807094E-16, 1.000000000000000000, 0.000000000000000000 ) ) ;
#10672 = VERTEX_POINT ( 'NONE', #4527 ) ;
#10673 = EDGE_CURVE ( 'NONE', #3492, #1142, #7055, .T. ) ;
#10674 = EDGE_CURVE ( 'NONE', #1978, #7440, #7001, .T. ) ;
#10675 = EDGE_CURVE ( 'NONE', #4522, #9546, #3835, .T. ) ;
#10676 = DIRECTION ( 'NONE',  ( 1.000000000000000000, 1.387778780781446070E-15, -0.000000000000000000 ) ) ;
#10677 = DIRECTION ( 'NONE',  ( 1.000000000000000000, 7.284927983104700683E-17, 0.000000000000000000 ) ) ;
#10678 = DIRECTION ( 'NONE',  ( -1.387778780781445478E-15, 1.000000000000000000, -0.000000000000000000 ) ) ;
#10679 = ORIENTED_EDGE ( 'NONE', *, *, #1956, .T. ) ;
#10680 = ORIENTED_EDGE ( 'NONE', *, *, #6617, .T. ) ;
#10681 = DIRECTION ( 'NONE',  ( -1.040834085586084059E-15, 1.000000000000000000, -0.000000000000000000 ) ) ;
#10682 = ORIENTED_EDGE ( 'NONE', *, *, #3392, .F. ) ;
#10683 = VECTOR ( 'NONE', #8211, 1000.000000000000000 ) ;
#10684 = ADVANCED_FACE ( 'NONE', ( #3702 ), #10322, .F. ) ;
#10685 = DIRECTION ( 'NONE',  ( -0.000000000000000000, -0.000000000000000000, -1.000000000000000000 ) ) ;
#10686 = CARTESIAN_POINT ( 'NONE',  ( 83.30000000000008242, -19.99999999999992184, 6.349999999999999645 ) ) ;
#10687 = VECTOR ( 'NONE', #1448, 1000.000000000000000 ) ;
#10688 = DIRECTION ( 'NONE',  ( -1.000000000000000000, 0.000000000000000000, 0.000000000000000000 ) ) ;
#10689 = VECTOR ( 'NONE', #5998, 1000.000000000000000 ) ;
#10690 = LINE ( 'NONE', #8310, #1746 ) ;
#10691 = DIRECTION ( 'NONE',  ( -1.387778780781445873E-15, 1.000000000000000000, -0.000000000000000000 ) ) ;
#10692 = ORIENTED_EDGE ( 'NONE', *, *, #2848, .F. ) ;
#10693 = DIRECTION ( 'NONE',  ( -1.000000000000000000, 0.000000000000000000, 0.000000000000000000 ) ) ;
#10694 = VERTEX_POINT ( 'NONE', #5136 ) ;
#10695 = DIRECTION ( 'NONE',  ( -0.000000000000000000, -0.000000000000000000, -1.000000000000000000 ) ) ;
#10696 = DIRECTION ( 'NONE',  ( -1.000000000000000000, 0.000000000000000000, 0.000000000000000000 ) ) ;
#10697 = CIRCLE ( 'NONE', #3641, 1.549999999999982059 ) ;
#10698 = CYLINDRICAL_SURFACE ( 'NONE', #5082, 1.549999999999995826 ) ;
#10699 = DIRECTION ( 'NONE',  ( -1.000000000000000000, 0.000000000000000000, 0.000000000000000000 ) ) ;
#10700 = ORIENTED_EDGE ( 'NONE', *, *, #7840, .F. ) ;
#10701 = AXIS2_PLACEMENT_3D ( 'NONE', #5091, #10002, #8463 ) ;
#10702 = AXIS2_PLACEMENT_3D ( 'NONE', #8300, #5152, #3441 ) ;
#10703 = LINE ( 'NONE', #1008, #9650 ) ;
#10704 = EDGE_CURVE ( 'NONE', #6433, #6785, #2594, .T. ) ;
#10705 = AXIS2_PLACEMENT_3D ( 'NONE', #7159, #8047, #10436 ) ;
#10706 = ORIENTED_EDGE ( 'NONE', *, *, #3965, .T. ) ;
#10707 = PRODUCT_DEFINITION_SHAPE ( 'NONE', 'NONE',  #10309 ) ;
#10708 = CARTESIAN_POINT ( 'NONE',  ( 342.4714292284635349, -50.79999999999998295, 6.349999999999999645 ) ) ;
#10709 = ORIENTED_EDGE ( 'NONE', *, *, #4525, .T. ) ;
#10710 = ORIENTED_EDGE ( 'NONE', *, *, #9106, .T. ) ;
#10711 = CARTESIAN_POINT ( 'NONE',  ( 73.30000000000005400, 72.05000000000005400, 6.349999999999999645 ) ) ;
#10712 = VECTOR ( 'NONE', #6523, 1000.000000000000000 ) ;
#10713 = LINE ( 'NONE', #4143, #1179 ) ;
#10714 = LINE ( 'NONE', #6510, #6927 ) ;
#10715 = VERTEX_POINT ( 'NONE', #6016 ) ;
#10716 = DIRECTION ( 'NONE',  ( -0.000000000000000000, -0.000000000000000000, -1.000000000000000000 ) ) ;
#10717 = AXIS2_PLACEMENT_3D ( 'NONE', #3566, #10303, #2736 ) ;
#10718 = VECTOR ( 'NONE', #10768, 1000.000000000000000 ) ;
#10719 = FACE_OUTER_BOUND ( 'NONE', #9367, .T. ) ;
#10720 = ADVANCED_FACE ( 'NONE', ( #9387 ), #7673, .F. ) ;
#10721 = EDGE_CURVE ( 'NONE', #8315, #6673, #2702, .T. ) ;
#10722 = DIRECTION ( 'NONE',  ( 1.000000000000000000, 0.000000000000000000, 0.000000000000000000 ) ) ;
#10723 = AXIS2_PLACEMENT_3D ( 'NONE', #1611, #896, #9308 ) ;
#10724 = DIRECTION ( 'NONE',  ( 1.000000000000000000, 0.000000000000000000, 0.000000000000000000 ) ) ;
#10725 = ORIENTED_EDGE ( 'NONE', *, *, #4630, .T. ) ;
#10726 = ORIENTED_EDGE ( 'NONE', *, *, #2534, .F. ) ;
#10727 = DIRECTION ( 'NONE',  ( 1.387778780781445478E-15, -1.000000000000000000, 0.000000000000000000 ) ) ;
#10728 = FACE_OUTER_BOUND ( 'NONE', #1886, .T. ) ;
#10729 = ORIENTED_EDGE ( 'NONE', *, *, #9303, .F. ) ;
#10730 = CARTESIAN_POINT ( 'NONE',  ( 223.2999999999999829, 20.00000000000000355, 6.349999999999999645 ) ) ;
#10731 = DIRECTION ( 'NONE',  ( 0.6246950475544238435, -0.7808688094430307203, 0.000000000000000000 ) ) ;
#10732 = ORIENTED_EDGE ( 'NONE', *, *, #7419, .T. ) ;
#10733 = AXIS2_PLACEMENT_3D ( 'NONE', #130, #9371, #6884 ) ;
#10734 = AXIS2_PLACEMENT_3D ( 'NONE', #5151, #767, #5036 ) ;
#10735 = CARTESIAN_POINT ( 'NONE',  ( 210.2000000000001023, 20.00000000000000355, 6.349999999999999645 ) ) ;
#10736 = EDGE_CURVE ( 'NONE', #4563, #4429, #2981, .T. ) ;
#10737 = CIRCLE ( 'NONE', #2628, 1.549999999999995826 ) ;
#10738 = EDGE_CURVE ( 'NONE', #10279, #1142, #4740, .T. ) ;
#10739 = DIRECTION ( 'NONE',  ( -0.000000000000000000, -0.000000000000000000, -1.000000000000000000 ) ) ;
#10740 = ORIENTED_EDGE ( 'NONE', *, *, #8568, .F. ) ;
#10741 = ORIENTED_EDGE ( 'NONE', *, *, #8167, .F. ) ;
#10742 = CARTESIAN_POINT ( 'NONE',  ( 40.20000000000010232, -19.99999999999992184, 0.000000000000000000 ) ) ;
#10743 = AXIS2_PLACEMENT_3D ( 'NONE', #6560, #7506, #3319 ) ;
#10744 = EDGE_LOOP ( 'NONE', ( #6652, #6779, #3250, #10349 ) ) ;
#10745 = LINE ( 'NONE', #4665, #100 ) ;
#10746 = CYLINDRICAL_SURFACE ( 'NONE', #8719, 1.549999999999982059 ) ;
#10747 = AXIS2_PLACEMENT_3D ( 'NONE', #4304, #7564, #1580 ) ;
#10748 = AXIS2_PLACEMENT_3D ( 'NONE', #3585, #5137, #4312 ) ;
#10749 = CYLINDRICAL_SURFACE ( 'NONE', #7544, 1.549999999999988942 ) ;
#10750 = ADVANCED_FACE ( 'NONE', ( #5554 ), #10598, .T. ) ;
#10751 = EDGE_CURVE ( 'NONE', #10635, #6235, #5241, .T. ) ;
#10752 = DIRECTION ( 'NONE',  ( -0.000000000000000000, -0.000000000000000000, -1.000000000000000000 ) ) ;
#10753 = CARTESIAN_POINT ( 'NONE',  ( 273.3000000000001251, -45.40000000000003411, 6.349999999999999645 ) ) ;
#10754 = ORIENTED_EDGE ( 'NONE', *, *, #9023, .F. ) ;
#10755 = FACE_OUTER_BOUND ( 'NONE', #2352, .T. ) ;
#10756 = VERTEX_POINT ( 'NONE', #2087 ) ;
#10757 = CARTESIAN_POINT ( 'NONE',  ( 161.7499999999999716, 20.00000000000000355, 0.000000000000000000 ) ) ;
#10758 = CYLINDRICAL_SURFACE ( 'NONE', #1827, 1.549999999999995826 ) ;
#10759 = FACE_OUTER_BOUND ( 'NONE', #7086, .T. ) ;
#10760 = DIRECTION ( 'NONE',  ( 1.000000000000000000, 1.734723475976806848E-16, -0.000000000000000000 ) ) ;
#10761 = VERTEX_POINT ( 'NONE', #9812 ) ;
#10762 = CARTESIAN_POINT ( 'NONE',  ( 213.3000000000000682, 32.05000000000005400, 6.349999999999999645 ) ) ;
#10763 = ORIENTED_EDGE ( 'NONE', *, *, #1655, .T. ) ;
#10764 = CARTESIAN_POINT ( 'NONE',  ( 200.2000000000001307, -32.05000000000007532, 6.349999999999999645 ) ) ;
#10765 = EDGE_LOOP ( 'NONE', ( #5394, #4624, #3990, #10547 ) ) ;
#10766 = VERTEX_POINT ( 'NONE', #6440 ) ;
#10767 = CARTESIAN_POINT ( 'NONE',  ( 233.3000000000000114, 45.40000000000000568, 6.349999999999999645 ) ) ;
#10768 = DIRECTION ( 'NONE',  ( -0.000000000000000000, -0.000000000000000000, -1.000000000000000000 ) ) ;
#10769 = DIRECTION ( 'NONE',  ( 3.469446951953620598E-16, -1.000000000000000000, -0.000000000000000000 ) ) ;
#10770 = ORIENTED_EDGE ( 'NONE', *, *, #2171, .T. ) ;
#10771 = EDGE_CURVE ( 'NONE', #10091, #6959, #5458, .T. ) ;
#10772 = DIRECTION ( 'NONE',  ( -0.000000000000000000, -0.000000000000000000, -1.000000000000000000 ) ) ;
#10773 = CARTESIAN_POINT ( 'NONE',  ( 60.20000000000010232, -19.99999999999992184, 6.349999999999999645 ) ) ;
#10774 = DIRECTION ( 'NONE',  ( -1.000000000000000000, 0.000000000000000000, 0.000000000000000000 ) ) ;
#10775 = VERTEX_POINT ( 'NONE', #468 ) ;
#10776 = ORIENTED_EDGE ( 'NONE', *, *, #2022, .T. ) ;
#10777 = CARTESIAN_POINT ( 'NONE',  ( 17.16000000000000014, -20.00000000000000000, 6.349999999999999645 ) ) ;
#10778 = LINE ( 'NONE', #4699, #3472 ) ;
#10779 = EDGE_LOOP ( 'NONE', ( #5425, #562, #7718, #4755 ) ) ;
#10780 = FACE_OUTER_BOUND ( 'NONE', #10466, .T. ) ;
#10781 = DIRECTION ( 'NONE',  ( -6.938893903907227392E-16, 1.000000000000000000, -0.000000000000000000 ) ) ;
#10782 = ORIENTED_EDGE ( 'NONE', *, *, #7949, .T. ) ;
#10783 = PLANE ( 'NONE',  #6928 ) ;
#10784 = EDGE_CURVE ( 'NONE', #7760, #7065, #520, .T. ) ;
#10785 = ORIENTED_EDGE ( 'NONE', *, *, #10174, .F. ) ;
#10786 = EDGE_CURVE ( 'NONE', #4812, #4600, #9656, .T. ) ;
#10787 = DIRECTION ( 'NONE',  ( 1.040834085586084059E-15, -1.000000000000000000, 0.000000000000000000 ) ) ;
#10788 = DIRECTION ( 'NONE',  ( 0.000000000000000000, 0.000000000000000000, 1.000000000000000000 ) ) ;
#10789 = ORIENTED_EDGE ( 'NONE', *, *, #4039, .T. ) ;
#10790 = ORIENTED_EDGE ( 'NONE', *, *, #4104, .T. ) ;
#10791 = CARTESIAN_POINT ( 'NONE',  ( 300.2000000000000455, -5.400000000000000355, 6.349999999999999645 ) ) ;
#10792 = VERTEX_POINT ( 'NONE', #8831 ) ;
#10793 = CARTESIAN_POINT ( 'NONE',  ( 150.2000000000001023, 32.05000000000005400, 0.000000000000000000 ) ) ;
#10794 = CARTESIAN_POINT ( 'NONE',  ( 40.20000000000008100, 72.05000000000005400, 0.000000000000000000 ) ) ;
#10795 = EDGE_CURVE ( 'NONE', #7460, #3619, #6646, .T. ) ;
#10796 = ADVANCED_FACE ( 'NONE', ( #7104 ), #8154, .T. ) ;
#10797 = DIRECTION ( 'NONE',  ( -0.000000000000000000, -0.000000000000000000, -1.000000000000000000 ) ) ;
#10798 = DIRECTION ( 'NONE',  ( -3.469446951953613696E-16, 1.000000000000000000, 0.000000000000000000 ) ) ;
#10799 = VERTEX_POINT ( 'NONE', #8778 ) ;
#10800 = CARTESIAN_POINT ( 'NONE',  ( 211.7500000000000853, 72.05000000000005400, 6.349999999999999645 ) ) ;
#10801 = EDGE_LOOP ( 'NONE', ( #5999, #5058, #3324, #2634 ) ) ;
#10802 = FACE_BOUND ( 'NONE', #6896, .T. ) ;
#10803 = ORIENTED_EDGE ( 'NONE', *, *, #1182, .T. ) ;
#10804 = CARTESIAN_POINT ( 'NONE',  ( 241.7500000000001137, -45.40000000000003411, 6.349999999999999645 ) ) ;
#10805 = FACE_OUTER_BOUND ( 'NONE', #4110, .T. ) ;
#10806 = LINE ( 'NONE', #683, #3504 ) ;
#10807 = CARTESIAN_POINT ( 'NONE',  ( 30.20000000000008811, 32.05000000000005400, 6.349999999999999645 ) ) ;
#10808 = ORIENTED_EDGE ( 'NONE', *, *, #6577, .F. ) ;
#10809 = ADVANCED_FACE ( 'NONE', ( #6342 ), #10646, .T. ) ;
#10810 = EDGE_CURVE ( 'NONE', #884, #8335, #6230, .T. ) ;
#10811 = VECTOR ( 'NONE', #2960, 1000.000000000000000 ) ;
#10812 = VERTEX_POINT ( 'NONE', #2244 ) ;
#10813 = DIRECTION ( 'NONE',  ( 0.000000000000000000, 0.000000000000000000, 1.000000000000000000 ) ) ;
#10814 = ORIENTED_EDGE ( 'NONE', *, *, #5210, .T. ) ;
#10815 = ORIENTED_EDGE ( 'NONE', *, *, #1296, .T. ) ;
#10816 = DIRECTION ( 'NONE',  ( -0.000000000000000000, -0.000000000000000000, -1.000000000000000000 ) ) ;
#10817 = LINE ( 'NONE', #8279, #2415 ) ;
#10818 = FACE_BOUND ( 'NONE', #8780, .T. ) ;
#10819 = AXIS2_PLACEMENT_3D ( 'NONE', #9397, #8512, #6138 ) ;
#10820 = VERTEX_POINT ( 'NONE', #7947 ) ;
#10821 = VECTOR ( 'NONE', #10290, 1000.000000000000000 ) ;
#10822 = DIRECTION ( 'NONE',  ( -0.000000000000000000, -0.000000000000000000, -1.000000000000000000 ) ) ;
#10823 = AXIS2_PLACEMENT_3D ( 'NONE', #8450, #6063, #9436 ) ;
#10824 = VECTOR ( 'NONE', #717, 1000.000000000000000 ) ;
#10825 = DIRECTION ( 'NONE',  ( -1.000000000000000000, 0.000000000000000000, 0.000000000000000000 ) ) ;
#10826 = EDGE_CURVE ( 'NONE', #315, #9525, #356, .T. ) ;
#10827 = LINE ( 'NONE', #3253, #3264 ) ;
#10828 = VERTEX_POINT ( 'NONE', #6387 ) ;
#10829 = EDGE_LOOP ( 'NONE', ( #3255, #3793, #5029, #7807 ) ) ;
#10830 = CARTESIAN_POINT ( 'NONE',  ( 61.75000000000000000, 20.00000000000000355, 6.349999999999999645 ) ) ;
#10831 = DIRECTION ( 'NONE',  ( 1.000000000000000000, 0.000000000000000000, 0.000000000000000000 ) ) ;
#10832 = ORIENTED_EDGE ( 'NONE', *, *, #9720, .F. ) ;
#10833 = DIRECTION ( 'NONE',  ( -1.000000000000000000, 0.000000000000000000, 0.000000000000000000 ) ) ;
#10834 = DIRECTION ( 'NONE',  ( 0.000000000000000000, 0.000000000000000000, 1.000000000000000000 ) ) ;
#10835 = EDGE_LOOP ( 'NONE', ( #981, #4978, #699, #886 ) ) ;
#10836 = CARTESIAN_POINT ( 'NONE',  ( 181.7500000000001705, -72.05000000000008242, 0.000000000000000000 ) ) ;
#10837 = AXIS2_PLACEMENT_3D ( 'NONE', #8958, #494, #3726 ) ;
#10838 = ORIENTED_EDGE ( 'NONE', *, *, #5660, .F. ) ;
#10839 = CARTESIAN_POINT ( 'NONE',  ( 211.7500000000000000, 20.00000000000000355, 6.349999999999999645 ) ) ;
#10840 = EDGE_CURVE ( 'NONE', #8432, #924, #9758, .T. ) ;
#10841 = CARTESIAN_POINT ( 'NONE',  ( 180.2000000000000739, 72.05000000000005400, 0.000000000000000000 ) ) ;
#10842 = VERTEX_POINT ( 'NONE', #6282 ) ;
#10843 = ORIENTED_EDGE ( 'NONE', *, *, #585, .T. ) ;
#10844 = DIRECTION ( 'NONE',  ( -0.000000000000000000, -0.000000000000000000, -1.000000000000000000 ) ) ;
#10845 = VERTEX_POINT ( 'NONE', #2028 ) ;
#10846 = DIRECTION ( 'NONE',  ( -1.000000000000000000, 0.000000000000000000, 0.000000000000000000 ) ) ;
#10847 = CARTESIAN_POINT ( 'NONE',  ( 7.160000000000001918, -20.00000000000000000, 6.349999999999999645 ) ) ;
#10848 = CARTESIAN_POINT ( 'NONE',  ( 310.2000000000000455, -5.399999999999993250, 6.349999999999999645 ) ) ;
#10849 = EDGE_CURVE ( 'NONE', #2555, #6350, #5401, .T. ) ;
#10850 = FACE_OUTER_BOUND ( 'NONE', #8536, .T. ) ;
#10851 = VERTEX_POINT ( 'NONE', #10485 ) ;
#10852 = FACE_OUTER_BOUND ( 'NONE', #6507, .T. ) ;
#10853 = CIRCLE ( 'NONE', #4162, 1.549999999999995826 ) ;
#10854 = ORIENTED_EDGE ( 'NONE', *, *, #10721, .F. ) ;
#10855 = CARTESIAN_POINT ( 'NONE',  ( 220.2000000000001307, 32.05000000000005400, 0.000000000000000000 ) ) ;
#10856 = EDGE_LOOP ( 'NONE', ( #10910, #3516, #1517, #7795 ) ) ;
#10857 = CARTESIAN_POINT ( 'NONE',  ( 73.29999999999999716, 20.00000000000000355, 6.349999999999999645 ) ) ;
#10858 = DIRECTION ( 'NONE',  ( 1.000000000000000000, 0.000000000000000000, 0.000000000000000000 ) ) ;
#10859 = CARTESIAN_POINT ( 'NONE',  ( 93.29999999999999716, 20.00000000000000355, 6.349999999999999645 ) ) ;
#10860 = DIRECTION ( 'NONE',  ( -6.938893903907227392E-16, 1.000000000000000000, 0.000000000000000000 ) ) ;
#10861 = VERTEX_POINT ( 'NONE', #10542 ) ;
#10862 = VECTOR ( 'NONE', #1360, 1000.000000000000000 ) ;
#10863 = VECTOR ( 'NONE', #8694, 1000.000000000000000 ) ;
#10864 = DIRECTION ( 'NONE',  ( -1.000000000000000000, 0.000000000000000000, 0.000000000000000000 ) ) ;
#10865 = ADVANCED_FACE ( 'NONE', ( #2132 ), #2920, .T. ) ;
#10866 = EDGE_CURVE ( 'NONE', #140, #5654, #10703, .T. ) ;
#10867 = ADVANCED_FACE ( 'NONE', ( #3299 ), #1459, .F. ) ;
#10868 = ORIENTED_EDGE ( 'NONE', *, *, #1809, .T. ) ;
#10869 = VECTOR ( 'NONE', #2222, 1000.000000000000000 ) ;
#10870 = DIRECTION ( 'NONE',  ( -1.000000000000000000, -1.387778780781445676E-15, 0.000000000000000000 ) ) ;
#10871 = ORIENTED_EDGE ( 'NONE', *, *, #719, .F. ) ;
#10872 = EDGE_LOOP ( 'NONE', ( #5177, #10871, #5421, #9866 ) ) ;
#10873 = LINE ( 'NONE', #3306, #8789 ) ;
#10874 = VECTOR ( 'NONE', #3181, 1000.000000000000000 ) ;
#10875 = CIRCLE ( 'NONE', #2390, 1.549999999999995826 ) ;
#10876 = LINE ( 'NONE', #966, #1011 ) ;
#10877 = DIRECTION ( 'NONE',  ( 0.000000000000000000, 0.000000000000000000, -1.000000000000000000 ) ) ;
#10878 = VERTEX_POINT ( 'NONE', #10044 ) ;
#10879 = CARTESIAN_POINT ( 'NONE',  ( 211.7500000000000853, 72.05000000000005400, 6.349999999999999645 ) ) ;
#10880 = VECTOR ( 'NONE', #1837, 1000.000000000000000 ) ;
#10881 = AXIS2_PLACEMENT_3D ( 'NONE', #7344, #6567, #3886 ) ;
#10882 = DIRECTION ( 'NONE',  ( -0.000000000000000000, -0.000000000000000000, -1.000000000000000000 ) ) ;
#10883 = CARTESIAN_POINT ( 'NONE',  ( 110.2000000000000739, 72.05000000000005400, 6.349999999999999645 ) ) ;
#10884 = ADVANCED_FACE ( 'NONE', ( #2468 ), #6601, .F. ) ;
#10885 = CIRCLE ( 'NONE', #6123, 1.549999999999995826 ) ;
#10886 = ADVANCED_FACE ( 'NONE', ( #8209 ), #5779, .F. ) ;
#10887 = VERTEX_POINT ( 'NONE', #5717 ) ;
#10888 = CARTESIAN_POINT ( 'NONE',  ( 171.7500000000001137, -32.05000000000007532, 6.349999999999999645 ) ) ;
#10889 = EDGE_LOOP ( 'NONE', ( #2338, #7008, #9098, #10782 ) ) ;
#10890 = ORIENTED_EDGE ( 'NONE', *, *, #7469, .T. ) ;
#10891 = DIRECTION ( 'NONE',  ( -0.000000000000000000, -0.000000000000000000, -1.000000000000000000 ) ) ;
#10892 = DIRECTION ( 'NONE',  ( 0.000000000000000000, 0.000000000000000000, 1.000000000000000000 ) ) ;
#10893 = AXIS2_PLACEMENT_3D ( 'NONE', #6721, #1851, #8491 ) ;
#10894 = ORIENTED_EDGE ( 'NONE', *, *, #3655, .T. ) ;
#10895 = PLANE ( 'NONE',  #2406 ) ;
#10896 = CARTESIAN_POINT ( 'NONE',  ( 301.7500000000000000, 45.39999999999999858, 6.349999999999999645 ) ) ;
#10897 = ORIENTED_EDGE ( 'NONE', *, *, #6084, .F. ) ;
#10898 = CARTESIAN_POINT ( 'NONE',  ( 220.2000000000001307, -19.99999999999992184, 6.349999999999999645 ) ) ;
#10899 = PRODUCT ( 'baseplate', 'baseplate', '', ( #279 ) ) ;
#10900 = VECTOR ( 'NONE', #4086, 1000.000000000000000 ) ;
#10901 = ORIENTED_EDGE ( 'NONE', *, *, #649, .F. ) ;
#10902 = AXIS2_PLACEMENT_3D ( 'NONE', #6766, #5115, #8482 ) ;
#10903 = CARTESIAN_POINT ( 'NONE',  ( 80.20000000000008811, 32.05000000000005400, 6.349999999999999645 ) ) ;
#10904 = DIRECTION ( 'NONE',  ( -1.000000000000000000, 0.000000000000000000, 0.000000000000000000 ) ) ;
#10905 = ORIENTED_EDGE ( 'NONE', *, *, #10913, .F. ) ;
#10906 = ORIENTED_EDGE ( 'NONE', *, *, #3913, .T. ) ;
#10907 = VECTOR ( 'NONE', #5887, 1000.000000000000000 ) ;
#10908 = CARTESIAN_POINT ( 'NONE',  ( 190.2000000000001023, 20.00000000000000355, 6.349999999999999645 ) ) ;
#10909 = VECTOR ( 'NONE', #9319, 1000.000000000000000 ) ;
#10910 = ORIENTED_EDGE ( 'NONE', *, *, #10137, .F. ) ;
#10911 = DIRECTION ( 'NONE',  ( 1.000000000000000000, 3.469446951953620598E-16, -0.000000000000000000 ) ) ;
#10912 = CYLINDRICAL_SURFACE ( 'NONE', #7836, 1.549999999999995826 ) ;
#10913 = EDGE_CURVE ( 'NONE', #7394, #2207, #6667, .T. ) ;
#10914 = VECTOR ( 'NONE', #2619, 1000.000000000000000 ) ;
#10915 = CARTESIAN_POINT ( 'NONE',  ( 71.75000000000015632, -72.05000000000008242, 6.349999999999999645 ) ) ;
#10916 = AXIS2_PLACEMENT_3D ( 'NONE', #2321, #1431, #7134 ) ;
#10917 = DIRECTION ( 'NONE',  ( 1.000000000000000000, 6.938893903907227392E-16, -0.000000000000000000 ) ) ;
#10918 = VERTEX_POINT ( 'NONE', #9094 ) ;
#10919 = CARTESIAN_POINT ( 'NONE',  ( 153.3000000000000966, -32.05000000000007532, 6.349999999999999645 ) ) ;
#10920 = VERTEX_POINT ( 'NONE', #1628 ) ;
#10921 = DIRECTION ( 'NONE',  ( 0.000000000000000000, 0.000000000000000000, 1.000000000000000000 ) ) ;
#10922 = ORIENTED_EDGE ( 'NONE', *, *, #7453, .T. ) ;
#10923 = LINE ( 'NONE', #5057, #9138 ) ;
#10924 = ORIENTED_EDGE ( 'NONE', *, *, #192, .F. ) ;
#10925 = AXIS2_PLACEMENT_3D ( 'NONE', #7228, #6446, #4746 ) ;
#10926 = LINE ( 'NONE', #3356, #3679 ) ;
#10927 = LINE ( 'NONE', #10203, #936 ) ;
#10928 = ORIENTED_EDGE ( 'NONE', *, *, #6870, .T. ) ;
#10929 = EDGE_CURVE ( 'NONE', #1713, #4233, #4024, .T. ) ;
#10930 = EDGE_CURVE ( 'NONE', #1695, #4983, #5215, .T. ) ;
#10931 = VECTOR ( 'NONE', #8393, 1000.000000000000000 ) ;
#10932 = DIRECTION ( 'NONE',  ( -0.000000000000000000, -0.000000000000000000, -1.000000000000000000 ) ) ;
#10933 = DIRECTION ( 'NONE',  ( -0.000000000000000000, -0.000000000000000000, -1.000000000000000000 ) ) ;
#10934 = ORIENTED_EDGE ( 'NONE', *, *, #8854, .F. ) ;
#10935 = DIRECTION ( 'NONE',  ( -0.000000000000000000, -0.000000000000000000, -1.000000000000000000 ) ) ;
#10936 = ORIENTED_EDGE ( 'NONE', *, *, #7967, .T. ) ;
#10937 = DIRECTION ( 'NONE',  ( -0.000000000000000000, -0.000000000000000000, -1.000000000000000000 ) ) ;
#10938 = DIRECTION ( 'NONE',  ( 1.000000000000000000, 0.000000000000000000, 0.000000000000000000 ) ) ;
#10939 = CARTESIAN_POINT ( 'NONE',  ( 160.2000000000001307, -32.05000000000007532, 6.349999999999999645 ) ) ;
#10940 = EDGE_LOOP ( 'NONE', ( #6796, #2695, #8213, #2355 ) ) ;
#10941 = CARTESIAN_POINT ( 'NONE',  ( 80.20000000000013074, -32.05000000000007532, 6.349999999999999645 ) ) ;
#10942 = EDGE_CURVE ( 'NONE', #8524, #1583, #7384, .T. ) ;
#10943 = ADVANCED_FACE ( 'NONE', ( #9922 ), #7491, .F. ) ;
#10944 = CARTESIAN_POINT ( 'NONE',  ( 103.3000000000000682, 32.05000000000005400, 6.349999999999999645 ) ) ;
#10945 = DIRECTION ( 'NONE',  ( -1.000000000000000000, 0.000000000000000000, 0.000000000000000000 ) ) ;
#10946 = ORIENTED_EDGE ( 'NONE', *, *, #10435, .T. ) ;
#10947 = LINE ( 'NONE', #9224, #2946 ) ;
#10948 = ORIENTED_EDGE ( 'NONE', *, *, #9384, .F. ) ;
#10949 = ORIENTED_EDGE ( 'NONE', *, *, #1544, .T. ) ;
#10950 = CARTESIAN_POINT ( 'NONE',  ( 93.30000000000008242, -19.99999999999992184, 0.000000000000000000 ) ) ;
#10951 = CARTESIAN_POINT ( 'NONE',  ( 160.2000000000000739, 72.05000000000005400, 0.000000000000000000 ) ) ;
#10952 = VERTEX_POINT ( 'NONE', #9875 ) ;
#10953 = DIRECTION ( 'NONE',  ( 0.000000000000000000, 0.000000000000000000, 1.000000000000000000 ) ) ;
#10954 = CARTESIAN_POINT ( 'NONE',  ( 193.3000000000001251, -72.05000000000008242, 6.349999999999999645 ) ) ;
#10955 = ORIENTED_EDGE ( 'NONE', *, *, #9219, .T. ) ;
#10956 = LINE ( 'NONE', #9182, #7820 ) ;
#10957 = EDGE_CURVE ( 'NONE', #6405, #286, #7184, .T. ) ;
#10958 = EDGE_CURVE ( 'NONE', #690, #5632, #5598, .T. ) ;
#10959 = VERTEX_POINT ( 'NONE', #10093 ) ;
ENDSEC;
END-ISO-10303-21;
