ISO-10303-21;
HEADER;
FILE_DESCRIPTION (( 'STEP AP214' ),
    '1' );
FILE_NAME ('front_support.STEP',
    '2026-09-03T01:25:15',
    ( '' ),
    ( '' ),
    'SwSTEP 2.0',
    'SolidWorks 2025',
    '' );
FILE_SCHEMA (( 'AUTOMOTIVE_DESIGN' ));
ENDSEC;

DATA;
#1 = CARTESIAN_POINT ( 'NONE',  ( -4.972708278273390903, 9.350171532895551252, 2.960279896125139310 ) ) ;
#2 = EDGE_CURVE ( 'NONE', #407, #364, #183, .T. ) ;
#3 = EDGE_CURVE ( 'NONE', #555, #1528, #1772, .T. ) ;
#4 = VERTEX_POINT ( 'NONE', #465 ) ;
#5 = LINE ( 'NONE', #588, #51 ) ;
#6 = DIRECTION ( 'NONE',  ( 0.000000000000000000, 0.000000000000000000, 1.000000000000000000 ) ) ;
#7 = EDGE_LOOP ( 'NONE', ( #321, #596, #1048, #260 ) ) ;
#8 = ORIENTED_EDGE ( 'NONE', *, *, #1401, .F. ) ;
#9 = CARTESIAN_POINT ( 'NONE',  ( 37.91499999999999915, 6.349999999999999645, 12.69999999999999929 ) ) ;
#10 = VECTOR ( 'NONE', #267, 1000.000000000000000 ) ;
#11 = AXIS2_PLACEMENT_3D ( 'NONE', #1372, #1801, #1503 ) ;
#12 = EDGE_CURVE ( 'NONE', #1578, #742, #457, .T. ) ;
#13 = VECTOR ( 'NONE', #662, 1000.000000000000000 ) ;
#14 = ORIENTED_EDGE ( 'NONE', *, *, #817, .T. ) ;
#15 = DIRECTION ( 'NONE',  ( 0.000000000000000000, -1.000000000000000000, 0.000000000000000000 ) ) ;
#16 = DIRECTION ( 'NONE',  ( 0.000000000000000000, -0.000000000000000000, 1.000000000000000000 ) ) ;
#17 = ORIENTED_EDGE ( 'NONE', *, *, #1421, .T. ) ;
#18 = CIRCLE ( 'NONE', #1660, 1.000000000000000888 ) ;
#19 = EDGE_CURVE ( 'NONE', #1667, #1438, #1448, .T. ) ;
#20 = ORIENTED_EDGE ( 'NONE', *, *, #1758, .F. ) ;
#21 = CYLINDRICAL_SURFACE ( 'NONE', #866, 1.000000000000000888 ) ;
#22 = CARTESIAN_POINT ( 'NONE',  ( -0.3850000000000068923, 17.05017153289555765, 81.84999999999999432 ) ) ;
#23 = AXIS2_PLACEMENT_3D ( 'NONE', #731, #908, #6 ) ;
#24 = ORIENTED_EDGE ( 'NONE', *, *, #895, .F. ) ;
#25 = EDGE_CURVE ( 'NONE', #968, #586, #1637, .T. ) ;
#26 = CARTESIAN_POINT ( 'NONE',  ( 31.47975974657633813, 9.350171532895551252, 18.36000568451597559 ) ) ;
#27 = DIRECTION ( 'NONE',  ( -0.000000000000000000, 1.000000000000000000, -0.000000000000000000 ) ) ;
#28 = ORIENTED_EDGE ( 'NONE', *, *, #474, .T. ) ;
#29 = VERTEX_POINT ( 'NONE', #1038 ) ;
#30 = CIRCLE ( 'NONE', #916, 1.000000000000000888 ) ;
#31 = AXIS2_PLACEMENT_3D ( 'NONE', #551, #1573, #686 ) ;
#32 = DIRECTION ( 'NONE',  ( -0.000000000000000000, 1.000000000000000000, 0.000000000000000000 ) ) ;
#33 = DIRECTION ( 'NONE',  ( 0.000000000000000000, -0.000000000000000000, 1.000000000000000000 ) ) ;
#34 = DIRECTION ( 'NONE',  ( 0.000000000000000000, 0.000000000000000000, 1.000000000000000000 ) ) ;
#35 = ORIENTED_EDGE ( 'NONE', *, *, #736, .F. ) ;
#36 = CARTESIAN_POINT ( 'NONE',  ( 8.000000000000000000, 25.39999999999999858, 53.73892799446564084 ) ) ;
#37 = CARTESIAN_POINT ( 'NONE',  ( -10.00000000000000000, 9.350171532895551252, 69.84999999999999432 ) ) ;
#38 = DIRECTION ( 'NONE',  ( -0.000000000000000000, 1.000000000000000000, 0.000000000000000000 ) ) ;
#39 = ORIENTED_EDGE ( 'NONE', *, *, #1605, .F. ) ;
#40 = FACE_BOUND ( 'NONE', #988, .T. ) ;
#41 = CARTESIAN_POINT ( 'NONE',  ( 1.114999999999994440, 18.55017153289555765, 81.84999999999999432 ) ) ;
#42 = ORIENTED_EDGE ( 'NONE', *, *, #1427, .F. ) ;
#43 = CARTESIAN_POINT ( 'NONE',  ( 9.000000000000001776, 29.35017153289555125, 53.73892799446564084 ) ) ;
#44 = CIRCLE ( 'NONE', #1077, 10.00000000000000178 ) ;
#45 = AXIS2_PLACEMENT_3D ( 'NONE', #945, #1085, #1517 ) ;
#46 = VECTOR ( 'NONE', #1024, 1000.000000000000000 ) ;
#47 = CARTESIAN_POINT ( 'NONE',  ( 0.000000000000000000, 0.000000000000000000, 12.69999999999999929 ) ) ;
#48 = DIRECTION ( 'NONE',  ( 0.000000000000000000, 0.000000000000000000, 1.000000000000000000 ) ) ;
#49 = EDGE_LOOP ( 'NONE', ( #1399, #678 ) ) ;
#50 = DIRECTION ( 'NONE',  ( 0.000000000000000000, -0.000000000000000000, 1.000000000000000000 ) ) ;
#51 = VECTOR ( 'NONE', #1172, 1000.000000000000000 ) ;
#52 = DIRECTION ( 'NONE',  ( -1.000000000000000000, -1.734723475976806848E-16, 0.000000000000000000 ) ) ;
#53 = VERTEX_POINT ( 'NONE', #333 ) ;
#54 = VECTOR ( 'NONE', #899, 1000.000000000000000 ) ;
#55 = ADVANCED_FACE ( 'NONE', ( #602, #1612 ), #622, .F. ) ;
#56 = LINE ( 'NONE', #777, #1561 ) ;
#57 = EDGE_CURVE ( 'NONE', #1047, #1706, #1615, .T. ) ;
#58 = DIRECTION ( 'NONE',  ( -1.000000000000000000, 0.000000000000000000, 0.000000000000000000 ) ) ;
#59 = LINE ( 'NONE', #1220, #1621 ) ;
#60 = CARTESIAN_POINT ( 'NONE',  ( 20.25118303334195602, 9.350171532895551252, 47.89983617408243077 ) ) ;
#61 = LINE ( 'NONE', #774, #366 ) ;
#62 = EDGE_LOOP ( 'NONE', ( #619, #220, #1035, #583 ) ) ;
#63 = AXIS2_PLACEMENT_3D ( 'NONE', #1843, #1689, #377 ) ;
#64 = DIRECTION ( 'NONE',  ( 0.000000000000000000, 0.000000000000000000, 1.000000000000000000 ) ) ;
#65 = EDGE_CURVE ( 'NONE', #994, #454, #1693, .T. ) ;
#66 = EDGE_CURVE ( 'NONE', #1454, #71, #292, .T. ) ;
#67 = DIRECTION ( 'NONE',  ( 0.000000000000000000, -0.000000000000000000, 1.000000000000000000 ) ) ;
#68 = CARTESIAN_POINT ( 'NONE',  ( 5.558399957476295228, 25.39999999999999858, 9.458162843756230842 ) ) ;
#69 = PLANE ( 'NONE',  #45 ) ;
#70 = DIRECTION ( 'NONE',  ( 0.000000000000000000, 1.000000000000000000, 0.000000000000000000 ) ) ;
#71 = VERTEX_POINT ( 'NONE', #1484 ) ;
#72 = LINE ( 'NONE', #792, #989 ) ;
#73 = EDGE_CURVE ( 'NONE', #1889, #279, #1222, .T. ) ;
#74 = DIRECTION ( 'NONE',  ( -1.000000000000000000, 0.000000000000000000, 0.000000000000000000 ) ) ;
#75 = CARTESIAN_POINT ( 'NONE',  ( 33.22999999999998977, 9.350171532895551252, 53.73892799446564794 ) ) ;
#76 = AXIS2_PLACEMENT_3D ( 'NONE', #92, #1820, #519 ) ;
#77 = DIRECTION ( 'NONE',  ( -0.000000000000000000, 1.000000000000000000, -0.000000000000000000 ) ) ;
#78 = EDGE_CURVE ( 'NONE', #1132, #1581, #1214, .T. ) ;
#79 = ORIENTED_EDGE ( 'NONE', *, *, #1354, .F. ) ;
#80 = ORIENTED_EDGE ( 'NONE', *, *, #1367, .T. ) ;
#81 = EDGE_CURVE ( 'NONE', #724, #955, #1881, .T. ) ;
#82 = DIRECTION ( 'NONE',  ( 0.000000000000000000, 0.000000000000000000, -1.000000000000000000 ) ) ;
#83 = VECTOR ( 'NONE', #242, 1000.000000000000000 ) ;
#84 = CARTESIAN_POINT ( 'NONE',  ( 0.000000000000000000, 0.000000000000000000, 12.69999999999999929 ) ) ;
#85 = PLANE ( 'NONE',  #1756 ) ;
#86 = ADVANCED_FACE ( 'NONE', ( #755, #482 ), #1060, .F. ) ;
#87 = EDGE_CURVE ( 'NONE', #91, #623, #212, .T. ) ;
#88 = LINE ( 'NONE', #348, #1348 ) ;
#89 = CARTESIAN_POINT ( 'NONE',  ( 52.22999999999998977, 9.350171532895551252, 44.84999999999999432 ) ) ;
#90 = VERTEX_POINT ( 'NONE', #41 ) ;
#91 = VERTEX_POINT ( 'NONE', #1076 ) ;
#92 = CARTESIAN_POINT ( 'NONE',  ( 33.22999999999998977, 25.39999999999999858, 28.38671016643815292 ) ) ;
#93 = DIRECTION ( 'NONE',  ( 1.000000000000000000, 0.000000000000000000, 0.000000000000000000 ) ) ;
#94 = AXIS2_PLACEMENT_3D ( 'NONE', #1678, #815, #972 ) ;
#95 = DIRECTION ( 'NONE',  ( 1.000000000000000000, 0.000000000000000000, 0.000000000000000000 ) ) ;
#96 = DIRECTION ( 'NONE',  ( -0.000000000000000000, -0.000000000000000000, -1.000000000000000000 ) ) ;
#97 = FACE_OUTER_BOUND ( 'NONE', #1343, .T. ) ;
#98 = DIRECTION ( 'NONE',  ( -0.000000000000000000, 1.000000000000000000, 0.000000000000000000 ) ) ;
#99 = ORIENTED_EDGE ( 'NONE', *, *, #1806, .T. ) ;
#100 = ORIENTED_EDGE ( 'NONE', *, *, #73, .T. ) ;
#101 = FILL_AREA_STYLE ('',( #1256 ) ) ;
#102 = PRODUCT_CONTEXT ( 'NONE', #105, 'mechanical' ) ;
#103 = EDGE_CURVE ( 'NONE', #623, #1751, #346, .T. ) ;
#104 = VERTEX_POINT ( 'NONE', #790 ) ;
#105 = APPLICATION_CONTEXT ( 'automotive_design' ) ;
#106 = DIRECTION ( 'NONE',  ( -0.000000000000000000, -0.000000000000000000, -1.000000000000000000 ) ) ;
#107 = AXIS2_PLACEMENT_3D ( 'NONE', #1880, #577, #996 ) ;
#108 = VECTOR ( 'NONE', #1428, 1000.000000000000000 ) ;
#109 = VECTOR ( 'NONE', #510, 1000.000000000000000 ) ;
#110 = CARTESIAN_POINT ( 'NONE',  ( 1.114999999999994440, 15.55017153289555587, 69.84999999999999432 ) ) ;
#111 = DIRECTION ( 'NONE',  ( -1.000000000000000000, 0.000000000000000000, -0.000000000000000000 ) ) ;
#112 = EDGE_LOOP ( 'NONE', ( #1311, #1419, #1868, #660, #176 ) ) ;
#113 = EDGE_LOOP ( 'NONE', ( #284, #1549, #1054, #985 ) ) ;
#114 = CARTESIAN_POINT ( 'NONE',  ( 36.15283189245549522, 9.350171532895551252, 21.52197463640230524 ) ) ;
#115 = DIRECTION ( 'NONE',  ( 0.000000000000000000, 1.000000000000000000, 0.000000000000000000 ) ) ;
#116 = CIRCLE ( 'NONE', #691, 1.500000000000001332 ) ;
#117 = VERTEX_POINT ( 'NONE', #1228 ) ;
#118 = DIRECTION ( 'NONE',  ( 1.000000000000000000, 0.000000000000000000, 0.000000000000000000 ) ) ;
#119 = DIRECTION ( 'NONE',  ( -0.000000000000000000, -0.000000000000000000, -1.000000000000000000 ) ) ;
#120 = DIRECTION ( 'NONE',  ( 1.000000000000000000, 0.000000000000000000, 0.000000000000000000 ) ) ;
#121 = ORIENTED_EDGE ( 'NONE', *, *, #198, .T. ) ;
#122 = AXIS2_PLACEMENT_3D ( 'NONE', #1816, #1371, #1516 ) ;
#123 = VERTEX_POINT ( 'NONE', #939 ) ;
#124 = DIRECTION ( 'NONE',  ( 0.000000000000000000, 1.000000000000000000, 0.000000000000000000 ) ) ;
#125 = ADVANCED_FACE ( 'NONE', ( #1802 ), #1628, .F. ) ;
#126 = VECTOR ( 'NONE', #195, 1000.000000000000000 ) ;
#127 = ORIENTED_EDGE ( 'NONE', *, *, #145, .T. ) ;
#128 = VECTOR ( 'NONE', #1653, 1000.000000000000114 ) ;
#129 = LINE ( 'NONE', #696, #1764 ) ;
#130 = CARTESIAN_POINT ( 'NONE',  ( -0.7117171053173281248, 9.350171532895551252, 0.4375392110735979445 ) ) ;
#131 = CARTESIAN_POINT ( 'NONE',  ( 21.11499999999999488, 15.55017153289555942, 79.02499999999997726 ) ) ;
#132 = ORIENTED_EDGE ( 'NONE', *, *, #1622, .T. ) ;
#133 = ORIENTED_EDGE ( 'NONE', *, *, #978, .F. ) ;
#134 = CARTESIAN_POINT ( 'NONE',  ( 1.514999999999985913, 6.349999999999999645, 5.000000000000000000 ) ) ;
#135 = ORIENTED_EDGE ( 'NONE', *, *, #1483, .F. ) ;
#136 = DIRECTION ( 'NONE',  ( -0.000000000000000000, -0.000000000000000000, -1.000000000000000000 ) ) ;
#137 = FACE_OUTER_BOUND ( 'NONE', #1027, .T. ) ;
#138 = LINE ( 'NONE', #1548, #108 ) ;
#139 = ORIENTED_EDGE ( 'NONE', *, *, #1408, .T. ) ;
#140 = EDGE_LOOP ( 'NONE', ( #1433, #39, #8, #415 ) ) ;
#141 = CIRCLE ( 'NONE', #1869, 1.000000000000000888 ) ;
#142 = EDGE_CURVE ( 'NONE', #1303, #437, #30, .T. ) ;
#143 = CARTESIAN_POINT ( 'NONE',  ( 34.22999999999998977, 25.39999999999999858, 12.69999999999999929 ) ) ;
#144 = AXIS2_PLACEMENT_3D ( 'NONE', #1394, #513, #1535 ) ;
#145 = EDGE_CURVE ( 'NONE', #424, #159, #1004, .T. ) ;
#146 = ADVANCED_FACE ( 'NONE', ( #1203 ), #929, .F. ) ;
#147 = VERTEX_POINT ( 'NONE', #783 ) ;
#148 = CARTESIAN_POINT ( 'NONE',  ( 1.114999999999994440, 17.05017153289555765, 76.19999999999998863 ) ) ;
#149 = DIRECTION ( 'NONE',  ( -1.000000000000000000, 0.000000000000000000, -0.000000000000000000 ) ) ;
#150 = EDGE_CURVE ( 'NONE', #603, #71, #61, .T. ) ;
#151 = ORIENTED_EDGE ( 'NONE', *, *, #813, .T. ) ;
#152 = EDGE_CURVE ( 'NONE', #1129, #955, #1787, .T. ) ;
#153 = ORIENTED_EDGE ( 'NONE', *, *, #1427, .T. ) ;
#154 = DIRECTION ( 'NONE',  ( 0.000000000000000000, 0.000000000000000000, -1.000000000000000000 ) ) ;
#155 = VERTEX_POINT ( 'NONE', #508 ) ;
#156 = AXIS2_PLACEMENT_3D ( 'NONE', #1269, #370, #1101 ) ;
#157 = LINE ( 'NONE', #1197, #1690 ) ;
#158 = FACE_OUTER_BOUND ( 'NONE', #339, .T. ) ;
#159 = VERTEX_POINT ( 'NONE', #313 ) ;
#160 = ORIENTED_EDGE ( 'NONE', *, *, #667, .T. ) ;
#161 = EDGE_CURVE ( 'NONE', #1480, #1505, #1640, .T. ) ;
#162 = LINE ( 'NONE', #921, #1498 ) ;
#163 = EDGE_LOOP ( 'NONE', ( #1450, #1146, #1406, #1184 ) ) ;
#164 = FACE_OUTER_BOUND ( 'NONE', #1430, .T. ) ;
#165 = CYLINDRICAL_SURFACE ( 'NONE', #1140, 4.000000000000006217 ) ;
#166 = ORIENTED_EDGE ( 'NONE', *, *, #1016, .T. ) ;
#167 = VERTEX_POINT ( 'NONE', #228 ) ;
#168 = CARTESIAN_POINT ( 'NONE',  ( 13.85588472710830565, 25.39999999999999858, 61.85000000000000142 ) ) ;
#169 = VECTOR ( 'NONE', #27, 1000.000000000000000 ) ;
#170 = CIRCLE ( 'NONE', #411, 1.000000000000000888 ) ;
#171 = ORIENTED_EDGE ( 'NONE', *, *, #938, .T. ) ;
#172 = CARTESIAN_POINT ( 'NONE',  ( 25.69288984122472641, 25.39999999999999858, 28.49510548129667953 ) ) ;
#173 = DIRECTION ( 'NONE',  ( 1.734723475976806848E-16, -1.000000000000000000, 0.000000000000000000 ) ) ;
#174 = ORIENTED_EDGE ( 'NONE', *, *, #1415, .T. ) ;
#175 = CIRCLE ( 'NONE', #1233, 1.500000000000001332 ) ;
#176 = ORIENTED_EDGE ( 'NONE', *, *, #681, .F. ) ;
#177 = LINE ( 'NONE', #9, #502 ) ;
#178 = DIRECTION ( 'NONE',  ( -0.000000000000000000, 1.000000000000000000, 0.000000000000000000 ) ) ;
#179 = FACE_OUTER_BOUND ( 'NONE', #1314, .T. ) ;
#180 = ORIENTED_EDGE ( 'NONE', *, *, #1591, .T. ) ;
#181 = CARTESIAN_POINT ( 'NONE',  ( -10.00000000000000000, 25.39999999999999503, 54.84999999999999432 ) ) ;
#182 = PLANE ( 'NONE',  #1851 ) ;
#183 = LINE ( 'NONE', #1183, #719 ) ;
#184 = ORIENTED_EDGE ( 'NONE', *, *, #1565, .T. ) ;
#185 = AXIS2_PLACEMENT_3D ( 'NONE', #1237, #98, #234 ) ;
#186 = DIRECTION ( 'NONE',  ( 0.000000000000000000, -1.000000000000000000, 0.000000000000000000 ) ) ;
#187 = DIRECTION ( 'NONE',  ( 1.000000000000000000, 0.000000000000000000, 0.000000000000000000 ) ) ;
#188 = ORIENTED_EDGE ( 'NONE', *, *, #73, .F. ) ;
#189 = FACE_BOUND ( 'NONE', #1176, .T. ) ;
#190 = ORIENTED_EDGE ( 'NONE', *, *, #315, .F. ) ;
#191 = PLANE ( 'NONE',  #537 ) ;
#192 = DIRECTION ( 'NONE',  ( -0.000000000000000000, -0.000000000000000000, -1.000000000000000000 ) ) ;
#193 = ORIENTED_EDGE ( 'NONE', *, *, #1084, .T. ) ;
#194 = DIRECTION ( 'NONE',  ( 0.000000000000000000, 0.000000000000000000, 1.000000000000000000 ) ) ;
#195 = DIRECTION ( 'NONE',  ( -0.000000000000000000, 1.000000000000000000, -0.000000000000000000 ) ) ;
#196 = VERTEX_POINT ( 'NONE', #1673 ) ;
#197 = CARTESIAN_POINT ( 'NONE',  ( 42.22999999999998977, 0.000000000000000000, 0.000000000000000000 ) ) ;
#198 = EDGE_CURVE ( 'NONE', #1204, #1780, #1574, .T. ) ;
#199 = AXIS2_PLACEMENT_3D ( 'NONE', #1432, #557, #1861 ) ;
#200 = AXIS2_PLACEMENT_3D ( 'NONE', #534, #1118, #928 ) ;
#201 = CARTESIAN_POINT ( 'NONE',  ( 30.42984947599999401, 25.39999999999999858, 30.44766433594167410 ) ) ;
#202 = CARTESIAN_POINT ( 'NONE',  ( -10.00000000000000000, 25.39999999999999858, 69.84999999999999432 ) ) ;
#203 = EDGE_CURVE ( 'NONE', #700, #1366, #1243, .T. ) ;
#204 = DIRECTION ( 'NONE',  ( -0.000000000000000000, 1.000000000000000000, 0.000000000000000000 ) ) ;
#205 = VECTOR ( 'NONE', #15, 1000.000000000000000 ) ;
#206 = DIRECTION ( 'NONE',  ( 0.000000000000000000, 0.000000000000000000, 1.000000000000000000 ) ) ;
#207 = ORIENTED_EDGE ( 'NONE', *, *, #78, .T. ) ;
#208 = CIRCLE ( 'NONE', #849, 4.000000000000003553 ) ;
#209 = CARTESIAN_POINT ( 'NONE',  ( 28.37411527289168589, 29.35017153289555125, 60.84999999999999432 ) ) ;
#210 = CARTESIAN_POINT ( 'NONE',  ( 4.314999999999991509, 6.349999999999999645, 12.69999999999999929 ) ) ;
#211 = DIRECTION ( 'NONE',  ( 0.000000000000000000, 0.000000000000000000, -1.000000000000000000 ) ) ;
#212 = LINE ( 'NONE', #1365, #1729 ) ;
#213 = EDGE_LOOP ( 'NONE', ( #264, #909, #1878, #451 ) ) ;
#214 = CARTESIAN_POINT ( 'NONE',  ( 32.37073252022202041, 9.350171532895551252, 27.87518362930051907 ) ) ;
#215 = EDGE_CURVE ( 'NONE', #742, #1158, #1657, .T. ) ;
#216 = DIRECTION ( 'NONE',  ( 0.5038057642720050744, 0.000000000000000000, -0.8638169666580420847 ) ) ;
#217 = DIRECTION ( 'NONE',  ( 0.000000000000000000, 0.000000000000000000, 1.000000000000000000 ) ) ;
#218 = EDGE_CURVE ( 'NONE', #1119, #1382, #758, .T. ) ;
#219 = CARTESIAN_POINT ( 'NONE',  ( 24.71059414364093243, 25.39999999999999858, 41.79039014342406233 ) ) ;
#220 = ORIENTED_EDGE ( 'NONE', *, *, #474, .F. ) ;
#221 = ORIENTED_EDGE ( 'NONE', *, *, #476, .T. ) ;
#222 = DIRECTION ( 'NONE',  ( -0.000000000000000000, -0.000000000000000000, -1.000000000000000000 ) ) ;
#223 = EDGE_CURVE ( 'NONE', #1086, #1667, #856, .T. ) ;
#224 = AXIS2_PLACEMENT_3D ( 'NONE', #340, #1070, #1041 ) ;
#225 = LINE ( 'NONE', #201, #857 ) ;
#226 = DIRECTION ( 'NONE',  ( 0.000000000000000000, -1.000000000000000000, 0.000000000000000000 ) ) ;
#227 = DIRECTION ( 'NONE',  ( -1.000000000000000000, 0.000000000000000000, 0.000000000000000000 ) ) ;
#228 = CARTESIAN_POINT ( 'NONE',  ( 42.22999999999998977, 9.350171532895551252, 12.69999999999999574 ) ) ;
#229 = VERTEX_POINT ( 'NONE', #60 ) ;
#230 = ORIENTED_EDGE ( 'NONE', *, *, #1747, .T. ) ;
#231 = FACE_BOUND ( 'NONE', #1195, .T. ) ;
#232 = DIRECTION ( 'NONE',  ( 0.000000000000000000, -1.000000000000000000, 0.000000000000000000 ) ) ;
#233 = PLANE ( 'NONE',  #1652 ) ;
#234 = DIRECTION ( 'NONE',  ( 0.000000000000000000, 0.000000000000000000, 1.000000000000000000 ) ) ;
#235 = ORIENTED_EDGE ( 'NONE', *, *, #1864, .T. ) ;
#236 = ORIENTED_EDGE ( 'NONE', *, *, #1879, .T. ) ;
#237 = CARTESIAN_POINT ( 'NONE',  ( 21.97881696665804085, 25.39999999999999858, 34.65016382591755217 ) ) ;
#238 = CIRCLE ( 'NONE', #1368, 1.000000000000000888 ) ;
#239 = DIRECTION ( 'NONE',  ( -0.000000000000000000, 1.000000000000000000, -0.000000000000000000 ) ) ;
#240 = EDGE_LOOP ( 'NONE', ( #1818, #184, #1157, #752 ) ) ;
#241 = PLANE ( 'NONE',  #821 ) ;
#242 = DIRECTION ( 'NONE',  ( -0.000000000000000000, 1.000000000000000000, -0.000000000000000000 ) ) ;
#243 = FACE_OUTER_BOUND ( 'NONE', #1246, .T. ) ;
#244 = ORIENTED_EDGE ( 'NONE', *, *, #272, .F. ) ;
#245 = ORIENTED_EDGE ( 'NONE', *, *, #882, .F. ) ;
#246 = CARTESIAN_POINT ( 'NONE',  ( 9.000000000000001776, 25.39999999999999858, 53.73892799446564084 ) ) ;
#247 = CARTESIAN_POINT ( 'NONE',  ( 17.51940585635906444, 9.350171532895551252, 41.79039014342406233 ) ) ;
#248 = ORIENTED_EDGE ( 'NONE', *, *, #1882, .F. ) ;
#249 = DIRECTION ( 'NONE',  ( -0.8638169666580419737, 0.000000000000000000, -0.5038057642720050744 ) ) ;
#250 = CIRCLE ( 'NONE', #1109, 4.000000000000003553 ) ;
#251 = VECTOR ( 'NONE', #1306, 1000.000000000000000 ) ;
#252 = CARTESIAN_POINT ( 'NONE',  ( 32.37810640157967867, 25.39999999999999858, 54.26264289493200010 ) ) ;
#253 = CARTESIAN_POINT ( 'NONE',  ( 36.71499999999999631, 6.349999999999999645, 5.000000000000000000 ) ) ;
#254 = ORIENTED_EDGE ( 'NONE', *, *, #1216, .T. ) ;
#255 = ORIENTED_EDGE ( 'NONE', *, *, #725, .T. ) ;
#256 = EDGE_CURVE ( 'NONE', #1158, #364, #1388, .T. ) ;
#257 = CARTESIAN_POINT ( 'NONE',  ( 21.11499999999999488, 25.39999999999999858, 35.14635806164555021 ) ) ;
#258 = CARTESIAN_POINT ( 'NONE',  ( 21.11499999999999488, 9.350171532895551252, 34.14635806164555021 ) ) ;
#259 = VECTOR ( 'NONE', #1682, 1000.000000000000000 ) ;
#260 = ORIENTED_EDGE ( 'NONE', *, *, #1090, .F. ) ;
#261 = CARTESIAN_POINT ( 'NONE',  ( 21.11499999999999488, 15.55017153289555942, 79.02499999999997726 ) ) ;
#262 = LINE ( 'NONE', #1274, #1148 ) ;
#263 = FACE_OUTER_BOUND ( 'NONE', #1769, .T. ) ;
#264 = ORIENTED_EDGE ( 'NONE', *, *, #280, .F. ) ;
#265 = AXIS2_PLACEMENT_3D ( 'NONE', #379, #1065, #642 ) ;
#266 = ORIENTED_EDGE ( 'NONE', *, *, #1084, .F. ) ;
#267 = DIRECTION ( 'NONE',  ( 0.5115265371376337411, 0.000000000000000000, -0.8592674797779682461 ) ) ;
#268 = VECTOR ( 'NONE', #1840, 1000.000000000000000 ) ;
#269 = EDGE_LOOP ( 'NONE', ( #1803, #1585, #1107, #1147 ) ) ;
#270 = VECTOR ( 'NONE', #705, 1000.000000000000000 ) ;
#271 = CARTESIAN_POINT ( 'NONE',  ( 13.85588472710830032, 29.35017153289555125, 20.69999999999999218 ) ) ;
#272 = EDGE_CURVE ( 'NONE', #1780, #1719, #782, .T. ) ;
#273 = DIRECTION ( 'NONE',  ( 1.000000000000000000, 1.734723475976806848E-16, 0.000000000000000000 ) ) ;
#274 = EDGE_CURVE ( 'NONE', #776, #1528, #514, .T. ) ;
#275 = DIRECTION ( 'NONE',  ( 0.000000000000000000, 1.000000000000000000, 0.000000000000000000 ) ) ;
#276 = ORIENTED_EDGE ( 'NONE', *, *, #142, .T. ) ;
#277 = ORIENTED_EDGE ( 'NONE', *, *, #680, .T. ) ;
#278 = DIRECTION ( 'NONE',  ( -1.000000000000000000, 0.000000000000000000, 0.000000000000000000 ) ) ;
#279 = VERTEX_POINT ( 'NONE', #498 ) ;
#280 = EDGE_CURVE ( 'NONE', #1132, #1485, #789, .T. ) ;
#281 = EDGE_CURVE ( 'NONE', #419, #1609, #1110, .T. ) ;
#282 = FACE_OUTER_BOUND ( 'NONE', #1460, .T. ) ;
#283 = CARTESIAN_POINT ( 'NONE',  ( 9.859267479777969356, 9.350171532895551252, 27.87518362930050486 ) ) ;
#284 = ORIENTED_EDGE ( 'NONE', *, *, #1507, .T. ) ;
#285 = ORIENTED_EDGE ( 'NONE', *, *, #1161, .F. ) ;
#286 = AXIS2_PLACEMENT_3D ( 'NONE', #1486, #1194, #34 ) ;
#287 = VECTOR ( 'NONE', #275, 1000.000000000000000 ) ;
#288 = FACE_OUTER_BOUND ( 'NONE', #383, .T. ) ;
#289 = CIRCLE ( 'NONE', #594, 1.000000000000000888 ) ;
#290 = EDGE_LOOP ( 'NONE', ( #42, #525, #1418, #1264 ) ) ;
#291 = VECTOR ( 'NONE', #1567, 1000.000000000000000 ) ;
#292 = CIRCLE ( 'NONE', #1597, 1.200000000000000622 ) ;
#293 = DIRECTION ( 'NONE',  ( -1.000000000000000000, 0.000000000000000000, 0.000000000000000000 ) ) ;
#294 = DIRECTION ( 'NONE',  ( 0.000000000000000000, -1.000000000000000000, 0.000000000000000000 ) ) ;
#295 = ORIENTED_EDGE ( 'NONE', *, *, #150, .F. ) ;
#296 = ORIENTED_EDGE ( 'NONE', *, *, #1545, .T. ) ;
#297 = CARTESIAN_POINT ( 'NONE',  ( 22.76499999999999346, 15.55017153289555942, 79.02499999999997726 ) ) ;
#298 = VECTOR ( 'NONE', #173, 1000.000000000000000 ) ;
#299 = EDGE_CURVE ( 'NONE', #117, #1352, #1245, .T. ) ;
#300 = ORIENTED_EDGE ( 'NONE', *, *, #681, .T. ) ;
#301 =( GEOMETRIC_REPRESENTATION_CONTEXT ( 3 ) GLOBAL_UNCERTAINTY_ASSIGNED_CONTEXT ( ( #438 ) ) GLOBAL_UNIT_ASSIGNED_CONTEXT ( ( #961, #825, #970 ) ) REPRESENTATION_CONTEXT ( 'NONE', 'WORKASPACE' ) );
#302 = DIRECTION ( 'NONE',  ( 1.000000000000000000, 0.000000000000000000, 0.000000000000000000 ) ) ;
#303 = FACE_OUTER_BOUND ( 'NONE', #1594, .T. ) ;
#304 = VERTEX_POINT ( 'NONE', #1253 ) ;
#305 = ORIENTED_EDGE ( 'NONE', *, *, #341, .T. ) ;
#306 = CARTESIAN_POINT ( 'NONE',  ( 16.66751225793875690, 29.35017153289555125, 41.26667524295769596 ) ) ;
#307 = ORIENTED_EDGE ( 'NONE', *, *, #152, .T. ) ;
#308 = DIRECTION ( 'NONE',  ( -1.000000000000000000, 0.000000000000000000, 0.000000000000000000 ) ) ;
#309 = DIRECTION ( 'NONE',  ( 0.000000000000000000, 0.000000000000000000, 1.000000000000000000 ) ) ;
#310 = ORIENTED_EDGE ( 'NONE', *, *, #1012, .T. ) ;
#311 = ORIENTED_EDGE ( 'NONE', *, *, #25, .F. ) ;
#312 = FACE_BOUND ( 'NONE', #1022, .T. ) ;
#313 = CARTESIAN_POINT ( 'NONE',  ( 35.51500000000000057, 6.349999999999999645, 12.69999999999999929 ) ) ;
#314 = CIRCLE ( 'NONE', #1805, 1.000000000000000888 ) ;
#315 = EDGE_CURVE ( 'NONE', #1578, #196, #966, .T. ) ;
#316 = LINE ( 'NONE', #1387, #528 ) ;
#317 = AXIS2_PLACEMENT_3D ( 'NONE', #246, #824, #82 ) ;
#318 = ORIENTED_EDGE ( 'NONE', *, *, #330, .T. ) ;
#319 = DIRECTION ( 'NONE',  ( 0.000000000000000000, 0.000000000000000000, -1.000000000000000000 ) ) ;
#320 = DIRECTION ( 'NONE',  ( 0.000000000000000000, 0.000000000000000000, -1.000000000000000000 ) ) ;
#321 = ORIENTED_EDGE ( 'NONE', *, *, #936, .F. ) ;
#322 = VECTOR ( 'NONE', #533, 1000.000000000000000 ) ;
#323 = VERTEX_POINT ( 'NONE', #1537 ) ;
#324 = CARTESIAN_POINT ( 'NONE',  ( 0.000000000000000000, 25.39999999999999858, 12.69999999999999929 ) ) ;
#325 = DIRECTION ( 'NONE',  ( -0.000000000000000000, -0.000000000000000000, -1.000000000000000000 ) ) ;
#326 = ORIENTED_EDGE ( 'NONE', *, *, #640, .F. ) ;
#327 = AXIS2_PLACEMENT_3D ( 'NONE', #468, #1512, #1051 ) ;
#328 = CARTESIAN_POINT ( 'NONE',  ( 1.114999999999994440, 17.05017153289555765, 81.84999999999999432 ) ) ;
#329 = ORIENTED_EDGE ( 'NONE', *, *, #1346, .F. ) ;
#330 = EDGE_CURVE ( 'NONE', #881, #1454, #1396, .T. ) ;
#331 = CARTESIAN_POINT ( 'NONE',  ( 20.25118303334195957, 25.39999999999999858, 47.89983617408243077 ) ) ;
#332 = CYLINDRICAL_SURFACE ( 'NONE', #1379, 1.000000000000000888 ) ;
#333 = CARTESIAN_POINT ( 'NONE',  ( 21.97881696665803730, 9.350171532895551252, 34.65016382591755217 ) ) ;
#334 = ADVANCED_FACE ( 'NONE', ( #677 ), #650, .F. ) ;
#335 = ORIENTED_EDGE ( 'NONE', *, *, #814, .F. ) ;
#336 = CARTESIAN_POINT ( 'NONE',  ( 0.000000000000000000, 9.350171532895551252, 12.69999999999999574 ) ) ;
#337 = EDGE_CURVE ( 'NONE', #1279, #1058, #837, .T. ) ;
#338 = CARTESIAN_POINT ( 'NONE',  ( 5.514999999999991687, 6.349999999999999645, 5.000000000000000000 ) ) ;
#339 = EDGE_LOOP ( 'NONE', ( #578, #1830, #1558, #1570 ) ) ;
#340 = CARTESIAN_POINT ( 'NONE',  ( 41.11500000000000199, 17.05017153289556475, 81.84999999999999432 ) ) ;
#341 = EDGE_CURVE ( 'NONE', #1613, #407, #1258, .T. ) ;
#342 = ADVANCED_FACE ( 'NONE', ( #1227 ), #69, .T. ) ;
#343 = LINE ( 'NONE', #1361, #1095 ) ;
#344 = DIRECTION ( 'NONE',  ( 0.000000000000000000, 0.000000000000000000, -1.000000000000000000 ) ) ;
#345 = DIRECTION ( 'NONE',  ( -0.000000000000000000, -0.000000000000000000, -1.000000000000000000 ) ) ;
#346 = LINE ( 'NONE', #1658, #126 ) ;
#347 = VERTEX_POINT ( 'NONE', #219 ) ;
#348 = CARTESIAN_POINT ( 'NONE',  ( 0.000000000000000000, 9.350171532895551252, 12.69999999999999574 ) ) ;
#349 = CIRCLE ( 'NONE', #1257, 1.000000000000000888 ) ;
#350 = VECTOR ( 'NONE', #345, 1000.000000000000000 ) ;
#351 = AXIS2_PLACEMENT_3D ( 'NONE', #1541, #1804, #653 ) ;
#352 = LINE ( 'NONE', #1370, #886 ) ;
#353 = CARTESIAN_POINT ( 'NONE',  ( 24.70322026228327061, 9.350171532895551252, 40.75514870582007632 ) ) ;
#354 = EDGE_CURVE ( 'NONE', #155, #905, #796, .T. ) ;
#355 = DIRECTION ( 'NONE',  ( -0.000000000000000000, 1.000000000000000000, 0.000000000000000000 ) ) ;
#356 = VECTOR ( 'NONE', #504, 1000.000000000000000 ) ;
#357 = CARTESIAN_POINT ( 'NONE',  ( 13.85588472710830565, 9.350171532895551252, 60.84999999999998721 ) ) ;
#358 = VERTEX_POINT ( 'NONE', #1302 ) ;
#359 = FACE_OUTER_BOUND ( 'NONE', #393, .T. ) ;
#360 = VECTOR ( 'NONE', #1654, 1000.000000000000000 ) ;
#361 = DIRECTION ( 'NONE',  ( -0.000000000000000000, -0.000000000000000000, -1.000000000000000000 ) ) ;
#362 = LINE ( 'NONE', #68, #543 ) ;
#363 = CARTESIAN_POINT ( 'NONE',  ( 32.37073252022202041, 25.39999999999999858, 27.87518362930051907 ) ) ;
#364 = VERTEX_POINT ( 'NONE', #392 ) ;
#365 = ORIENTED_EDGE ( 'NONE', *, *, #1356, .F. ) ;
#366 = VECTOR ( 'NONE', #645, 1000.000000000000000 ) ;
#367 = ADVANCED_FACE ( 'NONE', ( #707 ), #565, .F. ) ;
#368 = AXIS2_PLACEMENT_3D ( 'NONE', #779, #1799, #1499 ) ;
#369 = DIRECTION ( 'NONE',  ( -0.000000000000000000, 1.000000000000000000, -0.000000000000000000 ) ) ;
#370 = DIRECTION ( 'NONE',  ( 0.000000000000000000, -1.000000000000000000, 0.000000000000000000 ) ) ;
#371 = PLANE ( 'NONE',  #917 ) ;
#372 = CARTESIAN_POINT ( 'NONE',  ( 9.859267479777965804, 25.39999999999999858, 27.87518362930050486 ) ) ;
#373 = DIRECTION ( 'NONE',  ( 0.000000000000000000, 0.000000000000000000, 1.000000000000000000 ) ) ;
#374 = EDGE_LOOP ( 'NONE', ( #1740, #1757, #746, #483 ) ) ;
#375 = ORIENTED_EDGE ( 'NONE', *, *, #1879, .F. ) ;
#376 = DIRECTION ( 'NONE',  ( -0.000000000000000000, -1.000000000000000000, -0.000000000000000000 ) ) ;
#377 = DIRECTION ( 'NONE',  ( -0.5237149004663624874, 0.000000000000000000, 0.8518935984203120926 ) ) ;
#378 = DIRECTION ( 'NONE',  ( 0.000000000000000000, -1.000000000000000000, 0.000000000000000000 ) ) ;
#379 = CARTESIAN_POINT ( 'NONE',  ( 21.11499999999999488, 25.55017153289555765, 79.02499999999997726 ) ) ;
#380 = STYLED_ITEM ( 'NONE', ( #1232 ), #807 ) ;
#381 = CARTESIAN_POINT ( 'NONE',  ( 13.85588472710830032, 9.350171532895551252, 20.69999999999999218 ) ) ;
#382 = CARTESIAN_POINT ( 'NONE',  ( 9.000000000000001776, 9.350171532895551252, 53.73892799446564084 ) ) ;
#383 = EDGE_LOOP ( 'NONE', ( #977, #375, #956, #310 ) ) ;
#384 = ORIENTED_EDGE ( 'NONE', *, *, #1224, .T. ) ;
#385 = DIRECTION ( 'NONE',  ( 0.000000000000000000, 0.000000000000000000, -1.000000000000000000 ) ) ;
#386 = VECTOR ( 'NONE', #187, 1000.000000000000000 ) ;
#387 = CARTESIAN_POINT ( 'NONE',  ( 1.114999999999994440, 17.05017153289555765, 81.84999999999999432 ) ) ;
#388 = ORIENTED_EDGE ( 'NONE', *, *, #1533, .T. ) ;
#389 = EDGE_CURVE ( 'NONE', #905, #1128, #529, .T. ) ;
#390 = FACE_OUTER_BOUND ( 'NONE', #1042, .T. ) ;
#391 = DIRECTION ( 'NONE',  ( -0.5115265371376337411, 0.000000000000000000, 0.8592674797779682461 ) ) ;
#392 = CARTESIAN_POINT ( 'NONE',  ( 42.22999999999998977, 25.39999999999999858, 0.000000000000000000 ) ) ;
#393 = EDGE_LOOP ( 'NONE', ( #1674, #509, #1464, #1290 ) ) ;
#394 = EDGE_LOOP ( 'NONE', ( #166, #188, #430, #425, #1398, #652, #305, #1300 ) ) ;
#395 = EDGE_CURVE ( 'NONE', #1279, #1780, #433, .T. ) ;
#396 = CARTESIAN_POINT ( 'NONE',  ( 8.000000000000000000, 9.350171532895551252, 53.73892799446564084 ) ) ;
#397 = VECTOR ( 'NONE', #378, 1000.000000000000000 ) ;
#398 = ORIENTED_EDGE ( 'NONE', *, *, #1424, .F. ) ;
#399 = CARTESIAN_POINT ( 'NONE',  ( 28.37411527289168589, 25.39999999999999858, 61.85000000000000142 ) ) ;
#400 = ADVANCED_FACE ( 'NONE', ( #1010, #574 ), #1275, .T. ) ;
#401 = ADVANCED_FACE ( 'NONE', ( #861 ), #1437, .F. ) ;
#402 = CARTESIAN_POINT ( 'NONE',  ( 12.99206776045026146, 9.350171532895551252, 60.34619423572797814 ) ) ;
#403 = CARTESIAN_POINT ( 'NONE',  ( 21.11499999999999488, 29.35017153289555125, 35.14635806164555021 ) ) ;
#404 = ORIENTED_EDGE ( 'NONE', *, *, #57, .F. ) ;
#405 = ORIENTED_EDGE ( 'NONE', *, *, #1231, .T. ) ;
#406 = CARTESIAN_POINT ( 'NONE',  ( 52.22999999999998977, 25.39999999999999858, 69.84999999999999432 ) ) ;
#407 = VERTEX_POINT ( 'NONE', #1887 ) ;
#408 = PLANE ( 'NONE',  #1670 ) ;
#409 = CIRCLE ( 'NONE', #898, 1.000000000000000888 ) ;
#410 = EDGE_CURVE ( 'NONE', #940, #1374, #1263, .T. ) ;
#411 = AXIS2_PLACEMENT_3D ( 'NONE', #584, #1726, #1580 ) ;
#412 = CARTESIAN_POINT ( 'NONE',  ( 42.22999999999998977, 9.350171532895551252, 44.84999999999999432 ) ) ;
#413 = DIRECTION ( 'NONE',  ( 1.000000000000000000, 0.000000000000000000, 0.000000000000000000 ) ) ;
#414 = ORIENTED_EDGE ( 'NONE', *, *, #540, .F. ) ;
#415 = ORIENTED_EDGE ( 'NONE', *, *, #389, .F. ) ;
#416 = DIRECTION ( 'NONE',  ( 0.000000000000000000, -1.000000000000000000, 0.000000000000000000 ) ) ;
#417 = VECTOR ( 'NONE', #119, 1000.000000000000000 ) ;
#418 = ADVANCED_FACE ( 'NONE', ( #263 ), #842, .T. ) ;
#419 = VERTEX_POINT ( 'NONE', #283 ) ;
#420 = ADVANCED_FACE ( 'NONE', ( #870, #423 ), #1000, .F. ) ;
#421 = LINE ( 'NONE', #1403, #1127 ) ;
#422 = CARTESIAN_POINT ( 'NONE',  ( 35.95683825789414811, 9.350171532895551252, 20.97118148698565321 ) ) ;
#423 = FACE_BOUND ( 'NONE', #112, .T. ) ;
#424 = VERTEX_POINT ( 'NONE', #974 ) ;
#425 = ORIENTED_EDGE ( 'NONE', *, *, #1152, .F. ) ;
#426 = LINE ( 'NONE', #134, #1530 ) ;
#427 = EDGE_CURVE ( 'NONE', #1667, #4, #138, .T. ) ;
#428 = ADVANCED_FACE ( 'NONE', ( #243 ), #698, .F. ) ;
#429 = AXIS2_PLACEMENT_3D ( 'NONE', #1373, #637, #1212 ) ;
#430 = ORIENTED_EDGE ( 'NONE', *, *, #475, .T. ) ;
#431 = DIRECTION ( 'NONE',  ( -0.000000000000000000, -0.000000000000000000, 1.000000000000000000 ) ) ;
#432 = LINE ( 'NONE', #130, #1081 ) ;
#433 = LINE ( 'NONE', #1444, #1589 ) ;
#434 = ORIENTED_EDGE ( 'NONE', *, *, #1540, .T. ) ;
#435 = ORIENTED_EDGE ( 'NONE', *, *, #671, .T. ) ;
#436 = DIRECTION ( 'NONE',  ( 0.000000000000000000, -1.000000000000000000, 0.000000000000000000 ) ) ;
#437 = VERTEX_POINT ( 'NONE', #1294 ) ;
#438 = UNCERTAINTY_MEASURE_WITH_UNIT (LENGTH_MEASURE( 1.000000000000000082E-05 ), #961, 'distance_accuracy_value', 'NONE');
#439 = CARTESIAN_POINT ( 'NONE',  ( 41.11500000000000199, 15.55017153289556298, 69.84999999999999432 ) ) ;
#440 = CARTESIAN_POINT ( 'NONE',  ( 22.76499999999999346, 25.55017153289555765, 79.02499999999997726 ) ) ;
#441 = PRODUCT ( 'front_support', 'front_support', '', ( #102 ) ) ;
#442 = ORIENTED_EDGE ( 'NONE', *, *, #1152, .T. ) ;
#443 = ORIENTED_EDGE ( 'NONE', *, *, #1677, .T. ) ;
#444 = AXIS2_PLACEMENT_3D ( 'NONE', #1723, #1876, #1584 ) ;
#445 = DIRECTION ( 'NONE',  ( 0.000000000000000000, 0.000000000000000000, 1.000000000000000000 ) ) ;
#446 = VERTEX_POINT ( 'NONE', #830 ) ;
#447 = CLOSED_SHELL ( 'NONE', ( #1702, #1236, #486, #1555, #1455, #1463, #541, #367, #1308, #1099, #1071, #1648, #334, #420, #1207, #485, #1798, #1546, #828, #1691, #86, #527, #400, #1008, #55, #904, #1774, #1153, #401, #418, #753, #1884, #585, #342, #616, #1768, #867, #1479, #693, #1344, #599, #146, #1295, #532, #558, #1481, #125, #1217, #1833, #1063, #1563, #428, #1489, #1123, #597, #1150, #655 ) ) ;
#448 = DIRECTION ( 'NONE',  ( -0.000000000000000000, -0.000000000000000000, -1.000000000000000000 ) ) ;
#449 = CARTESIAN_POINT ( 'NONE',  ( 36.71499999999999631, 6.349999999999999645, 5.000000000000000000 ) ) ;
#450 = ORIENTED_EDGE ( 'NONE', *, *, #1755, .T. ) ;
#451 = ORIENTED_EDGE ( 'NONE', *, *, #1741, .T. ) ;
#452 = DIRECTION ( 'NONE',  ( 0.000000000000000000, 0.000000000000000000, 1.000000000000000000 ) ) ;
#453 = AXIS2_PLACEMENT_3D ( 'NONE', #1037, #1189, #749 ) ;
#454 = VERTEX_POINT ( 'NONE', #1858 ) ;
#455 = CARTESIAN_POINT ( 'NONE',  ( 40.71500000000000341, 6.350000000000000533, 5.000000000000000000 ) ) ;
#456 = DIRECTION ( 'NONE',  ( 1.000000000000000000, 0.000000000000000000, 0.000000000000000000 ) ) ;
#457 = LINE ( 'NONE', #1339, #1532 ) ;
#458 = EDGE_CURVE ( 'NONE', #1485, #915, #1289, .T. ) ;
#459 = ORIENTED_EDGE ( 'NONE', *, *, #1823, .T. ) ;
#460 = DIRECTION ( 'NONE',  ( -0.000000000000000000, 1.000000000000000000, -0.000000000000000000 ) ) ;
#461 = DIRECTION ( 'NONE',  ( 1.000000000000000000, 0.000000000000000000, 0.000000000000000000 ) ) ;
#462 = ORIENTED_EDGE ( 'NONE', *, *, #1665, .T. ) ;
#463 = CARTESIAN_POINT ( 'NONE',  ( 0.000000000000000000, 29.35017153289555125, 61.84999999999999432 ) ) ;
#464 = DIRECTION ( 'NONE',  ( 0.000000000000000000, 1.000000000000000000, 0.000000000000000000 ) ) ;
#465 = CARTESIAN_POINT ( 'NONE',  ( 9.000000000000001776, 25.39999999999999858, 54.73892799446564084 ) ) ;
#466 = ORIENTED_EDGE ( 'NONE', *, *, #550, .T. ) ;
#467 = FACE_BOUND ( 'NONE', #1122, .T. ) ;
#468 = CARTESIAN_POINT ( 'NONE',  ( 28.37411527289168589, 9.350171532895551252, 60.84999999999999432 ) ) ;
#469 = EDGE_LOOP ( 'NONE', ( #1461, #1151, #100, #590, #190, #1604 ) ) ;
#470 = AXIS2_PLACEMENT_3D ( 'NONE', #1568, #739, #1173 ) ;
#471 = FACE_OUTER_BOUND ( 'NONE', #1320, .T. ) ;
#472 = CIRCLE ( 'NONE', #959, 1.649999999999998579 ) ;
#473 = ORIENTED_EDGE ( 'NONE', *, *, #1688, .T. ) ;
#474 = EDGE_CURVE ( 'NONE', #358, #1239, #1870, .T. ) ;
#475 = EDGE_CURVE ( 'NONE', #1889, #1488, #1046, .T. ) ;
#476 = EDGE_CURVE ( 'NONE', #1239, #358, #1525, .T. ) ;
#477 = CARTESIAN_POINT ( 'NONE',  ( 9.000000000000001776, 29.35017153289555125, 28.38671016643813871 ) ) ;
#478 = CYLINDRICAL_SURFACE ( 'NONE', #1716, 1.000000000000000888 ) ;
#479 = DIRECTION ( 'NONE',  ( 1.000000000000000000, 0.000000000000000000, 0.000000000000000000 ) ) ;
#480 = EDGE_LOOP ( 'NONE', ( #174, #1187, #1626, #913 ) ) ;
#481 = FACE_OUTER_BOUND ( 'NONE', #891, .T. ) ;
#482 = FACE_OUTER_BOUND ( 'NONE', #1098, .T. ) ;
#483 = ORIENTED_EDGE ( 'NONE', *, *, #299, .T. ) ;
#484 = DIRECTION ( 'NONE',  ( -1.000000000000000000, 0.000000000000000000, 0.000000000000000000 ) ) ;
#485 = ADVANCED_FACE ( 'NONE', ( #303 ), #1750, .F. ) ;
#486 = ADVANCED_FACE ( 'NONE', ( #1318 ), #478, .F. ) ;
#487 = CARTESIAN_POINT ( 'NONE',  ( 41.11500000000000199, 17.05017153289556475, 69.84999999999999432 ) ) ;
#488 = CARTESIAN_POINT ( 'NONE',  ( 34.22999999999998977, 9.350171532895551252, 53.73892799446564794 ) ) ;
#489 = CIRCLE ( 'NONE', #1543, 1.649999999999998579 ) ;
#490 = ORIENTED_EDGE ( 'NONE', *, *, #1259, .F. ) ;
#491 = CARTESIAN_POINT ( 'NONE',  ( -10.00000000000000000, 25.39999999999999503, 54.84999999999999432 ) ) ;
#492 = CARTESIAN_POINT ( 'NONE',  ( 36.71499999999999631, 6.349999999999999645, 12.69999999999999929 ) ) ;
#493 = ORIENTED_EDGE ( 'NONE', *, *, #337, .F. ) ;
#494 = DIRECTION ( 'NONE',  ( 0.000000000000000000, 0.000000000000000000, 1.000000000000000000 ) ) ;
#495 = EDGE_CURVE ( 'NONE', #984, #1889, #1624, .T. ) ;
#496 = DIRECTION ( 'NONE',  ( 0.000000000000000000, 0.000000000000000000, 1.000000000000000000 ) ) ;
#497 = DIRECTION ( 'NONE',  ( -0.8518935984203123146, 0.000000000000000000, 0.5237149004663621543 ) ) ;
#498 = CARTESIAN_POINT ( 'NONE',  ( 0.000000000000000000, 25.39999999999999858, 0.000000000000000000 ) ) ;
#499 = CARTESIAN_POINT ( 'NONE',  ( 5.514999999999991687, 6.349999999999999645, 5.000000000000000000 ) ) ;
#500 = ORIENTED_EDGE ( 'NONE', *, *, #12, .T. ) ;
#501 = SURFACE_STYLE_FILL_AREA ( #101 ) ;
#502 = VECTOR ( 'NONE', #1482, 1000.000000000000000 ) ;
#503 = CIRCLE ( 'NONE', #1111, 1.000000000000000888 ) ;
#504 = DIRECTION ( 'NONE',  ( -0.000000000000000000, -0.000000000000000000, -1.000000000000000000 ) ) ;
#505 = CARTESIAN_POINT ( 'NONE',  ( 29.23793223954973541, 29.35017153289555125, 22.20380576427200126 ) ) ;
#506 = DIRECTION ( 'NONE',  ( -0.000000000000000000, 0.000000000000000000, 1.000000000000000000 ) ) ;
#507 = VECTOR ( 'NONE', #1317, 1000.000000000000114 ) ;
#508 = CARTESIAN_POINT ( 'NONE',  ( 21.11499999999999488, 9.350171532895551252, 35.14635806164555021 ) ) ;
#509 = ORIENTED_EDGE ( 'NONE', *, *, #1297, .F. ) ;
#510 = DIRECTION ( 'NONE',  ( 0.000000000000000000, -1.000000000000000000, 0.000000000000000000 ) ) ;
#511 = CARTESIAN_POINT ( 'NONE',  ( 33.22999999999998977, 25.39999999999999858, 54.73892799446564794 ) ) ;
#512 = DIRECTION ( 'NONE',  ( 0.000000000000000000, 1.000000000000000000, 0.000000000000000000 ) ) ;
#513 = DIRECTION ( 'NONE',  ( 0.8638169666580419737, 0.000000000000000000, -0.5038057642720050744 ) ) ;
#514 = LINE ( 'NONE', #363, #517 ) ;
#515 = ORIENTED_EDGE ( 'NONE', *, *, #814, .T. ) ;
#516 = VERTEX_POINT ( 'NONE', #37 ) ;
#517 = VECTOR ( 'NONE', #1810, 1000.000000000000000 ) ;
#518 = AXIS2_PLACEMENT_3D ( 'NONE', #1292, #1413, #1544 ) ;
#519 = DIRECTION ( 'NONE',  ( 0.000000000000000000, 0.000000000000000000, -1.000000000000000000 ) ) ;
#520 = DIRECTION ( 'NONE',  ( 0.000000000000000000, 0.000000000000000000, 1.000000000000000000 ) ) ;
#521 = FACE_OUTER_BOUND ( 'NONE', #213, .T. ) ;
#522 = DIRECTION ( 'NONE',  ( 0.000000000000000000, -1.000000000000000000, 0.000000000000000000 ) ) ;
#523 = DIRECTION ( 'NONE',  ( -0.000000000000000000, -0.000000000000000000, -1.000000000000000000 ) ) ;
#524 = EDGE_LOOP ( 'NONE', ( #1715, #1223, #890, #14 ) ) ;
#525 = ORIENTED_EDGE ( 'NONE', *, *, #818, .T. ) ;
#526 =( NAMED_UNIT ( * ) SI_UNIT ( $, .STERADIAN. ) SOLID_ANGLE_UNIT ( ) );
#527 = ADVANCED_FACE ( 'NONE', ( #158 ), #1021, .F. ) ;
#528 = VECTOR ( 'NONE', #1778, 1000.000000000000000 ) ;
#529 = CIRCLE ( 'NONE', #684, 1.000000000000000888 ) ;
#530 = CYLINDRICAL_SURFACE ( 'NONE', #31, 4.000000000000006217 ) ;
#531 = CARTESIAN_POINT ( 'NONE',  ( 42.22999999999998977, 0.000000000000000000, 12.69999999999999929 ) ) ;
#532 = ADVANCED_FACE ( 'NONE', ( #1031 ), #332, .F. ) ;
#533 = DIRECTION ( 'NONE',  ( -0.000000000000000000, -1.000000000000000000, -0.000000000000000000 ) ) ;
#534 = CARTESIAN_POINT ( 'NONE',  ( 0.000000000000000000, 0.000000000000000000, 12.69999999999999929 ) ) ;
#535 = VERTEX_POINT ( 'NONE', #1459 ) ;
#536 = VERTEX_POINT ( 'NONE', #919 ) ;
#537 = AXIS2_PLACEMENT_3D ( 'NONE', #47, #1241, #67 ) ;
#538 =( NAMED_UNIT ( * ) PLANE_ANGLE_UNIT ( ) SI_UNIT ( $, .RADIAN. ) );
#539 = AXIS2_PLACEMENT_3D ( 'NONE', #1332, #1068, #1776 ) ;
#540 = EDGE_CURVE ( 'NONE', #1751, #1859, #409, .T. ) ;
#541 = ADVANCED_FACE ( 'NONE', ( #771 ), #165, .F. ) ;
#542 = ORIENTED_EDGE ( 'NONE', *, *, #3, .F. ) ;
#543 = VECTOR ( 'NONE', #1209, 1000.000000000000114 ) ;
#544 = FACE_BOUND ( 'NONE', #1742, .T. ) ;
#545 = DIRECTION ( 'NONE',  ( 0.000000000000000000, -1.000000000000000000, 0.000000000000000000 ) ) ;
#546 = CARTESIAN_POINT ( 'NONE',  ( 5.514999999999991687, 6.349999999999999645, 5.000000000000000000 ) ) ;
#547 = ORIENTED_EDGE ( 'NONE', *, *, #1605, .T. ) ;
#548 = ORIENTED_EDGE ( 'NONE', *, *, #1632, .F. ) ;
#549 = CARTESIAN_POINT ( 'NONE',  ( 28.37411527289168589, 25.39999999999999858, 60.84999999999999432 ) ) ;
#550 = EDGE_CURVE ( 'NONE', #91, #776, #314, .T. ) ;
#551 = CARTESIAN_POINT ( 'NONE',  ( 5.514999999999991687, 6.349999999999999645, 5.000000000000000000 ) ) ;
#552 = CARTESIAN_POINT ( 'NONE',  ( 52.22999999999998977, 9.350171532895551252, 54.84999999999999432 ) ) ;
#553 = CARTESIAN_POINT ( 'NONE',  ( -10.00000000000000000, 25.39999999999999858, 44.84999999999999432 ) ) ;
#554 = ORIENTED_EDGE ( 'NONE', *, *, #1259, .T. ) ;
#555 = VERTEX_POINT ( 'NONE', #889 ) ;
#556 = EDGE_CURVE ( 'NONE', #1581, #915, #1468, .T. ) ;
#557 = DIRECTION ( 'NONE',  ( -0.000000000000000000, -0.000000000000000000, -1.000000000000000000 ) ) ;
#558 = ADVANCED_FACE ( 'NONE', ( #1182 ), #1760, .F. ) ;
#559 = ORIENTED_EDGE ( 'NONE', *, *, #875, .T. ) ;
#560 = CARTESIAN_POINT ( 'NONE',  ( 13.85588472710830565, 25.39999999999999858, 60.84999999999998721 ) ) ;
#561 = AXIS2_PLACEMENT_3D ( 'NONE', #1139, #445, #1717 ) ;
#562 = AXIS2_PLACEMENT_3D ( 'NONE', #131, #1849, #120 ) ;
#563 = VECTOR ( 'NONE', #1362, 1000.000000000000000 ) ;
#564 = LINE ( 'NONE', #1117, #83 ) ;
#565 = CYLINDRICAL_SURFACE ( 'NONE', #1351, 1.200000000000000622 ) ;
#566 = EDGE_CURVE ( 'NONE', #71, #1454, #1326, .T. ) ;
#567 = ORIENTED_EDGE ( 'NONE', *, *, #57, .T. ) ;
#568 = ORIENTED_EDGE ( 'NONE', *, *, #1287, .F. ) ;
#569 = DIRECTION ( 'NONE',  ( -0.000000000000000000, 0.000000000000000000, -1.000000000000000000 ) ) ;
#570 = VECTOR ( 'NONE', #273, 1000.000000000000000 ) ;
#571 = ORIENTED_EDGE ( 'NONE', *, *, #566, .F. ) ;
#572 = LINE ( 'NONE', #1007, #1335 ) ;
#573 = DIRECTION ( 'NONE',  ( 0.000000000000000000, -1.000000000000000000, 0.000000000000000000 ) ) ;
#574 = FACE_OUTER_BOUND ( 'NONE', #826, .T. ) ;
#575 = ORIENTED_EDGE ( 'NONE', *, *, #1408, .F. ) ;
#576 = ORIENTED_EDGE ( 'NONE', *, *, #1766, .F. ) ;
#577 = DIRECTION ( 'NONE',  ( 0.000000000000000000, 0.000000000000000000, -1.000000000000000000 ) ) ;
#578 = ORIENTED_EDGE ( 'NONE', *, *, #1502, .F. ) ;
#579 = VECTOR ( 'NONE', #431, 1000.000000000000000 ) ;
#580 = LINE ( 'NONE', #26, #507 ) ;
#581 = CARTESIAN_POINT ( 'NONE',  ( 21.11499999999999488, 25.39999999999999858, 34.14635806164555021 ) ) ;
#582 = ORIENTED_EDGE ( 'NONE', *, *, #751, .F. ) ;
#583 = ORIENTED_EDGE ( 'NONE', *, *, #65, .T. ) ;
#584 = CARTESIAN_POINT ( 'NONE',  ( 33.22999999999998977, 9.350171532895551252, 53.73892799446564794 ) ) ;
#585 = ADVANCED_FACE ( 'NONE', ( #1602 ), #1328, .T. ) ;
#586 = VERTEX_POINT ( 'NONE', #879 ) ;
#587 = UNCERTAINTY_MEASURE_WITH_UNIT (LENGTH_MEASURE( 1.000000000000000082E-05 ), #1551, 'distance_accuracy_value', 'NONE');
#588 = CARTESIAN_POINT ( 'NONE',  ( -0.3850000000000068923, 17.05017153289555765, 76.19999999999998863 ) ) ;
#589 = FACE_OUTER_BOUND ( 'NONE', #1753, .T. ) ;
#590 = ORIENTED_EDGE ( 'NONE', *, *, #810, .T. ) ;
#591 = ORIENTED_EDGE ( 'NONE', *, *, #1134, .F. ) ;
#592 = VECTOR ( 'NONE', #773, 1000.000000000000000 ) ;
#593 = VECTOR ( 'NONE', #523, 1000.000000000000000 ) ;
#594 = AXIS2_PLACEMENT_3D ( 'NONE', #1400, #1391, #1088 ) ;
#595 = CARTESIAN_POINT ( 'NONE',  ( 28.37411527289168589, 29.35017153289555125, 61.84999999999999432 ) ) ;
#596 = ORIENTED_EDGE ( 'NONE', *, *, #1231, .F. ) ;
#597 = ADVANCED_FACE ( 'NONE', ( #589 ), #611, .F. ) ;
#598 = VECTOR ( 'NONE', #1082, 1000.000000000000000 ) ;
#599 = ADVANCED_FACE ( 'NONE', ( #1045 ), #182, .F. ) ;
#600 = CARTESIAN_POINT ( 'NONE',  ( 1.114999999999994440, 17.05017153289555765, 81.84999999999999432 ) ) ;
#601 = DIRECTION ( 'NONE',  ( 0.000000000000000000, -1.000000000000000000, 0.000000000000000000 ) ) ;
#602 = FACE_BOUND ( 'NONE', #1518, .T. ) ;
#603 = VERTEX_POINT ( 'NONE', #210 ) ;
#604 = FACE_BOUND ( 'NONE', #784, .T. ) ;
#605 = VECTOR ( 'NONE', #232, 1000.000000000000000 ) ;
#606 = DIRECTION ( 'NONE',  ( 0.000000000000000000, 0.000000000000000000, -1.000000000000000000 ) ) ;
#607 = EDGE_LOOP ( 'NONE', ( #993, #1773, #1213, #811 ) ) ;
#608 = VECTOR ( 'NONE', #1380, 1000.000000000000000 ) ;
#609 = CIRCLE ( 'NONE', #1005, 1.199999999999999734 ) ;
#610 = FACE_OUTER_BOUND ( 'NONE', #1113, .T. ) ;
#611 = CYLINDRICAL_SURFACE ( 'NONE', #785, 1.000000000000000888 ) ;
#612 = ORIENTED_EDGE ( 'NONE', *, *, #395, .F. ) ;
#613 = ORIENTED_EDGE ( 'NONE', *, *, #540, .T. ) ;
#614 = LINE ( 'NONE', #595, #1618 ) ;
#615 = DIRECTION ( 'NONE',  ( 1.000000000000000000, 0.000000000000000000, 0.000000000000000000 ) ) ;
#616 = ADVANCED_FACE ( 'NONE', ( #1662 ), #85, .T. ) ;
#617 = DIRECTION ( 'NONE',  ( 0.000000000000000000, 0.000000000000000000, 1.000000000000000000 ) ) ;
#618 = EDGE_CURVE ( 'NONE', #437, #724, #634, .T. ) ;
#619 = ORIENTED_EDGE ( 'NONE', *, *, #1622, .F. ) ;
#620 = CARTESIAN_POINT ( 'NONE',  ( 0.000000000000000000, 9.350171532895551252, 12.69999999999999574 ) ) ;
#621 = DIRECTION ( 'NONE',  ( 0.000000000000000000, 0.000000000000000000, -1.000000000000000000 ) ) ;
#622 = PLANE ( 'NONE',  #1026 ) ;
#623 = VERTEX_POINT ( 'NONE', #488 ) ;
#624 = EDGE_CURVE ( 'NONE', #1785, #1204, #1827, .T. ) ;
#625 = CARTESIAN_POINT ( 'NONE',  ( 19.46499999999999631, 18.55017153289556120, 79.02499999999997726 ) ) ;
#626 = EDGE_CURVE ( 'NONE', #555, #737, #787, .T. ) ;
#627 = DIRECTION ( 'NONE',  ( 0.000000000000000000, 0.000000000000000000, 1.000000000000000000 ) ) ;
#628 = CIRCLE ( 'NONE', #1018, 1.200000000000000622 ) ;
#629 = ORIENTED_EDGE ( 'NONE', *, *, #1397, .T. ) ;
#630 = CARTESIAN_POINT ( 'NONE',  ( 36.71499999999999631, 6.349999999999999645, 0.000000000000000000 ) ) ;
#631 = VECTOR ( 'NONE', #124, 1000.000000000000000 ) ;
#632 = AXIS2_PLACEMENT_3D ( 'NONE', #463, #1030, #1610 ) ;
#633 = LINE ( 'NONE', #1790, #1116 ) ;
#634 = LINE ( 'NONE', #816, #1029 ) ;
#635 = ORIENTED_EDGE ( 'NONE', *, *, #223, .T. ) ;
#636 = CYLINDRICAL_SURFACE ( 'NONE', #1043, 1.000000000000000888 ) ;
#637 = DIRECTION ( 'NONE',  ( 1.000000000000000000, 0.000000000000000000, 0.000000000000000000 ) ) ;
#638 = ORIENTED_EDGE ( 'NONE', *, *, #1397, .F. ) ;
#639 = CARTESIAN_POINT ( 'NONE',  ( 9.514999999999998792, 6.350000000000000533, 5.000000000000000000 ) ) ;
#640 = EDGE_CURVE ( 'NONE', #536, #1422, #208, .T. ) ;
#641 = CARTESIAN_POINT ( 'NONE',  ( 32.71499999999999631, 6.349999999999999645, 5.000000000000000000 ) ) ;
#642 = DIRECTION ( 'NONE',  ( 1.000000000000000000, 0.000000000000000000, 0.000000000000000000 ) ) ;
#643 = AXIS2_PLACEMENT_3D ( 'NONE', #1552, #115, #1091 ) ;
#644 = CARTESIAN_POINT ( 'NONE',  ( 1.114999999999994440, 15.55017153289555587, 76.19999999999998863 ) ) ;
#645 = DIRECTION ( 'NONE',  ( -0.000000000000000000, -0.000000000000000000, -1.000000000000000000 ) ) ;
#646 = ORIENTED_EDGE ( 'NONE', *, *, #673, .F. ) ;
#647 = FACE_OUTER_BOUND ( 'NONE', #607, .T. ) ;
#648 = DIRECTION ( 'NONE',  ( 1.000000000000000000, 0.000000000000000000, 0.000000000000000000 ) ) ;
#649 = DIRECTION ( 'NONE',  ( 0.000000000000000000, 0.000000000000000000, -1.000000000000000000 ) ) ;
#650 = PLANE ( 'NONE',  #200 ) ;
#651 = CARTESIAN_POINT ( 'NONE',  ( -4.445667335735672410, 9.350171532895551252, 2.592855797269894680 ) ) ;
#652 = ORIENTED_EDGE ( 'NONE', *, *, #1779, .F. ) ;
#653 = DIRECTION ( 'NONE',  ( 0.000000000000000000, 0.000000000000000000, -1.000000000000000000 ) ) ;
#654 = VECTOR ( 'NONE', #1420, 1000.000000000000000 ) ;
#655 = ADVANCED_FACE ( 'NONE', ( #521 ), #1500, .F. ) ;
#656 = FACE_OUTER_BOUND ( 'NONE', #865, .T. ) ;
#657 = FACE_OUTER_BOUND ( 'NONE', #1470, .T. ) ;
#658 = CARTESIAN_POINT ( 'NONE',  ( 6.714999999999992752, 6.349999999999999645, 12.69999999999999929 ) ) ;
#659 = VECTOR ( 'NONE', #1163, 1000.000000000000000 ) ;
#660 = ORIENTED_EDGE ( 'NONE', *, *, #880, .F. ) ;
#661 = ORIENTED_EDGE ( 'NONE', *, *, #1806, .F. ) ;
#662 = DIRECTION ( 'NONE',  ( -0.000000000000000000, 1.000000000000000000, -0.000000000000000000 ) ) ;
#663 = DIRECTION ( 'NONE',  ( -0.000000000000000000, -1.000000000000000000, -0.000000000000000000 ) ) ;
#664 = DIRECTION ( 'NONE',  ( 1.000000000000000000, 0.000000000000000000, 0.000000000000000000 ) ) ;
#665 = CARTESIAN_POINT ( 'NONE',  ( 25.56248774206123997, 25.39999999999999858, 41.26667524295770306 ) ) ;
#666 = CARTESIAN_POINT ( 'NONE',  ( 9.000000000000001776, 9.350171532895551252, 28.38671016643813871 ) ) ;
#667 = EDGE_CURVE ( 'NONE', #863, #623, #1599, .T. ) ;
#668 = ORIENTED_EDGE ( 'NONE', *, *, #1741, .F. ) ;
#669 = EDGE_LOOP ( 'NONE', ( #1852, #318, #571, #295 ) ) ;
#670 = AXIS2_PLACEMENT_3D ( 'NONE', #912, #70, #1472 ) ;
#671 = EDGE_CURVE ( 'NONE', #446, #690, #1363, .T. ) ;
#672 = DIRECTION ( 'NONE',  ( 0.000000000000000000, 0.000000000000000000, 1.000000000000000000 ) ) ;
#673 = EDGE_CURVE ( 'NONE', #1324, #1128, #362, .T. ) ;
#674 = DIRECTION ( 'NONE',  ( -0.000000000000000000, -0.000000000000000000, 1.000000000000000000 ) ) ;
#675 = CARTESIAN_POINT ( 'NONE',  ( 17.52677973771672271, 25.39999999999999858, 40.75514870582006921 ) ) ;
#676 = CARTESIAN_POINT ( 'NONE',  ( 1.114999999999994440, 18.55017153289555765, 81.84999999999999432 ) ) ;
#677 = FACE_OUTER_BOUND ( 'NONE', #469, .T. ) ;
#678 = ORIENTED_EDGE ( 'NONE', *, *, #1268, .F. ) ;
#679 = ORIENTED_EDGE ( 'NONE', *, *, #995, .F. ) ;
#680 = EDGE_CURVE ( 'NONE', #1324, #123, #1663, .T. ) ;
#681 = EDGE_CURVE ( 'NONE', #29, #1352, #695, .T. ) ;
#682 = LINE ( 'NONE', #694, #1577 ) ;
#683 = AXIS2_PLACEMENT_3D ( 'NONE', #324, #745, #911 ) ;
#684 = AXIS2_PLACEMENT_3D ( 'NONE', #581, #1405, #1145 ) ;
#685 = ORIENTED_EDGE ( 'NONE', *, *, #152, .F. ) ;
#686 = DIRECTION ( 'NONE',  ( -1.000000000000000000, 0.000000000000000000, 0.000000000000000000 ) ) ;
#687 = DIRECTION ( 'NONE',  ( -0.000000000000000000, 1.000000000000000000, -0.000000000000000000 ) ) ;
#688 = CARTESIAN_POINT ( 'NONE',  ( 0.000000000000000000, 0.000000000000000000, 69.84999999999999432 ) ) ;
#689 = VERTEX_POINT ( 'NONE', #926 ) ;
#690 = VERTEX_POINT ( 'NONE', #806 ) ;
#691 = AXIS2_PLACEMENT_3D ( 'NONE', #487, #520, #648 ) ;
#692 = DIRECTION ( 'NONE',  ( 1.000000000000000000, 1.734723475976806848E-16, 0.000000000000000000 ) ) ;
#693 = ADVANCED_FACE ( 'NONE', ( #657 ), #964, .F. ) ;
#694 = CARTESIAN_POINT ( 'NONE',  ( 13.85588472710830565, 29.35017153289555125, 61.84999999999999432 ) ) ;
#695 = CIRCLE ( 'NONE', #1809, 1.500000000000001332 ) ;
#696 = CARTESIAN_POINT ( 'NONE',  ( 52.22999999999998977, 25.39999999999999858, 69.84999999999999432 ) ) ;
#697 = DIRECTION ( 'NONE',  ( -1.000000000000000000, -0.000000000000000000, -0.000000000000000000 ) ) ;
#698 = CYLINDRICAL_SURFACE ( 'NONE', #802, 1.000000000000000888 ) ;
#699 = ORIENTED_EDGE ( 'NONE', *, *, #1067, .F. ) ;
#700 = VERTEX_POINT ( 'NONE', #1093 ) ;
#701 = CARTESIAN_POINT ( 'NONE',  ( 6.714999999999992752, 6.349999999999999645, 12.69999999999999929 ) ) ;
#702 = AXIS2_PLACEMENT_3D ( 'NONE', #387, #1835, #93 ) ;
#703 = ORIENTED_EDGE ( 'NONE', *, *, #949, .T. ) ;
#704 = EDGE_CURVE ( 'NONE', #516, #1374, #1646, .T. ) ;
#705 = DIRECTION ( 'NONE',  ( -1.000000000000000000, -1.734723475976806848E-16, -0.000000000000000000 ) ) ;
#706 = LINE ( 'NONE', #1865, #417 ) ;
#707 = FACE_OUTER_BOUND ( 'NONE', #669, .T. ) ;
#708 = EDGE_LOOP ( 'NONE', ( #567, #1137, #1166, #848 ) ) ;
#709 = ORIENTED_EDGE ( 'NONE', *, *, #952, .F. ) ;
#710 = DIRECTION ( 'NONE',  ( 1.734723475976806848E-16, -1.000000000000000000, 0.000000000000000000 ) ) ;
#711 = EDGE_LOOP ( 'NONE', ( #946, #923, #980, #1298 ) ) ;
#712 = LINE ( 'NONE', #859, #270 ) ;
#713 = AXIS2_PLACEMENT_3D ( 'NONE', #1003, #569, #1560 ) ;
#714 = LINE ( 'NONE', #412, #322 ) ;
#715 = CARTESIAN_POINT ( 'NONE',  ( 13.85588472710830565, 29.35017153289555125, 60.84999999999998721 ) ) ;
#716 = ORIENTED_EDGE ( 'NONE', *, *, #667, .F. ) ;
#717 = VERTEX_POINT ( 'NONE', #1226 ) ;
#718 = CARTESIAN_POINT ( 'NONE',  ( 52.22999999999998977, 9.350171532895551252, 69.84999999999999432 ) ) ;
#719 = VECTOR ( 'NONE', #1784, 1000.000000000000000 ) ;
#720 = ORIENTED_EDGE ( 'NONE', *, *, #1882, .T. ) ;
#721 = FACE_OUTER_BOUND ( 'NONE', #708, .T. ) ;
#722 = DIRECTION ( 'NONE',  ( 1.000000000000000000, 0.000000000000000000, 0.000000000000000000 ) ) ;
#723 = VERTEX_POINT ( 'NONE', #372 ) ;
#724 = VERTEX_POINT ( 'NONE', #1523 ) ;
#725 = EDGE_CURVE ( 'NONE', #1719, #1785, #1230, .T. ) ;
#726 = CARTESIAN_POINT ( 'NONE',  ( 29.23793223954973897, 9.350171532895551252, 60.34619423572799235 ) ) ;
#727 = CIRCLE ( 'NONE', #518, 1.000000000000000888 ) ;
#728 = ORIENTED_EDGE ( 'NONE', *, *, #458, .F. ) ;
#729 = EDGE_CURVE ( 'NONE', #723, #419, #780, .T. ) ;
#730 = DIRECTION ( 'NONE',  ( 0.000000000000000000, -1.000000000000000000, 0.000000000000000000 ) ) ;
#731 = CARTESIAN_POINT ( 'NONE',  ( 21.11499999999999488, 29.35017153289555125, 34.14635806164555021 ) ) ;
#732 = ORIENTED_EDGE ( 'NONE', *, *, #1424, .T. ) ;
#733 = ORIENTED_EDGE ( 'NONE', *, *, #495, .F. ) ;
#734 = FACE_BOUND ( 'NONE', #1271, .T. ) ;
#735 = EDGE_CURVE ( 'NONE', #90, #147, #59, .T. ) ;
#736 = EDGE_CURVE ( 'NONE', #323, #1119, #1837, .T. ) ;
#737 = VERTEX_POINT ( 'NONE', #1115 ) ;
#738 = CYLINDRICAL_SURFACE ( 'NONE', #1025, 1.000000000000000888 ) ;
#739 = DIRECTION ( 'NONE',  ( -0.000000000000000000, 0.000000000000000000, -1.000000000000000000 ) ) ;
#740 = AXIS2_PLACEMENT_3D ( 'NONE', #449, #1636, #897 ) ;
#741 = ORIENTED_EDGE ( 'NONE', *, *, #198, .F. ) ;
#742 = VERTEX_POINT ( 'NONE', #531 ) ;
#743 = AXIS2_PLACEMENT_3D ( 'NONE', #1828, #903, #1104 ) ;
#744 = MECHANICAL_DESIGN_GEOMETRIC_PRESENTATION_REPRESENTATION (  '', ( #380 ), #868 ) ;
#745 = DIRECTION ( 'NONE',  ( 0.000000000000000000, -1.000000000000000000, 0.000000000000000000 ) ) ;
#746 = ORIENTED_EDGE ( 'NONE', *, *, #1421, .F. ) ;
#747 = AXIS2_PLACEMENT_3D ( 'NONE', #148, #1467, #308 ) ;
#748 = CARTESIAN_POINT ( 'NONE',  ( 36.71499999999999631, 6.349999999999999645, 5.000000000000000000 ) ) ;
#749 = DIRECTION ( 'NONE',  ( 0.5115265371376340742, 0.000000000000000000, 0.8592674797779680240 ) ) ;
#750 = CARTESIAN_POINT ( 'NONE',  ( 1.114999999999994440, 15.55017153289555587, 76.19999999999998863 ) ) ;
#751 = EDGE_CURVE ( 'NONE', #853, #1785, #1676, .T. ) ;
#752 = ORIENTED_EDGE ( 'NONE', *, *, #1216, .F. ) ;
#753 = ADVANCED_FACE ( 'NONE', ( #359 ), #1514, .F. ) ;
#754 = FACE_OUTER_BOUND ( 'NONE', #394, .T. ) ;
#755 = FACE_BOUND ( 'NONE', #1596, .T. ) ;
#756 = FACE_BOUND ( 'NONE', #1883, .T. ) ;
#757 = ORIENTED_EDGE ( 'NONE', *, *, #161, .F. ) ;
#758 = CIRCLE ( 'NONE', #1669, 1.000000000000000888 ) ;
#759 = EDGE_CURVE ( 'NONE', #4, #1505, #803, .T. ) ;
#760 = CIRCLE ( 'NONE', #702, 1.500000000000001332 ) ;
#761 = CYLINDRICAL_SURFACE ( 'NONE', #1752, 4.000000000000003553 ) ;
#762 = CARTESIAN_POINT ( 'NONE',  ( 0.000000000000000000, 25.39999999999999503, 44.84999999999999432 ) ) ;
#763 = CARTESIAN_POINT ( 'NONE',  ( 30.57069778870176080, 25.39999999999999858, 30.89890027931286554 ) ) ;
#764 = ORIENTED_EDGE ( 'NONE', *, *, #1160, .F. ) ;
#765 = CARTESIAN_POINT ( 'NONE',  ( 52.22999999999998977, 9.350171532895551252, 69.84999999999999432 ) ) ;
#766 = CARTESIAN_POINT ( 'NONE',  ( 0.000000000000000000, 25.39999999999999858, 12.69999999999999929 ) ) ;
#767 = ORIENTED_EDGE ( 'NONE', *, *, #1758, .T. ) ;
#768 = CARTESIAN_POINT ( 'NONE',  ( 33.22999999999998977, 29.35017153289555125, 53.73892799446564794 ) ) ;
#769 = ORIENTED_EDGE ( 'NONE', *, *, #704, .T. ) ;
#770 = CYLINDRICAL_SURFACE ( 'NONE', #1506, 1.000000000000000888 ) ;
#771 = FACE_OUTER_BOUND ( 'NONE', #1777, .T. ) ;
#772 = ORIENTED_EDGE ( 'NONE', *, *, #218, .T. ) ;
#773 = DIRECTION ( 'NONE',  ( 0.000000000000000000, -1.000000000000000000, 0.000000000000000000 ) ) ;
#774 = CARTESIAN_POINT ( 'NONE',  ( 4.314999999999991509, 6.349999999999999645, 12.69999999999999929 ) ) ;
#775 = CIRCLE ( 'NONE', #107, 1.199999999999999734 ) ;
#776 = VERTEX_POINT ( 'NONE', #214 ) ;
#777 = CARTESIAN_POINT ( 'NONE',  ( 8.000000000000000000, 25.39999999999999858, 28.38671016643813871 ) ) ;
#778 = VECTOR ( 'NONE', #687, 1000.000000000000000 ) ;
#779 = CARTESIAN_POINT ( 'NONE',  ( 21.11499999999999488, 9.350171532895551252, 34.14635806164555021 ) ) ;
#780 = LINE ( 'NONE', #1386, #563 ) ;
#781 = VECTOR ( 'NONE', #1469, 1000.000000000000227 ) ;
#782 = LINE ( 'NONE', #809, #1334 ) ;
#783 = CARTESIAN_POINT ( 'NONE',  ( 1.114999999999994440, 18.55017153289555765, 69.84999999999999432 ) ) ;
#784 = EDGE_LOOP ( 'NONE', ( #679, #1032, #329, #703, #160, #1358, #466 ) ) ;
#785 = AXIS2_PLACEMENT_3D ( 'NONE', #1771, #464, #1338 ) ;
#786 = LINE ( 'NONE', #1349, #1642 ) ;
#787 = LINE ( 'NONE', #353, #605 ) ;
#788 = CIRCLE ( 'NONE', #368, 1.000000000000000888 ) ;
#789 = LINE ( 'NONE', #1096, #1410 ) ;
#790 = CARTESIAN_POINT ( 'NONE',  ( -10.00000000000000000, 9.350171532895551252, 54.84999999999999432 ) ) ;
#791 = ORIENTED_EDGE ( 'NONE', *, *, #949, .F. ) ;
#792 = CARTESIAN_POINT ( 'NONE',  ( 0.000000000000000000, 0.000000000000000000, 0.000000000000000000 ) ) ;
#793 = EDGE_CURVE ( 'NONE', #304, #347, #1520, .T. ) ;
#794 = DIRECTION ( 'NONE',  ( 0.000000000000000000, -1.000000000000000000, 0.000000000000000000 ) ) ;
#795 = DIRECTION ( 'NONE',  ( 1.000000000000000000, 0.000000000000000000, 0.000000000000000000 ) ) ;
#796 = LINE ( 'NONE', #403, #287 ) ;
#797 = EDGE_CURVE ( 'NONE', #1528, #1296, #1562, .T. ) ;
#798 = EDGE_LOOP ( 'NONE', ( #1174, #24 ) ) ;
#799 = ORIENTED_EDGE ( 'NONE', *, *, #1603, .F. ) ;
#800 = DIRECTION ( 'NONE',  ( -1.000000000000000000, 0.000000000000000000, 0.000000000000000000 ) ) ;
#801 = CIRCLE ( 'NONE', #224, 1.500000000000001332 ) ;
#802 = AXIS2_PLACEMENT_3D ( 'NONE', #715, #852, #1417 ) ;
#803 = CIRCLE ( 'NONE', #317, 1.000000000000000888 ) ;
#804 = CYLINDRICAL_SURFACE ( 'NONE', #643, 1.000000000000000888 ) ;
#805 = LINE ( 'NONE', #84, #944 ) ;
#806 = CARTESIAN_POINT ( 'NONE',  ( 32.71499999999999631, 6.349999999999999645, 5.000000000000000000 ) ) ;
#807 = MANIFOLD_SOLID_BREP ( 'Cut-Extrude4', #447 ) ;
#808 = LINE ( 'NONE', #1244, #259 ) ;
#809 = CARTESIAN_POINT ( 'NONE',  ( 28.37411527289169655, 29.35017153289555125, 20.69999999999999218 ) ) ;
#810 = EDGE_CURVE ( 'NONE', #279, #196, #72, .T. ) ;
#811 = ORIENTED_EDGE ( 'NONE', *, *, #66, .F. ) ;
#812 = ORIENTED_EDGE ( 'NONE', *, *, #952, .T. ) ;
#813 = EDGE_CURVE ( 'NONE', #1844, #323, #1656, .T. ) ;
#814 = EDGE_CURVE ( 'NONE', #853, #905, #289, .T. ) ;
#815 = DIRECTION ( 'NONE',  ( 0.000000000000000000, 0.000000000000000000, -1.000000000000000000 ) ) ;
#816 = CARTESIAN_POINT ( 'NONE',  ( -0.000000000000000000, 9.350171532895551252, 61.84999999999999432 ) ) ;
#817 = EDGE_CURVE ( 'NONE', #1505, #1086, #1813, .T. ) ;
#818 = EDGE_CURVE ( 'NONE', #53, #853, #979, .T. ) ;
#819 = DIRECTION ( 'NONE',  ( -0.8592674797779682461, 0.000000000000000000, -0.5115265371376337411 ) ) ;
#820 = DIRECTION ( 'NONE',  ( 1.734723475976806848E-16, -1.000000000000000000, 0.000000000000000000 ) ) ;
#821 = AXIS2_PLACEMENT_3D ( 'NONE', #990, #1124, #1703 ) ;
#822 = VERTEX_POINT ( 'NONE', #1687 ) ;
#823 = ORIENTED_EDGE ( 'NONE', *, *, #281, .F. ) ;
#824 = DIRECTION ( 'NONE',  ( 0.000000000000000000, -1.000000000000000000, 0.000000000000000000 ) ) ;
#825 =( NAMED_UNIT ( * ) PLANE_ANGLE_UNIT ( ) SI_UNIT ( $, .RADIAN. ) );
#826 = EDGE_LOOP ( 'NONE', ( #1347, #435 ) ) ;
#827 = DIRECTION ( 'NONE',  ( 0.000000000000000000, 0.000000000000000000, -1.000000000000000000 ) ) ;
#828 = ADVANCED_FACE ( 'NONE', ( #647 ), #1668, .F. ) ;
#829 = DIRECTION ( 'NONE',  ( -0.5115265371376340742, 0.000000000000000000, -0.8592674797779680240 ) ) ;
#830 = CARTESIAN_POINT ( 'NONE',  ( 40.71500000000000341, 6.350000000000000533, 5.000000000000000000 ) ) ;
#831 = ORIENTED_EDGE ( 'NONE', *, *, #680, .F. ) ;
#832 = ORIENTED_EDGE ( 'NONE', *, *, #280, .T. ) ;
#833 = CARTESIAN_POINT ( 'NONE',  ( 21.97881696665803730, 25.39999999999999858, 34.65016382591755217 ) ) ;
#834 = CARTESIAN_POINT ( 'NONE',  ( 0.000000000000000000, 25.39999999999999858, 44.85000000000000142 ) ) ;
#835 = ADVANCED_BREP_SHAPE_REPRESENTATION ( 'front_support', ( #807, #1732 ), #301 ) ;
#836 = VECTOR ( 'NONE', #1754, 1000.000000000000000 ) ;
#837 = CIRCLE ( 'NONE', #11, 1.000000000000000888 ) ;
#838 = ORIENTED_EDGE ( 'NONE', *, *, #354, .T. ) ;
#839 = CIRCLE ( 'NONE', #713, 4.000000000000007105 ) ;
#840 = DIRECTION ( 'NONE',  ( 0.000000000000000000, 0.000000000000000000, 1.000000000000000000 ) ) ;
#841 = DIRECTION ( 'NONE',  ( 0.000000000000000000, 0.000000000000000000, -1.000000000000000000 ) ) ;
#842 = PLANE ( 'NONE',  #1501 ) ;
#843 = EDGE_LOOP ( 'NONE', ( #1389, #276, #1190, #1792, #685, #1788 ) ) ;
#844 = ORIENTED_EDGE ( 'NONE', *, *, #936, .T. ) ;
#845 = VECTOR ( 'NONE', #1875, 1000.000000000000000 ) ;
#846 = DIRECTION ( 'NONE',  ( -0.000000000000000000, -0.000000000000000000, -1.000000000000000000 ) ) ;
#847 = APPLICATION_PROTOCOL_DEFINITION ( 'draft international standard', 'automotive_design', 1998, #105 ) ;
#848 = ORIENTED_EDGE ( 'NONE', *, *, #1847, .T. ) ;
#849 = AXIS2_PLACEMENT_3D ( 'NONE', #1083, #1242, #1235 ) ;
#850 = CARTESIAN_POINT ( 'NONE',  ( 42.22999999999998977, 9.350171532895551252, 12.69999999999999574 ) ) ;
#851 = CYLINDRICAL_SURFACE ( 'NONE', #1721, 1.199999999999999734 ) ;
#852 = DIRECTION ( 'NONE',  ( 0.000000000000000000, -1.000000000000000000, 0.000000000000000000 ) ) ;
#853 = VERTEX_POINT ( 'NONE', #237 ) ;
#854 = ORIENTED_EDGE ( 'NONE', *, *, #729, .F. ) ;
#855 = LINE ( 'NONE', #1185, #836 ) ;
#856 = CIRCLE ( 'NONE', #1094, 1.000000000000000888 ) ;
#857 = VECTOR ( 'NONE', #216, 1000.000000000000114 ) ;
#858 = EDGE_LOOP ( 'NONE', ( #490, #1710, #576, #1550 ) ) ;
#859 = CARTESIAN_POINT ( 'NONE',  ( 1.114999999999994440, 18.55017153289555765, 69.84999999999999432 ) ) ;
#860 = PLANE ( 'NONE',  #1360 ) ;
#861 = FACE_OUTER_BOUND ( 'NONE', #1634, .T. ) ;
#862 = ORIENTED_EDGE ( 'NONE', *, *, #25, .T. ) ;
#863 = VERTEX_POINT ( 'NONE', #1384 ) ;
#864 = LINE ( 'NONE', #143, #654 ) ;
#865 = EDGE_LOOP ( 'NONE', ( #1727, #1579, #1675, #1714, #1023, #1685 ) ) ;
#866 = AXIS2_PLACEMENT_3D ( 'NONE', #893, #1793, #1647 ) ;
#867 = ADVANCED_FACE ( 'NONE', ( #1248 ), #1834, .F. ) ;
#868 =( GEOMETRIC_REPRESENTATION_CONTEXT ( 3 ) GLOBAL_UNCERTAINTY_ASSIGNED_CONTEXT ( ( #587 ) ) GLOBAL_UNIT_ASSIGNED_CONTEXT ( ( #1551, #538, #526 ) ) REPRESENTATION_CONTEXT ( 'NONE', 'WORKASPACE' ) );
#869 = DIRECTION ( 'NONE',  ( 0.000000000000000000, -1.000000000000000000, 0.000000000000000000 ) ) ;
#870 = FACE_OUTER_BOUND ( 'NONE', #997, .T. ) ;
#871 = ORIENTED_EDGE ( 'NONE', *, *, #1533, .F. ) ;
#872 = ORIENTED_EDGE ( 'NONE', *, *, #389, .T. ) ;
#873 = LINE ( 'NONE', #1286, #1201 ) ;
#874 = AXIS2_PLACEMENT_3D ( 'NONE', #477, #1592, #896 ) ;
#875 = EDGE_CURVE ( 'NONE', #1581, #1132, #472, .T. ) ;
#876 = AXIS2_PLACEMENT_3D ( 'NONE', #1199, #38, #1057 ) ;
#877 = ORIENTED_EDGE ( 'NONE', *, *, #626, .T. ) ;
#878 = CARTESIAN_POINT ( 'NONE',  ( 32.37810640157968578, 9.350171532895551252, 54.26264289493200010 ) ) ;
#879 = CARTESIAN_POINT ( 'NONE',  ( 29.23793223954974252, 25.39999999999999858, 60.34619423572799946 ) ) ;
#880 = EDGE_CURVE ( 'NONE', #1352, #1529, #873, .T. ) ;
#881 = VERTEX_POINT ( 'NONE', #701 ) ;
#882 = EDGE_CURVE ( 'NONE', #358, #994, #426, .T. ) ;
#883 = ORIENTED_EDGE ( 'NONE', *, *, #927, .T. ) ;
#884 = AXIS2_PLACEMENT_3D ( 'NONE', #1504, #922, #1357 ) ;
#885 = CARTESIAN_POINT ( 'NONE',  ( 12.99206776045025613, 9.350171532895551252, 22.20380576427199770 ) ) ;
#886 = VECTOR ( 'NONE', #950, 1000.000000000000000 ) ;
#887 = ORIENTED_EDGE ( 'NONE', *, *, #1270, .F. ) ;
#888 = CARTESIAN_POINT ( 'NONE',  ( 28.37411527289169655, 29.35017153289555125, 21.69999999999999218 ) ) ;
#889 = CARTESIAN_POINT ( 'NONE',  ( 24.70322026228327061, 25.39999999999999858, 40.75514870582007632 ) ) ;
#890 = ORIENTED_EDGE ( 'NONE', *, *, #161, .T. ) ;
#891 = EDGE_LOOP ( 'NONE', ( #236, #971, #17, #254, #1762 ) ) ;
#892 = EDGE_CURVE ( 'NONE', #1407, #347, #1871, .T. ) ;
#893 = CARTESIAN_POINT ( 'NONE',  ( 21.11499999999999133, 29.35017153289555125, 48.40364193835443274 ) ) ;
#894 = ORIENTED_EDGE ( 'NONE', *, *, #1356, .T. ) ;
#895 = EDGE_CURVE ( 'NONE', #454, #994, #839, .T. ) ;
#896 = DIRECTION ( 'NONE',  ( 0.000000000000000000, 0.000000000000000000, 1.000000000000000000 ) ) ;
#897 = DIRECTION ( 'NONE',  ( -1.000000000000000000, 0.000000000000000000, 0.000000000000000000 ) ) ;
#898 = AXIS2_PLACEMENT_3D ( 'NONE', #1492, #294, #621 ) ;
#899 = DIRECTION ( 'NONE',  ( 0.5115265371376337411, 0.000000000000000000, -0.8592674797779682461 ) ) ;
#900 = ORIENTED_EDGE ( 'NONE', *, *, #1434, .F. ) ;
#901 = CARTESIAN_POINT ( 'NONE',  ( 9.851893598420314646, 25.39999999999999858, 54.26264289493200010 ) ) ;
#902 = CARTESIAN_POINT ( 'NONE',  ( 8.000000000000000000, 25.39999999999999858, 12.69999999999999929 ) ) ;
#903 = DIRECTION ( 'NONE',  ( 0.000000000000000000, 0.000000000000000000, -1.000000000000000000 ) ) ;
#904 = ADVANCED_FACE ( 'NONE', ( #1735 ), #1149, .T. ) ;
#905 = VERTEX_POINT ( 'NONE', #257 ) ;
#906 = AXIS2_PLACEMENT_3D ( 'NONE', #1155, #1583, #1144 ) ;
#907 = LINE ( 'NONE', #455, #1473 ) ;
#908 = DIRECTION ( 'NONE',  ( 0.000000000000000000, 1.000000000000000000, 0.000000000000000000 ) ) ;
#909 = ORIENTED_EDGE ( 'NONE', *, *, #875, .F. ) ;
#910 = EDGE_LOOP ( 'NONE', ( #248, #838, #335, #1312 ) ) ;
#911 = DIRECTION ( 'NONE',  ( 0.000000000000000000, -0.000000000000000000, -1.000000000000000000 ) ) ;
#912 = CARTESIAN_POINT ( 'NONE',  ( 25.56248774206123997, 29.35017153289555125, 41.26667524295770306 ) ) ;
#913 = ORIENTED_EDGE ( 'NONE', *, *, #736, .T. ) ;
#914 = DIRECTION ( 'NONE',  ( 0.000000000000000000, 0.000000000000000000, -1.000000000000000000 ) ) ;
#915 = VERTEX_POINT ( 'NONE', #297 ) ;
#916 = AXIS2_PLACEMENT_3D ( 'NONE', #357, #178, #627 ) ;
#917 = AXIS2_PLACEMENT_3D ( 'NONE', #1073, #58, #1522 ) ;
#918 = CARTESIAN_POINT ( 'NONE',  ( 0.000000000000000000, 25.39999999999999858, 20.69999999999999218 ) ) ;
#919 = CARTESIAN_POINT ( 'NONE',  ( 40.71500000000000341, 6.350000000000000533, 0.000000000000000000 ) ) ;
#920 = ORIENTED_EDGE ( 'NONE', *, *, #797, .F. ) ;
#921 = CARTESIAN_POINT ( 'NONE',  ( 21.97881696665803375, 9.350171532895558357, 47.89983617408243077 ) ) ;
#922 = DIRECTION ( 'NONE',  ( 1.734723475976806848E-16, -1.000000000000000000, 0.000000000000000000 ) ) ;
#923 = ORIENTED_EDGE ( 'NONE', *, *, #1016, .F. ) ;
#924 = DIRECTION ( 'NONE',  ( 0.000000000000000000, 1.000000000000000000, -0.000000000000000000 ) ) ;
#925 = DIRECTION ( 'NONE',  ( -0.000000000000000000, -0.000000000000000000, 1.000000000000000000 ) ) ;
#926 = CARTESIAN_POINT ( 'NONE',  ( 32.37810640157968578, 9.350171532895551252, 54.26264289493200721 ) ) ;
#927 = EDGE_CURVE ( 'NONE', #742, #167, #1449, .T. ) ;
#928 = DIRECTION ( 'NONE',  ( 0.000000000000000000, 0.000000000000000000, -1.000000000000000000 ) ) ;
#929 = PLANE ( 'NONE',  #429 ) ;
#930 = VECTOR ( 'NONE', #1331, 1000.000000000000000 ) ;
#931 = AXIS2_PLACEMENT_3D ( 'NONE', #688, #1576, #149 ) ;
#932 = ORIENTED_EDGE ( 'NONE', *, *, #1832, .F. ) ;
#933 = AXIS2_PLACEMENT_3D ( 'NONE', #209, #794, #1635 ) ;
#934 = LINE ( 'NONE', #1225, #128 ) ;
#935 = CARTESIAN_POINT ( 'NONE',  ( 0.03141117558214139710, 29.35017153289555125, -0.01832000519979085085 ) ) ;
#936 = EDGE_CURVE ( 'NONE', #586, #1706, #503, .T. ) ;
#937 = DIRECTION ( 'NONE',  ( 0.000000000000000000, 0.000000000000000000, 1.000000000000000000 ) ) ;
#938 = EDGE_CURVE ( 'NONE', #323, #419, #1587, .T. ) ;
#939 = CARTESIAN_POINT ( 'NONE',  ( 13.85588472710830032, 25.39999999999999858, 20.69999999999999218 ) ) ;
#940 = VERTEX_POINT ( 'NONE', #406 ) ;
#941 = CARTESIAN_POINT ( 'NONE',  ( 5.514999999999991687, 6.349999999999999645, 12.69999999999999929 ) ) ;
#942 = DIRECTION ( 'NONE',  ( 0.000000000000000000, -1.000000000000000000, 0.000000000000000000 ) ) ;
#943 = VECTOR ( 'NONE', #506, 1000.000000000000000 ) ;
#944 = VECTOR ( 'NONE', #663, 1000.000000000000000 ) ;
#945 = CARTESIAN_POINT ( 'NONE',  ( 8.000000000000000000, 29.35017153289555125, 0.000000000000000000 ) ) ;
#946 = ORIENTED_EDGE ( 'NONE', *, *, #810, .F. ) ;
#947 = ORIENTED_EDGE ( 'NONE', *, *, #735, .F. ) ;
#948 = CARTESIAN_POINT ( 'NONE',  ( 5.514999999999991687, 6.349999999999999645, 12.69999999999999929 ) ) ;
#949 = EDGE_CURVE ( 'NONE', #689, #863, #170, .T. ) ;
#950 = DIRECTION ( 'NONE',  ( 0.000000000000000000, 0.000000000000000000, 1.000000000000000000 ) ) ;
#951 = CARTESIAN_POINT ( 'NONE',  ( 13.85588472710830032, 25.39999999999999858, 21.69999999999999218 ) ) ;
#952 = EDGE_CURVE ( 'NONE', #1296, #1751, #864, .T. ) ;
#953 = LINE ( 'NONE', #1536, #1681 ) ;
#954 = DIRECTION ( 'NONE',  ( 0.000000000000000000, -1.000000000000000000, 0.000000000000000000 ) ) ;
#955 = VERTEX_POINT ( 'NONE', #726 ) ;
#956 = ORIENTED_EDGE ( 'NONE', *, *, #735, .T. ) ;
#957 = DIRECTION ( 'NONE',  ( 0.5038057642720050744, 0.000000000000000000, -0.8638169666580419737 ) ) ;
#958 = AXIS2_PLACEMENT_3D ( 'NONE', #43, #1359, #1345 ) ;
#959 = AXIS2_PLACEMENT_3D ( 'NONE', #1014, #710, #1266 ) ;
#960 = EDGE_CURVE ( 'NONE', #1120, #1366, #1130, .T. ) ;
#961 =( LENGTH_UNIT ( ) NAMED_UNIT ( * ) SI_UNIT ( .MILLI., .METRE. ) );
#962 = EDGE_CURVE ( 'NONE', #1737, #1590, #775, .T. ) ;
#963 = CARTESIAN_POINT ( 'NONE',  ( 41.11500000000000199, 18.55017153289556475, 76.19999999999998863 ) ) ;
#964 = PLANE ( 'NONE',  #144 ) ;
#965 = CARTESIAN_POINT ( 'NONE',  ( 41.11500000000000199, 18.55017153289556475, 69.84999999999999432 ) ) ;
#966 = LINE ( 'NONE', #1221, #350 ) ;
#967 = ORIENTED_EDGE ( 'NONE', *, *, #1325, .F. ) ;
#968 = VERTEX_POINT ( 'NONE', #1159 ) ;
#969 = DIRECTION ( 'NONE',  ( -1.000000000000000000, 0.000000000000000000, -0.000000000000000000 ) ) ;
#970 =( NAMED_UNIT ( * ) SI_UNIT ( $, .STERADIAN. ) SOLID_ANGLE_UNIT ( ) );
#971 = ORIENTED_EDGE ( 'NONE', *, *, #1483, .T. ) ;
#972 = DIRECTION ( 'NONE',  ( -1.000000000000000000, 0.000000000000000000, -0.000000000000000000 ) ) ;
#973 = CARTESIAN_POINT ( 'NONE',  ( 20.25118303334195602, 9.350171532895558357, 34.65016382591755217 ) ) ;
#974 = CARTESIAN_POINT ( 'NONE',  ( 37.91499999999999915, 6.349999999999999645, 12.69999999999999929 ) ) ;
#975 = VECTOR ( 'NONE', #674, 1000.000000000000000 ) ;
#976 = EDGE_LOOP ( 'NONE', ( #1475, #35, #1888, #1087 ) ) ;
#977 = ORIENTED_EDGE ( 'NONE', *, *, #1540, .F. ) ;
#978 = EDGE_CURVE ( 'NONE', #1480, #723, #349, .T. ) ;
#979 = LINE ( 'NONE', #833, #1142 ) ;
#980 = ORIENTED_EDGE ( 'NONE', *, *, #256, .F. ) ;
#981 = DIRECTION ( 'NONE',  ( -0.000000000000000000, -0.000000000000000000, 1.000000000000000000 ) ) ;
#982 = DIRECTION ( 'NONE',  ( -0.000000000000000000, -0.000000000000000000, -1.000000000000000000 ) ) ;
#983 = DIRECTION ( 'NONE',  ( 0.000000000000000000, 0.000000000000000000, -1.000000000000000000 ) ) ;
#984 = VERTEX_POINT ( 'NONE', #1571 ) ;
#985 = ORIENTED_EDGE ( 'NONE', *, *, #315, .T. ) ;
#986 = CARTESIAN_POINT ( 'NONE',  ( 1.514999999999985913, 6.349999999999999645, 0.000000000000000000 ) ) ;
#987 = AXIS2_PLACEMENT_3D ( 'NONE', #553, #1136, #1713 ) ;
#988 = EDGE_LOOP ( 'NONE', ( #646, #277, #180, #255, #582, #515, #872 ) ) ;
#989 = VECTOR ( 'NONE', #376, 1000.000000000000000 ) ;
#990 = CARTESIAN_POINT ( 'NONE',  ( 1.114999999999994440, 18.55017153289555765, 76.19999999999998863 ) ) ;
#991 = CARTESIAN_POINT ( 'NONE',  ( 1.114999999999994440, 15.55017153289555587, 81.84999999999999432 ) ) ;
#992 = DIRECTION ( 'NONE',  ( -0.000000000000000000, -0.000000000000000000, -1.000000000000000000 ) ) ;
#993 = ORIENTED_EDGE ( 'NONE', *, *, #330, .F. ) ;
#994 = VERTEX_POINT ( 'NONE', #986 ) ;
#995 = EDGE_CURVE ( 'NONE', #737, #776, #1167, .T. ) ;
#996 = DIRECTION ( 'NONE',  ( -1.000000000000000000, 0.000000000000000000, 0.000000000000000000 ) ) ;
#997 = EDGE_LOOP ( 'NONE', ( #568, #1538, #1442, #575 ) ) ;
#998 = FACE_OUTER_BOUND ( 'NONE', #1600, .T. ) ;
#999 = LINE ( 'NONE', #1416, #1814 ) ;
#1000 = PLANE ( 'NONE',  #931 ) ;
#1001 = ORIENTED_EDGE ( 'NONE', *, *, #1072, .T. ) ;
#1002 = ORIENTED_EDGE ( 'NONE', *, *, #1680, .T. ) ;
#1003 = CARTESIAN_POINT ( 'NONE',  ( 5.514999999999991687, 6.349999999999999645, 0.000000000000000000 ) ) ;
#1004 = CIRCLE ( 'NONE', #1822, 1.199999999999999734 ) ;
#1005 = AXIS2_PLACEMENT_3D ( 'NONE', #1435, #840, #118 ) ;
#1006 = ORIENTED_EDGE ( 'NONE', *, *, #1268, .T. ) ;
#1007 = CARTESIAN_POINT ( 'NONE',  ( 17.51940585635906800, 9.350171532895551252, 41.79039014342406233 ) ) ;
#1008 = ADVANCED_FACE ( 'NONE', ( #288 ), #1743, .T. ) ;
#1009 = FACE_OUTER_BOUND ( 'NONE', #1265, .T. ) ;
#1010 = FACE_BOUND ( 'NONE', #49, .T. ) ;
#1011 = ORIENTED_EDGE ( 'NONE', *, *, #19, .F. ) ;
#1012 = EDGE_CURVE ( 'NONE', #147, #29, #1170, .T. ) ;
#1013 = ORIENTED_EDGE ( 'NONE', *, *, #759, .F. ) ;
#1014 = CARTESIAN_POINT ( 'NONE',  ( 21.11499999999999488, 18.55017153289556120, 79.02499999999997726 ) ) ;
#1015 = ORIENTED_EDGE ( 'NONE', *, *, #624, .F. ) ;
#1016 = EDGE_CURVE ( 'NONE', #364, #279, #855, .T. ) ;
#1017 = EDGE_CURVE ( 'NONE', #104, #984, #44, .T. ) ;
#1018 = AXIS2_PLACEMENT_3D ( 'NONE', #1202, #194, #1786 ) ;
#1019 = VECTOR ( 'NONE', #1156, 1000.000000000000000 ) ;
#1020 = LINE ( 'NONE', #878, #1178 ) ;
#1021 = CYLINDRICAL_SURFACE ( 'NONE', #740, 4.000000000000003553 ) ;
#1022 = EDGE_LOOP ( 'NONE', ( #404, #99, #462, #235, #862, #844 ) ) ;
#1023 = ORIENTED_EDGE ( 'NONE', *, *, #215, .T. ) ;
#1024 = DIRECTION ( 'NONE',  ( -0.5237149004663621543, 0.000000000000000000, -0.8518935984203123146 ) ) ;
#1025 = AXIS2_PLACEMENT_3D ( 'NONE', #888, #869, #1759 ) ;
#1026 = AXIS2_PLACEMENT_3D ( 'NONE', #750, #1329, #52 ) ;
#1027 = EDGE_LOOP ( 'NONE', ( #767, #193, #1006, #79 ) ) ;
#1028 = EDGE_CURVE ( 'NONE', #1058, #822, #1034, .T. ) ;
#1029 = VECTOR ( 'NONE', #664, 1000.000000000000000 ) ;
#1030 = DIRECTION ( 'NONE',  ( 0.000000000000000000, 0.000000000000000000, -1.000000000000000000 ) ) ;
#1031 = FACE_OUTER_BOUND ( 'NONE', #1210, .T. ) ;
#1032 = ORIENTED_EDGE ( 'NONE', *, *, #1766, .T. ) ;
#1033 = ORIENTED_EDGE ( 'NONE', *, *, #337, .T. ) ;
#1034 = LINE ( 'NONE', #1775, #930 ) ;
#1035 = ORIENTED_EDGE ( 'NONE', *, *, #882, .T. ) ;
#1036 = FACE_OUTER_BOUND ( 'NONE', #1061, .T. ) ;
#1037 = CARTESIAN_POINT ( 'NONE',  ( -4.972708278273390903, 29.35017153289555125, 2.960279896125139310 ) ) ;
#1038 = CARTESIAN_POINT ( 'NONE',  ( -0.3850000000000068923, 17.05017153289555765, 69.84999999999999432 ) ) ;
#1039 = ORIENTED_EDGE ( 'NONE', *, *, #142, .F. ) ;
#1040 = FACE_OUTER_BOUND ( 'NONE', #1330, .T. ) ;
#1041 = DIRECTION ( 'NONE',  ( 1.000000000000000000, 0.000000000000000000, 0.000000000000000000 ) ) ;
#1042 = EDGE_LOOP ( 'NONE', ( #230, #947, #967, #450 ) ) ;
#1043 = AXIS2_PLACEMENT_3D ( 'NONE', #306, #1211, #1341 ) ;
#1044 = DIRECTION ( 'NONE',  ( -1.000000000000000000, 0.000000000000000000, 0.000000000000000000 ) ) ;
#1045 = FACE_OUTER_BOUND ( 'NONE', #1638, .T. ) ;
#1046 = CIRCLE ( 'NONE', #987, 10.00000000000000178 ) ;
#1047 = VERTEX_POINT ( 'NONE', #168 ) ;
#1048 = ORIENTED_EDGE ( 'NONE', *, *, #81, .F. ) ;
#1049 = AXIS2_PLACEMENT_3D ( 'NONE', #1800, #226, #344 ) ;
#1050 = LINE ( 'NONE', #901, #1441 ) ;
#1051 = DIRECTION ( 'NONE',  ( 0.000000000000000000, 0.000000000000000000, 1.000000000000000000 ) ) ;
#1052 = ORIENTED_EDGE ( 'NONE', *, *, #299, .F. ) ;
#1053 = PLANE ( 'NONE',  #743 ) ;
#1054 = ORIENTED_EDGE ( 'NONE', *, *, #12, .F. ) ;
#1055 = DIRECTION ( 'NONE',  ( 0.5237149004663624874, 0.000000000000000000, -0.8518935984203120926 ) ) ;
#1056 = CARTESIAN_POINT ( 'NONE',  ( 33.22999999999998977, 29.35017153289555125, 53.73892799446564794 ) ) ;
#1057 = DIRECTION ( 'NONE',  ( 0.000000000000000000, 0.000000000000000000, 1.000000000000000000 ) ) ;
#1058 = VERTEX_POINT ( 'NONE', #885 ) ;
#1059 = FACE_BOUND ( 'NONE', #1684, .T. ) ;
#1060 = PLANE ( 'NONE',  #1763 ) ;
#1061 = EDGE_LOOP ( 'NONE', ( #1564, #1842, #1079, #1606 ) ) ;
#1062 = DIRECTION ( 'NONE',  ( -0.000000000000000000, 1.000000000000000000, -0.000000000000000000 ) ) ;
#1063 = ADVANCED_FACE ( 'NONE', ( #1456 ), #21, .F. ) ;
#1064 = LINE ( 'NONE', #918, #598 ) ;
#1065 = DIRECTION ( 'NONE',  ( 1.734723475976806848E-16, -1.000000000000000000, 0.000000000000000000 ) ) ;
#1066 = DIRECTION ( 'NONE',  ( 0.000000000000000000, -1.000000000000000000, 0.000000000000000000 ) ) ;
#1067 = EDGE_CURVE ( 'NONE', #968, #1129, #162, .T. ) ;
#1068 = DIRECTION ( 'NONE',  ( -0.000000000000000000, 0.000000000000000000, -1.000000000000000000 ) ) ;
#1069 = ORIENTED_EDGE ( 'NONE', *, *, #962, .T. ) ;
#1070 = DIRECTION ( 'NONE',  ( 0.000000000000000000, 0.000000000000000000, 1.000000000000000000 ) ) ;
#1071 = ADVANCED_FACE ( 'NONE', ( #604, #734, #1040, #467, #1355 ), #1313, .F. ) ;
#1072 = EDGE_CURVE ( 'NONE', #1438, #1381, #1050, .T. ) ;
#1073 = CARTESIAN_POINT ( 'NONE',  ( 42.22999999999998977, 0.000000000000000000, 12.69999999999999929 ) ) ;
#1074 = DIRECTION ( 'NONE',  ( -0.5038057642720050744, 0.000000000000000000, -0.8638169666580420847 ) ) ;
#1075 = CARTESIAN_POINT ( 'NONE',  ( 52.22999999999998977, 25.39999999999999858, 44.84999999999999432 ) ) ;
#1076 = CARTESIAN_POINT ( 'NONE',  ( 34.22999999999998977, 9.350171532895551252, 28.38671016643815292 ) ) ;
#1077 = AXIS2_PLACEMENT_3D ( 'NONE', #1639, #1177, #452 ) ;
#1078 = AXIS2_PLACEMENT_3D ( 'NONE', #1075, #1511, #211 ) ;
#1079 = ORIENTED_EDGE ( 'NONE', *, *, #640, .T. ) ;
#1080 = SURFACE_SIDE_STYLE ('',( #501 ) ) ;
#1081 = VECTOR ( 'NONE', #1252, 1000.000000000000000 ) ;
#1082 = DIRECTION ( 'NONE',  ( 1.000000000000000000, 0.000000000000000000, 0.000000000000000000 ) ) ;
#1083 = CARTESIAN_POINT ( 'NONE',  ( 36.71499999999999631, 6.349999999999999645, 0.000000000000000000 ) ) ;
#1084 = EDGE_CURVE ( 'NONE', #424, #1590, #177, .T. ) ;
#1085 = DIRECTION ( 'NONE',  ( 1.000000000000000000, 0.000000000000000000, 0.000000000000000000 ) ) ;
#1086 = VERTEX_POINT ( 'NONE', #1614 ) ;
#1087 = ORIENTED_EDGE ( 'NONE', *, *, #1823, .F. ) ;
#1088 = DIRECTION ( 'NONE',  ( 0.000000000000000000, 0.000000000000000000, -1.000000000000000000 ) ) ;
#1089 = EDGE_CURVE ( 'NONE', #1488, #104, #1627, .T. ) ;
#1090 = EDGE_CURVE ( 'NONE', #1706, #724, #614, .T. ) ;
#1091 = DIRECTION ( 'NONE',  ( 0.000000000000000000, 0.000000000000000000, 1.000000000000000000 ) ) ;
#1092 = CYLINDRICAL_SURFACE ( 'NONE', #933, 1.000000000000000888 ) ;
#1093 = CARTESIAN_POINT ( 'NONE',  ( 42.22999999999998977, 9.350171532895551252, 44.84999999999999432 ) ) ;
#1094 = AXIS2_PLACEMENT_3D ( 'NONE', #382, #204, #937 ) ;
#1095 = VECTOR ( 'NONE', #361, 1000.000000000000000 ) ;
#1096 = CARTESIAN_POINT ( 'NONE',  ( 19.46499999999999631, 25.55017153289555765, 79.02499999999997726 ) ) ;
#1097 = ORIENTED_EDGE ( 'NONE', *, *, #274, .F. ) ;
#1098 = EDGE_LOOP ( 'NONE', ( #28, #221 ) ) ;
#1099 = ADVANCED_FACE ( 'NONE', ( #1059, #40, #754, #1608, #312 ), #1471, .F. ) ;
#1100 = SURFACE_STYLE_USAGE ( .BOTH. , #1080 ) ;
#1101 = DIRECTION ( 'NONE',  ( 0.000000000000000000, 0.000000000000000000, -1.000000000000000000 ) ) ;
#1102 = FACE_OUTER_BOUND ( 'NONE', #711, .T. ) ;
#1103 = DIRECTION ( 'NONE',  ( 0.000000000000000000, 0.000000000000000000, 1.000000000000000000 ) ) ;
#1104 = DIRECTION ( 'NONE',  ( -1.000000000000000000, 0.000000000000000000, -0.000000000000000000 ) ) ;
#1105 = DIRECTION ( 'NONE',  ( 0.000000000000000000, 0.000000000000000000, 1.000000000000000000 ) ) ;
#1106 = ORIENTED_EDGE ( 'NONE', *, *, #817, .F. ) ;
#1107 = ORIENTED_EDGE ( 'NONE', *, *, #673, .T. ) ;
#1108 = CARTESIAN_POINT ( 'NONE',  ( 0.000000000000000000, 29.35017153289555125, 20.69999999999999218 ) ) ;
#1109 = AXIS2_PLACEMENT_3D ( 'NONE', #630, #1186, #484 ) ;
#1110 = CIRCLE ( 'NONE', #1171, 1.000000000000000888 ) ;
#1111 = AXIS2_PLACEMENT_3D ( 'NONE', #549, #416, #154 ) ;
#1112 = DIRECTION ( 'NONE',  ( 0.000000000000000000, 0.000000000000000000, 1.000000000000000000 ) ) ;
#1113 = EDGE_LOOP ( 'NONE', ( #133, #1725, #823, #854 ) ) ;
#1114 = CYLINDRICAL_SURFACE ( 'NONE', #1885, 1.649999999999998579 ) ;
#1115 = CARTESIAN_POINT ( 'NONE',  ( 24.70322026228327061, 9.350171532895551252, 40.75514870582007632 ) ) ;
#1116 = VECTOR ( 'NONE', #1515, 1000.000000000000000 ) ;
#1117 = CARTESIAN_POINT ( 'NONE',  ( 20.25118303334195602, 25.39999999999999858, 47.89983617408243077 ) ) ;
#1118 = DIRECTION ( 'NONE',  ( 1.000000000000000000, 0.000000000000000000, 0.000000000000000000 ) ) ;
#1119 = VERTEX_POINT ( 'NONE', #1765 ) ;
#1120 = VERTEX_POINT ( 'NONE', #765 ) ;
#1121 = SHAPE_DEFINITION_REPRESENTATION ( #1272, #835 ) ;
#1122 = EDGE_LOOP ( 'NONE', ( #443, #635, #1733, #1276, #151, #171, #1519 ) ) ;
#1123 = ADVANCED_FACE ( 'NONE', ( #1192 ), #636, .F. ) ;
#1124 = DIRECTION ( 'NONE',  ( 1.734723475976806848E-16, -1.000000000000000000, 0.000000000000000000 ) ) ;
#1125 = CARTESIAN_POINT ( 'NONE',  ( 32.71499999999999631, 6.349999999999999645, 0.000000000000000000 ) ) ;
#1126 = DIRECTION ( 'NONE',  ( -0.000000000000000000, 0.000000000000000000, -1.000000000000000000 ) ) ;
#1127 = VECTOR ( 'NONE', #106, 1000.000000000000000 ) ;
#1128 = VERTEX_POINT ( 'NONE', #1462 ) ;
#1129 = VERTEX_POINT ( 'NONE', #1321 ) ;
#1130 = LINE ( 'NONE', #718, #1378 ) ;
#1131 = APPLICATION_PROTOCOL_DEFINITION ( 'draft international standard', 'automotive_design', 1998, #1369 ) ;
#1132 = VERTEX_POINT ( 'NONE', #625 ) ;
#1133 = DIRECTION ( 'NONE',  ( -0.5038057642720050744, 0.000000000000000000, 0.8638169666580419737 ) ) ;
#1134 = EDGE_CURVE ( 'NONE', #881, #603, #628, .T. ) ;
#1135 = LINE ( 'NONE', #1547, #1446 ) ;
#1136 = DIRECTION ( 'NONE',  ( 0.000000000000000000, -1.000000000000000000, 0.000000000000000000 ) ) ;
#1137 = ORIENTED_EDGE ( 'NONE', *, *, #1090, .T. ) ;
#1138 = ORIENTED_EDGE ( 'NONE', *, *, #1434, .T. ) ;
#1139 = CARTESIAN_POINT ( 'NONE',  ( 1.114999999999994440, 17.05017153289555765, 69.84999999999999432 ) ) ;
#1140 = AXIS2_PLACEMENT_3D ( 'NONE', #1198, #192, #1164 ) ;
#1141 = ORIENTED_EDGE ( 'NONE', *, *, #1287, .T. ) ;
#1142 = VECTOR ( 'NONE', #369, 1000.000000000000000 ) ;
#1143 = DIRECTION ( 'NONE',  ( 0.000000000000000000, -1.000000000000000000, 0.000000000000000000 ) ) ;
#1144 = DIRECTION ( 'NONE',  ( -0.5038057642720050744, 0.000000000000000000, 0.8638169666580420847 ) ) ;
#1145 = DIRECTION ( 'NONE',  ( 0.000000000000000000, 0.000000000000000000, -1.000000000000000000 ) ) ;
#1146 = ORIENTED_EDGE ( 'NONE', *, *, #1736, .T. ) ;
#1147 = ORIENTED_EDGE ( 'NONE', *, *, #1401, .T. ) ;
#1148 = VECTOR ( 'NONE', #573, 1000.000000000000000 ) ;
#1149 = CYLINDRICAL_SURFACE ( 'NONE', #1316, 1.500000000000001332 ) ;
#1150 = ADVANCED_FACE ( 'NONE', ( #481 ), #1494, .T. ) ;
#1151 = ORIENTED_EDGE ( 'NONE', *, *, #495, .T. ) ;
#1152 = EDGE_CURVE ( 'NONE', #1374, #1488, #953, .T. ) ;
#1153 = ADVANCED_FACE ( 'NONE', ( #179 ), #233, .F. ) ;
#1154 = CARTESIAN_POINT ( 'NONE',  ( -10.00000000000000000, 9.350171532895551252, 69.84999999999999432 ) ) ;
#1155 = CARTESIAN_POINT ( 'NONE',  ( 35.95683825789414811, 29.35017153289555125, 20.97118148698565321 ) ) ;
#1156 = DIRECTION ( 'NONE',  ( -1.000000000000000000, -0.000000000000000000, -0.000000000000000000 ) ) ;
#1157 = ORIENTED_EDGE ( 'NONE', *, *, #1755, .F. ) ;
#1158 = VERTEX_POINT ( 'NONE', #197 ) ;
#1159 = CARTESIAN_POINT ( 'NONE',  ( 21.97881696665804085, 25.39999999999999858, 47.89983617408243788 ) ) ;
#1160 = EDGE_CURVE ( 'NONE', #1422, #536, #250, .T. ) ;
#1161 = EDGE_CURVE ( 'NONE', #1129, #229, #1315, .T. ) ;
#1162 = ORIENTED_EDGE ( 'NONE', *, *, #1832, .T. ) ;
#1163 = DIRECTION ( 'NONE',  ( 1.000000000000000000, 0.000000000000000000, 0.000000000000000000 ) ) ;
#1164 = DIRECTION ( 'NONE',  ( -1.000000000000000000, 0.000000000000000000, 0.000000000000000000 ) ) ;
#1165 = ORIENTED_EDGE ( 'NONE', *, *, #1847, .F. ) ;
#1166 = ORIENTED_EDGE ( 'NONE', *, *, #618, .F. ) ;
#1167 = LINE ( 'NONE', #114, #10 ) ;
#1168 = EDGE_CURVE ( 'NONE', #1609, #1480, #56, .T. ) ;
#1169 = ORIENTED_EDGE ( 'NONE', *, *, #78, .F. ) ;
#1170 = CIRCLE ( 'NONE', #561, 1.500000000000001332 ) ;
#1171 = AXIS2_PLACEMENT_3D ( 'NONE', #666, #355, #1105 ) ;
#1172 = DIRECTION ( 'NONE',  ( -0.000000000000000000, -0.000000000000000000, -1.000000000000000000 ) ) ;
#1173 = DIRECTION ( 'NONE',  ( 1.000000000000000000, 0.000000000000000000, 0.000000000000000000 ) ) ;
#1174 = ORIENTED_EDGE ( 'NONE', *, *, #65, .F. ) ;
#1175 = PRODUCT_RELATED_PRODUCT_CATEGORY ( 'part', '', ( #441 ) ) ;
#1176 = EDGE_LOOP ( 'NONE', ( #1542, #591 ) ) ;
#1177 = DIRECTION ( 'NONE',  ( -0.000000000000000000, 1.000000000000000000, 0.000000000000000000 ) ) ;
#1178 = VECTOR ( 'NONE', #730, 1000.000000000000000 ) ;
#1179 = ORIENTED_EDGE ( 'NONE', *, *, #203, .T. ) ;
#1180 = AXIS2_PLACEMENT_3D ( 'NONE', #1739, #16, #456 ) ;
#1181 = CYLINDRICAL_SURFACE ( 'NONE', #874, 1.000000000000000888 ) ;
#1182 = FACE_OUTER_BOUND ( 'NONE', #140, .T. ) ;
#1183 = CARTESIAN_POINT ( 'NONE',  ( 42.22999999999998977, 25.39999999999999858, 12.69999999999999929 ) ) ;
#1184 = ORIENTED_EDGE ( 'NONE', *, *, #272, .T. ) ;
#1185 = CARTESIAN_POINT ( 'NONE',  ( 0.000000000000000000, 25.39999999999999858, 0.000000000000000000 ) ) ;
#1186 = DIRECTION ( 'NONE',  ( 0.000000000000000000, 0.000000000000000000, -1.000000000000000000 ) ) ;
#1187 = ORIENTED_EDGE ( 'NONE', *, *, #729, .T. ) ;
#1188 = DIRECTION ( 'NONE',  ( -0.000000000000000000, -0.000000000000000000, -1.000000000000000000 ) ) ;
#1189 = DIRECTION ( 'NONE',  ( -0.8592674797779680240, 0.000000000000000000, 0.5115265371376340742 ) ) ;
#1190 = ORIENTED_EDGE ( 'NONE', *, *, #618, .T. ) ;
#1191 = ORIENTED_EDGE ( 'NONE', *, *, #145, .F. ) ;
#1192 = FACE_OUTER_BOUND ( 'NONE', #976, .T. ) ;
#1193 = CARTESIAN_POINT ( 'NONE',  ( 0.000000000000000000, 25.39999999999999858, 61.85000000000000142 ) ) ;
#1194 = DIRECTION ( 'NONE',  ( -0.000000000000000000, 1.000000000000000000, 0.000000000000000000 ) ) ;
#1195 = EDGE_LOOP ( 'NONE', ( #764, #326 ) ) ;
#1196 = CIRCLE ( 'NONE', #1838, 1.199999999999999734 ) ;
#1197 = CARTESIAN_POINT ( 'NONE',  ( 12.99206776045025613, 29.35017153289555125, 22.20380576427200126 ) ) ;
#1198 = CARTESIAN_POINT ( 'NONE',  ( 5.514999999999991687, 6.349999999999999645, 5.000000000000000000 ) ) ;
#1199 = CARTESIAN_POINT ( 'NONE',  ( 9.000000000000001776, 9.350171532895551252, 53.73892799446564084 ) ) ;
#1200 = ORIENTED_EDGE ( 'NONE', *, *, #1415, .F. ) ;
#1201 = VECTOR ( 'NONE', #692, 1000.000000000000000 ) ;
#1202 = CARTESIAN_POINT ( 'NONE',  ( 5.514999999999991687, 6.349999999999999645, 12.69999999999999929 ) ) ;
#1203 = FACE_OUTER_BOUND ( 'NONE', #1569, .T. ) ;
#1204 = VERTEX_POINT ( 'NONE', #1497 ) ;
#1205 = EDGE_CURVE ( 'NONE', #1859, #1407, #141, .T. ) ;
#1206 = CYLINDRICAL_SURFACE ( 'NONE', #1288, 1.000000000000000888 ) ;
#1207 = ADVANCED_FACE ( 'NONE', ( #189, #756, #1333 ), #1053, .F. ) ;
#1208 = FACE_OUTER_BOUND ( 'NONE', #910, .T. ) ;
#1209 = DIRECTION ( 'NONE',  ( 0.5038057642720050744, 0.000000000000000000, 0.8638169666580420847 ) ) ;
#1210 = EDGE_LOOP ( 'NONE', ( #831, #1617, #493, #1724 ) ) ;
#1211 = DIRECTION ( 'NONE',  ( 0.000000000000000000, 1.000000000000000000, 0.000000000000000000 ) ) ;
#1212 = DIRECTION ( 'NONE',  ( 0.000000000000000000, 0.000000000000000000, -1.000000000000000000 ) ) ;
#1213 = ORIENTED_EDGE ( 'NONE', *, *, #150, .T. ) ;
#1214 = CIRCLE ( 'NONE', #884, 1.649999999999998579 ) ;
#1215 = DIRECTION ( 'NONE',  ( 0.000000000000000000, 0.000000000000000000, -1.000000000000000000 ) ) ;
#1216 = EDGE_CURVE ( 'NONE', #717, #535, #801, .T. ) ;
#1217 = ADVANCED_FACE ( 'NONE', ( #1767 ), #1206, .F. ) ;
#1218 = CIRCLE ( 'NONE', #1644, 1.000000000000000888 ) ;
#1219 = CARTESIAN_POINT ( 'NONE',  ( 12.99206776045026146, 25.39999999999999858, 60.34619423572798524 ) ) ;
#1220 = CARTESIAN_POINT ( 'NONE',  ( 1.114999999999994440, 18.55017153289555765, 76.19999999999998863 ) ) ;
#1221 = CARTESIAN_POINT ( 'NONE',  ( 0.000000000000000000, 0.000000000000000000, 12.69999999999999929 ) ) ;
#1222 = LINE ( 'NONE', #766, #1845 ) ;
#1223 = ORIENTED_EDGE ( 'NONE', *, *, #1168, .T. ) ;
#1224 = EDGE_CURVE ( 'NONE', #167, #1513, #88, .T. ) ;
#1225 = CARTESIAN_POINT ( 'NONE',  ( 31.35898685425346599, 9.350171532895551252, 19.27842715282192998 ) ) ;
#1226 = CARTESIAN_POINT ( 'NONE',  ( 41.11500000000000199, 15.55017153289556298, 81.84999999999999432 ) ) ;
#1227 = FACE_OUTER_BOUND ( 'NONE', #524, .T. ) ;
#1228 = CARTESIAN_POINT ( 'NONE',  ( 1.114999999999994440, 15.55017153289555587, 81.84999999999999432 ) ) ;
#1229 = ORIENTED_EDGE ( 'NONE', *, *, #793, .T. ) ;
#1230 = CIRCLE ( 'NONE', #1049, 1.000000000000000888 ) ;
#1231 = EDGE_CURVE ( 'NONE', #955, #586, #316, .T. ) ;
#1232 = PRESENTATION_STYLE_ASSIGNMENT (( #1100 ) ) ;
#1233 = AXIS2_PLACEMENT_3D ( 'NONE', #600, #1601, #302 ) ;
#1234 = CARTESIAN_POINT ( 'NONE',  ( 52.22999999999998977, 25.39999999999999858, 54.84999999999999432 ) ) ;
#1235 = DIRECTION ( 'NONE',  ( -1.000000000000000000, 0.000000000000000000, 0.000000000000000000 ) ) ;
#1236 = ADVANCED_FACE ( 'NONE', ( #471 ), #1631, .F. ) ;
#1237 = CARTESIAN_POINT ( 'NONE',  ( 28.37411527289169655, 9.350171532895551252, 21.69999999999999218 ) ) ;
#1238 = ORIENTED_EDGE ( 'NONE', *, *, #892, .F. ) ;
#1239 = VERTEX_POINT ( 'NONE', #639 ) ;
#1240 = CARTESIAN_POINT ( 'NONE',  ( 24.71059414364093598, 25.39999999999999858, 41.79039014342406944 ) ) ;
#1241 = DIRECTION ( 'NONE',  ( 0.000000000000000000, 1.000000000000000000, 0.000000000000000000 ) ) ;
#1242 = DIRECTION ( 'NONE',  ( 0.000000000000000000, 0.000000000000000000, -1.000000000000000000 ) ) ;
#1243 = CIRCLE ( 'NONE', #1425, 10.00000000000000178 ) ;
#1244 = CARTESIAN_POINT ( 'NONE',  ( 33.22999999999998977, 29.35017153289555125, 54.73892799446564794 ) ) ;
#1245 = LINE ( 'NONE', #644, #593 ) ;
#1246 = EDGE_LOOP ( 'NONE', ( #661, #1165, #1039, #1277 ) ) ;
#1247 = ORIENTED_EDGE ( 'NONE', *, *, #1270, .T. ) ;
#1248 = FACE_OUTER_BOUND ( 'NONE', #163, .T. ) ;
#1249 = PLANE ( 'NONE',  #63 ) ;
#1250 = LINE ( 'NONE', #271, #397 ) ;
#1251 = DIRECTION ( 'NONE',  ( -0.000000000000000000, 1.000000000000000000, -0.000000000000000000 ) ) ;
#1252 = DIRECTION ( 'NONE',  ( -0.5237149004663621543, 0.000000000000000000, -0.8518935984203123146 ) ) ;
#1253 = CARTESIAN_POINT ( 'NONE',  ( 24.71059414364093243, 9.350171532895551252, 41.79039014342406944 ) ) ;
#1254 = ORIENTED_EDGE ( 'NONE', *, *, #427, .F. ) ;
#1255 = ORIENTED_EDGE ( 'NONE', *, *, #556, .F. ) ;
#1256 = FILL_AREA_STYLE_COLOUR ( '', #1411 ) ;
#1257 = AXIS2_PLACEMENT_3D ( 'NONE', #1278, #436, #1409 ) ;
#1258 = CIRCLE ( 'NONE', #1078, 10.00000000000000178 ) ;
#1259 = EDGE_CURVE ( 'NONE', #347, #555, #1524, .T. ) ;
#1260 = ORIENTED_EDGE ( 'NONE', *, *, #476, .F. ) ;
#1261 = CARTESIAN_POINT ( 'NONE',  ( 21.11499999999999488, 25.55017153289555765, 79.02499999999997726 ) ) ;
#1262 = LINE ( 'NONE', #1839, #778 ) ;
#1263 = LINE ( 'NONE', #1282, #1019 ) ;
#1264 = ORIENTED_EDGE ( 'NONE', *, *, #624, .T. ) ;
#1265 = EDGE_LOOP ( 'NONE', ( #1496, #894, #1666, #296 ) ) ;
#1266 = DIRECTION ( 'NONE',  ( 1.000000000000000000, 0.000000000000000000, 0.000000000000000000 ) ) ;
#1267 = AXIS2_PLACEMENT_3D ( 'NONE', #75, #1509, #1103 ) ;
#1268 = EDGE_CURVE ( 'NONE', #1590, #1737, #1196, .T. ) ;
#1269 = CARTESIAN_POINT ( 'NONE',  ( 21.11499999999999133, 25.39999999999999858, 48.40364193835443274 ) ) ;
#1270 = EDGE_CURVE ( 'NONE', #863, #1859, #808, .T. ) ;
#1271 = EDGE_LOOP ( 'NONE', ( #612, #1033, #1478, #547, #720, #153, #121 ) ) ;
#1272 = PRODUCT_DEFINITION_SHAPE ( 'NONE', 'NONE',  #1620 ) ;
#1273 = LINE ( 'NONE', #963, #1429 ) ;
#1274 = CARTESIAN_POINT ( 'NONE',  ( 52.22999999999998977, 25.39999999999999858, 69.84999999999999432 ) ) ;
#1275 = PLANE ( 'NONE',  #1745 ) ;
#1276 = ORIENTED_EDGE ( 'NONE', *, *, #1603, .T. ) ;
#1277 = ORIENTED_EDGE ( 'NONE', *, *, #1545, .F. ) ;
#1278 = CARTESIAN_POINT ( 'NONE',  ( 9.000000000000001776, 25.39999999999999858, 28.38671016643813871 ) ) ;
#1279 = VERTEX_POINT ( 'NONE', #381 ) ;
#1280 = CARTESIAN_POINT ( 'NONE',  ( 28.37411527289169655, 9.350171532895551252, 20.69999999999999218 ) ) ;
#1281 = LINE ( 'NONE', #422, #291 ) ;
#1282 = CARTESIAN_POINT ( 'NONE',  ( 0.000000000000000000, 25.39999999999999858, 69.84999999999999432 ) ) ;
#1283 = VERTEX_POINT ( 'NONE', #965 ) ;
#1284 = VERTEX_POINT ( 'NONE', #22 ) ;
#1285 = EDGE_CURVE ( 'NONE', #1303, #229, #1281, .T. ) ;
#1286 = CARTESIAN_POINT ( 'NONE',  ( 1.114999999999994440, 15.55017153289555587, 69.84999999999999432 ) ) ;
#1287 = EDGE_CURVE ( 'NONE', #940, #1120, #262, .T. ) ;
#1288 = AXIS2_PLACEMENT_3D ( 'NONE', #768, #924, #494 ) ;
#1289 = CIRCLE ( 'NONE', #562, 1.649999999999998579 ) ;
#1290 = ORIENTED_EDGE ( 'NONE', *, *, #1367, .F. ) ;
#1291 = AXIS2_PLACEMENT_3D ( 'NONE', #1108, #385, #969 ) ;
#1292 = CARTESIAN_POINT ( 'NONE',  ( 25.56248774206123997, 9.350171532895551252, 41.26667524295770306 ) ) ;
#1293 = CARTESIAN_POINT ( 'NONE',  ( 36.71499999999999631, 6.349999999999999645, 12.69999999999999929 ) ) ;
#1294 = CARTESIAN_POINT ( 'NONE',  ( 13.85588472710830565, 9.350171532895551252, 61.84999999999999432 ) ) ;
#1295 = ADVANCED_FACE ( 'NONE', ( #97 ), #860, .F. ) ;
#1296 = VERTEX_POINT ( 'NONE', #1730 ) ;
#1297 = EDGE_CURVE ( 'NONE', #407, #700, #714, .T. ) ;
#1298 = ORIENTED_EDGE ( 'NONE', *, *, #1507, .F. ) ;
#1299 = DIRECTION ( 'NONE',  ( 0.000000000000000000, 0.000000000000000000, -1.000000000000000000 ) ) ;
#1300 = ORIENTED_EDGE ( 'NONE', *, *, #2, .T. ) ;
#1301 = CARTESIAN_POINT ( 'NONE',  ( 0.000000000000000000, 0.000000000000000000, 0.000000000000000000 ) ) ;
#1302 = CARTESIAN_POINT ( 'NONE',  ( 1.514999999999985913, 6.349999999999999645, 5.000000000000000000 ) ) ;
#1303 = VERTEX_POINT ( 'NONE', #402 ) ;
#1304 = ORIENTED_EDGE ( 'NONE', *, *, #566, .T. ) ;
#1305 = CIRCLE ( 'NONE', #1825, 1.200000000000000622 ) ;
#1306 = DIRECTION ( 'NONE',  ( -0.5115265371376340742, 0.000000000000000000, -0.8592674797779680240 ) ) ;
#1307 = ORIENTED_EDGE ( 'NONE', *, *, #1864, .F. ) ;
#1308 = ADVANCED_FACE ( 'NONE', ( #137 ), #851, .F. ) ;
#1309 = CARTESIAN_POINT ( 'NONE',  ( 19.46499999999999631, 15.55017153289555942, 79.02499999999997726 ) ) ;
#1310 = DIRECTION ( 'NONE',  ( -1.000000000000000000, 0.000000000000000000, 0.000000000000000000 ) ) ;
#1311 = ORIENTED_EDGE ( 'NONE', *, *, #1012, .F. ) ;
#1312 = ORIENTED_EDGE ( 'NONE', *, *, #818, .F. ) ;
#1313 = PLANE ( 'NONE',  #1781 ) ;
#1314 = EDGE_LOOP ( 'NONE', ( #769, #442, #1586, #1162 ) ) ;
#1315 = CIRCLE ( 'NONE', #286, 1.000000000000000888 ) ;
#1316 = AXIS2_PLACEMENT_3D ( 'NONE', #1598, #846, #278 ) ;
#1317 = DIRECTION ( 'NONE',  ( 0.5038057642720051854, 0.000000000000000000, -0.8638169666580419737 ) ) ;
#1318 = FACE_OUTER_BOUND ( 'NONE', #1812, .T. ) ;
#1319 = ORIENTED_EDGE ( 'NONE', *, *, #1067, .T. ) ;
#1320 = EDGE_LOOP ( 'NONE', ( #1011, #1390, #638, #1629 ) ) ;
#1321 = CARTESIAN_POINT ( 'NONE',  ( 21.97881696665804085, 9.350171532895551252, 47.89983617408243077 ) ) ;
#1322 = VECTOR ( 'NONE', #545, 1000.000000000000000 ) ;
#1323 = DIRECTION ( 'NONE',  ( 0.000000000000000000, -1.000000000000000000, 0.000000000000000000 ) ) ;
#1324 = VERTEX_POINT ( 'NONE', #1426 ) ;
#1325 = EDGE_CURVE ( 'NONE', #535, #90, #1404, .T. ) ;
#1326 = CIRCLE ( 'NONE', #1180, 1.200000000000000622 ) ;
#1327 = LINE ( 'NONE', #1443, #205 ) ;
#1328 = PLANE ( 'NONE',  #453 ) ;
#1329 = DIRECTION ( 'NONE',  ( -1.734723475976806848E-16, 1.000000000000000000, 0.000000000000000000 ) ) ;
#1330 = EDGE_LOOP ( 'NONE', ( #139, #932, #1336, #548, #1795, #473, #1179, #1431 ) ) ;
#1331 = DIRECTION ( 'NONE',  ( 0.5038057642720050744, 0.000000000000000000, 0.8638169666580419737 ) ) ;
#1332 = CARTESIAN_POINT ( 'NONE',  ( 5.514999999999991687, 6.349999999999999645, 0.000000000000000000 ) ) ;
#1333 = FACE_OUTER_BOUND ( 'NONE', #1539, .T. ) ;
#1334 = VECTOR ( 'NONE', #77, 1000.000000000000000 ) ;
#1335 = VECTOR ( 'NONE', #1582, 1000.000000000000000 ) ;
#1336 = ORIENTED_EDGE ( 'NONE', *, *, #1017, .T. ) ;
#1337 = CARTESIAN_POINT ( 'NONE',  ( 9.851893598420307541, 9.350171532895551252, 54.26264289493200721 ) ) ;
#1338 = DIRECTION ( 'NONE',  ( 0.000000000000000000, 0.000000000000000000, 1.000000000000000000 ) ) ;
#1339 = CARTESIAN_POINT ( 'NONE',  ( 0.000000000000000000, 0.000000000000000000, 12.69999999999999929 ) ) ;
#1340 = ORIENTED_EDGE ( 'NONE', *, *, #274, .T. ) ;
#1341 = DIRECTION ( 'NONE',  ( 0.000000000000000000, 0.000000000000000000, 1.000000000000000000 ) ) ;
#1342 = DIRECTION ( 'NONE',  ( 1.000000000000000000, 0.000000000000000000, -0.000000000000000000 ) ) ;
#1343 = EDGE_LOOP ( 'NONE', ( #542, #877, #1650, #1340 ) ) ;
#1344 = ADVANCED_FACE ( 'NONE', ( #1009 ), #1704, .F. ) ;
#1345 = DIRECTION ( 'NONE',  ( 0.000000000000000000, 0.000000000000000000, 1.000000000000000000 ) ) ;
#1346 = EDGE_CURVE ( 'NONE', #689, #304, #432, .T. ) ;
#1347 = ORIENTED_EDGE ( 'NONE', *, *, #1490, .T. ) ;
#1348 = VECTOR ( 'NONE', #1474, 1000.000000000000000 ) ;
#1349 = CARTESIAN_POINT ( 'NONE',  ( 0.000000000000000000, 9.350171532895551252, 12.69999999999999574 ) ) ;
#1350 = DIRECTION ( 'NONE',  ( -0.000000000000000000, 1.000000000000000000, 0.000000000000000000 ) ) ;
#1351 = AXIS2_PLACEMENT_3D ( 'NONE', #1557, #992, #1731 ) ;
#1352 = VERTEX_POINT ( 'NONE', #110 ) ;
#1353 = AXIS2_PLACEMENT_3D ( 'NONE', #948, #222, #800 ) ;
#1354 = EDGE_CURVE ( 'NONE', #159, #1737, #706, .T. ) ;
#1355 = FACE_BOUND ( 'NONE', #843, .T. ) ;
#1356 = EDGE_CURVE ( 'NONE', #229, #1625, #564, .T. ) ;
#1357 = DIRECTION ( 'NONE',  ( 1.000000000000000000, 0.000000000000000000, 0.000000000000000000 ) ) ;
#1358 = ORIENTED_EDGE ( 'NONE', *, *, #87, .F. ) ;
#1359 = DIRECTION ( 'NONE',  ( 0.000000000000000000, 1.000000000000000000, 0.000000000000000000 ) ) ;
#1360 = AXIS2_PLACEMENT_3D ( 'NONE', #1436, #819, #391 ) ;
#1361 = CARTESIAN_POINT ( 'NONE',  ( 9.514999999999998792, 6.350000000000000533, 5.000000000000000000 ) ) ;
#1362 = DIRECTION ( 'NONE',  ( 0.000000000000000000, -1.000000000000000000, 0.000000000000000000 ) ) ;
#1363 = CIRCLE ( 'NONE', #122, 4.000000000000003553 ) ;
#1364 = DIRECTION ( 'NONE',  ( -0.000000000000000000, 1.000000000000000000, 0.000000000000000000 ) ) ;
#1365 = CARTESIAN_POINT ( 'NONE',  ( 34.22999999999998977, 9.350171532895551252, -0.000000000000000000 ) ) ;
#1366 = VERTEX_POINT ( 'NONE', #552 ) ;
#1367 = EDGE_CURVE ( 'NONE', #1366, #1613, #1262, .T. ) ;
#1368 = AXIS2_PLACEMENT_3D ( 'NONE', #560, #1143, #827 ) ;
#1369 = APPLICATION_CONTEXT ( 'automotive_design' ) ;
#1370 = CARTESIAN_POINT ( 'NONE',  ( 8.000000000000000000, 9.350171532895551252, -0.000000000000000000 ) ) ;
#1371 = DIRECTION ( 'NONE',  ( 0.000000000000000000, 0.000000000000000000, -1.000000000000000000 ) ) ;
#1372 = CARTESIAN_POINT ( 'NONE',  ( 13.85588472710830032, 9.350171532895551252, 21.69999999999999218 ) ) ;
#1373 = CARTESIAN_POINT ( 'NONE',  ( 34.22999999999998977, 29.35017153289555125, 0.000000000000000000 ) ) ;
#1374 = VERTEX_POINT ( 'NONE', #1395 ) ;
#1375 = CARTESIAN_POINT ( 'NONE',  ( 25.95277096468218403, 25.39999999999999858, 27.83648853347199292 ) ) ;
#1376 = LINE ( 'NONE', #641, #356 ) ;
#1377 = CARTESIAN_POINT ( 'NONE',  ( -0.7117171053173281248, 29.35017153289555125, 0.4375392110735979445 ) ) ;
#1378 = VECTOR ( 'NONE', #1299, 1000.000000000000000 ) ;
#1379 = AXIS2_PLACEMENT_3D ( 'NONE', #1477, #601, #320 ) ;
#1380 = DIRECTION ( 'NONE',  ( -0.000000000000000000, -0.000000000000000000, -1.000000000000000000 ) ) ;
#1381 = VERTEX_POINT ( 'NONE', #1722 ) ;
#1382 = VERTEX_POINT ( 'NONE', #1848 ) ;
#1383 = AXIS2_PLACEMENT_3D ( 'NONE', #1699, #1531, #64 ) ;
#1384 = CARTESIAN_POINT ( 'NONE',  ( 33.22999999999998977, 9.350171532895551252, 54.73892799446564794 ) ) ;
#1385 = CARTESIAN_POINT ( 'NONE',  ( 21.11499999999999488, 29.35017153289555125, 34.14635806164555021 ) ) ;
#1386 = CARTESIAN_POINT ( 'NONE',  ( 9.859267479777967580, 9.350171532895551252, 27.87518362930050486 ) ) ;
#1387 = CARTESIAN_POINT ( 'NONE',  ( 29.23793223954973897, 29.35017153289555125, 60.34619423572799946 ) ) ;
#1388 = LINE ( 'NONE', #1664, #268 ) ;
#1389 = ORIENTED_EDGE ( 'NONE', *, *, #1285, .F. ) ;
#1390 = ORIENTED_EDGE ( 'NONE', *, *, #427, .T. ) ;
#1391 = DIRECTION ( 'NONE',  ( 0.000000000000000000, -1.000000000000000000, 0.000000000000000000 ) ) ;
#1392 = FACE_OUTER_BOUND ( 'NONE', #1697, .T. ) ;
#1393 = FACE_OUTER_BOUND ( 'NONE', #62, .T. ) ;
#1394 = CARTESIAN_POINT ( 'NONE',  ( -4.445667335735672410, 29.35017153289555125, 2.592855797269894680 ) ) ;
#1395 = CARTESIAN_POINT ( 'NONE',  ( -10.00000000000000000, 25.39999999999999858, 69.84999999999999432 ) ) ;
#1396 = LINE ( 'NONE', #658, #1655 ) ;
#1397 = EDGE_CURVE ( 'NONE', #1381, #4, #18, .T. ) ;
#1398 = ORIENTED_EDGE ( 'NONE', *, *, #410, .F. ) ;
#1399 = ORIENTED_EDGE ( 'NONE', *, *, #962, .F. ) ;
#1400 = CARTESIAN_POINT ( 'NONE',  ( 21.11499999999999488, 25.39999999999999858, 34.14635806164555021 ) ) ;
#1401 = EDGE_CURVE ( 'NONE', #1128, #822, #1857, .T. ) ;
#1402 = ORIENTED_EDGE ( 'NONE', *, *, #103, .F. ) ;
#1403 = CARTESIAN_POINT ( 'NONE',  ( 41.11500000000000199, 15.55017153289556298, 76.19999999999998863 ) ) ;
#1404 = LINE ( 'NONE', #676, #845 ) ;
#1405 = DIRECTION ( 'NONE',  ( 0.000000000000000000, -1.000000000000000000, 0.000000000000000000 ) ) ;
#1406 = ORIENTED_EDGE ( 'NONE', *, *, #395, .T. ) ;
#1407 = VERTEX_POINT ( 'NONE', #252 ) ;
#1408 = EDGE_CURVE ( 'NONE', #1120, #516, #999, .T. ) ;
#1409 = DIRECTION ( 'NONE',  ( 0.000000000000000000, 0.000000000000000000, -1.000000000000000000 ) ) ;
#1410 = VECTOR ( 'NONE', #820, 1000.000000000000000 ) ;
#1411 = COLOUR_RGB ( '',0.7921568627450980005, 0.8196078431372548767, 0.9333333333333333481 ) ;
#1412 = ORIENTED_EDGE ( 'NONE', *, *, #1354, .T. ) ;
#1413 = DIRECTION ( 'NONE',  ( -0.000000000000000000, 1.000000000000000000, 0.000000000000000000 ) ) ;
#1414 = CIRCLE ( 'NONE', #1595, 4.000000000000003553 ) ;
#1415 = EDGE_CURVE ( 'NONE', #1119, #723, #1135, .T. ) ;
#1416 = CARTESIAN_POINT ( 'NONE',  ( 0.000000000000000000, 9.350171532895551252, 69.84999999999999432 ) ) ;
#1417 = DIRECTION ( 'NONE',  ( 0.000000000000000000, 0.000000000000000000, -1.000000000000000000 ) ) ;
#1418 = ORIENTED_EDGE ( 'NONE', *, *, #751, .T. ) ;
#1419 = ORIENTED_EDGE ( 'NONE', *, *, #1747, .F. ) ;
#1420 = DIRECTION ( 'NONE',  ( -0.000000000000000000, 0.000000000000000000, 1.000000000000000000 ) ) ;
#1421 = EDGE_CURVE ( 'NONE', #117, #717, #1712, .T. ) ;
#1422 = VERTEX_POINT ( 'NONE', #1125 ) ;
#1423 = CARTESIAN_POINT ( 'NONE',  ( 34.22999999999998977, 25.39999999999999858, 53.73892799446565505 ) ) ;
#1424 = EDGE_CURVE ( 'NONE', #1296, #91, #1327, .T. ) ;
#1425 = AXIS2_PLACEMENT_3D ( 'NONE', #89, #1364, #373 ) ;
#1426 = CARTESIAN_POINT ( 'NONE',  ( 12.99206776045025791, 25.39999999999999858, 22.20380576427200126 ) ) ;
#1427 = EDGE_CURVE ( 'NONE', #53, #1204, #580, .T. ) ;
#1428 = DIRECTION ( 'NONE',  ( 0.000000000000000000, 1.000000000000000000, 0.000000000000000000 ) ) ;
#1429 = VECTOR ( 'NONE', #136, 1000.000000000000000 ) ;
#1430 = EDGE_LOOP ( 'NONE', ( #1707, #244, #741, #1015 ) ) ;
#1431 = ORIENTED_EDGE ( 'NONE', *, *, #960, .F. ) ;
#1432 = CARTESIAN_POINT ( 'NONE',  ( 1.114999999999994440, 17.05017153289555765, 76.19999999999998863 ) ) ;
#1433 = ORIENTED_EDGE ( 'NONE', *, *, #354, .F. ) ;
#1434 = EDGE_CURVE ( 'NONE', #1381, #1382, #1886, .T. ) ;
#1435 = CARTESIAN_POINT ( 'NONE',  ( 36.71499999999999631, 6.349999999999999645, 12.69999999999999929 ) ) ;
#1436 = CARTESIAN_POINT ( 'NONE',  ( 36.15283189245549522, 29.35017153289555125, 21.52197463640230524 ) ) ;
#1437 = CYLINDRICAL_SURFACE ( 'NONE', #444, 10.00000000000000178 ) ;
#1438 = VERTEX_POINT ( 'NONE', #1337 ) ;
#1439 = ORIENTED_EDGE ( 'NONE', *, *, #550, .F. ) ;
#1440 = DIRECTION ( 'NONE',  ( -0.000000000000000000, -0.000000000000000000, -1.000000000000000000 ) ) ;
#1441 = VECTOR ( 'NONE', #460, 1000.000000000000000 ) ;
#1442 = ORIENTED_EDGE ( 'NONE', *, *, #704, .F. ) ;
#1443 = CARTESIAN_POINT ( 'NONE',  ( 34.22999999999998977, 9.350171532895551252, 28.38671016643815292 ) ) ;
#1444 = CARTESIAN_POINT ( 'NONE',  ( -0.000000000000000000, 9.350171532895551252, 20.69999999999999218 ) ) ;
#1445 = EDGE_LOOP ( 'NONE', ( #1307, #365, #285, #699 ) ) ;
#1446 = VECTOR ( 'NONE', #829, 1000.000000000000000 ) ;
#1447 = ORIENTED_EDGE ( 'NONE', *, *, #1017, .F. ) ;
#1448 = CIRCLE ( 'NONE', #876, 1.000000000000000888 ) ;
#1449 = LINE ( 'NONE', #1853, #631 ) ;
#1450 = ORIENTED_EDGE ( 'NONE', *, *, #1591, .F. ) ;
#1451 = CARTESIAN_POINT ( 'NONE',  ( 6.714999999999992752, 6.349999999999999645, 5.000000000000000000 ) ) ;
#1452 = CARTESIAN_POINT ( 'NONE',  ( 33.22999999999998977, 9.350171532895551252, 28.38671016643815292 ) ) ;
#1453 = EDGE_LOOP ( 'NONE', ( #1138, #459, #799, #1001 ) ) ;
#1454 = VERTEX_POINT ( 'NONE', #1451 ) ;
#1455 = ADVANCED_FACE ( 'NONE', ( #282 ), #1770, .T. ) ;
#1456 = FACE_OUTER_BOUND ( 'NONE', #1445, .T. ) ;
#1457 = ORIENTED_EDGE ( 'NONE', *, *, #1205, .F. ) ;
#1458 = LINE ( 'NONE', #1301, #659 ) ;
#1459 = CARTESIAN_POINT ( 'NONE',  ( 41.11500000000000199, 18.55017153289556475, 81.84999999999999432 ) ) ;
#1460 = EDGE_LOOP ( 'NONE', ( #135, #434, #300, #1052 ) ) ;
#1461 = ORIENTED_EDGE ( 'NONE', *, *, #1632, .T. ) ;
#1462 = CARTESIAN_POINT ( 'NONE',  ( 20.25118303334195602, 25.39999999999999858, 34.65016382591755928 ) ) ;
#1463 = ADVANCED_FACE ( 'NONE', ( #1036 ), #761, .F. ) ;
#1464 = ORIENTED_EDGE ( 'NONE', *, *, #341, .F. ) ;
#1465 = AXIS2_PLACEMENT_3D ( 'NONE', #1783, #1611, #1310 ) ;
#1466 = VECTOR ( 'NONE', #1251, 1000.000000000000000 ) ;
#1467 = DIRECTION ( 'NONE',  ( -0.000000000000000000, -0.000000000000000000, -1.000000000000000000 ) ) ;
#1468 = LINE ( 'NONE', #440, #298 ) ;
#1469 = DIRECTION ( 'NONE',  ( 0.5038057642720050744, 0.000000000000000000, 0.8638169666580419737 ) ) ;
#1470 = EDGE_LOOP ( 'NONE', ( #311, #1319, #307, #405 ) ) ;
#1471 = PLANE ( 'NONE',  #683 ) ;
#1472 = DIRECTION ( 'NONE',  ( 0.000000000000000000, 0.000000000000000000, 1.000000000000000000 ) ) ;
#1473 = VECTOR ( 'NONE', #1188, 1000.000000000000000 ) ;
#1474 = DIRECTION ( 'NONE',  ( -1.000000000000000000, -0.000000000000000000, -0.000000000000000000 ) ) ;
#1475 = ORIENTED_EDGE ( 'NONE', *, *, #218, .F. ) ;
#1476 = PLANE ( 'NONE',  #632 ) ;
#1477 = CARTESIAN_POINT ( 'NONE',  ( 13.85588472710830032, 29.35017153289555125, 21.69999999999999218 ) ) ;
#1478 = ORIENTED_EDGE ( 'NONE', *, *, #1028, .T. ) ;
#1479 = ADVANCED_FACE ( 'NONE', ( #721 ), #1476, .T. ) ;
#1480 = VERTEX_POINT ( 'NONE', #1623 ) ;
#1481 = ADVANCED_FACE ( 'NONE', ( #164 ), #738, .F. ) ;
#1482 = DIRECTION ( 'NONE',  ( -0.000000000000000000, -0.000000000000000000, -1.000000000000000000 ) ) ;
#1483 = EDGE_CURVE ( 'NONE', #1284, #117, #175, .T. ) ;
#1484 = CARTESIAN_POINT ( 'NONE',  ( 4.314999999999991509, 6.349999999999999645, 5.000000000000000000 ) ) ;
#1485 = VERTEX_POINT ( 'NONE', #1309 ) ;
#1486 = CARTESIAN_POINT ( 'NONE',  ( 21.11499999999999133, 9.350171532895551252, 48.40364193835443274 ) ) ;
#1487 = VECTOR ( 'NONE', #1811, 1000.000000000000114 ) ;
#1488 = VERTEX_POINT ( 'NONE', #181 ) ;
#1489 = ADVANCED_FACE ( 'NONE', ( #610 ), #1181, .F. ) ;
#1490 = EDGE_CURVE ( 'NONE', #690, #446, #1414, .T. ) ;
#1491 = DIRECTION ( 'NONE',  ( 0.000000000000000000, 0.000000000000000000, 1.000000000000000000 ) ) ;
#1492 = CARTESIAN_POINT ( 'NONE',  ( 33.22999999999998977, 25.39999999999999858, 53.73892799446564794 ) ) ;
#1493 = ORIENTED_EDGE ( 'NONE', *, *, #960, .T. ) ;
#1494 = PLANE ( 'NONE',  #1744 ) ;
#1495 = DIRECTION ( 'NONE',  ( 1.000000000000000000, 0.000000000000000000, 0.000000000000000000 ) ) ;
#1496 = ORIENTED_EDGE ( 'NONE', *, *, #1285, .T. ) ;
#1497 = CARTESIAN_POINT ( 'NONE',  ( 29.23793223954973541, 9.350171532895551252, 22.20380576427200126 ) ) ;
#1498 = VECTOR ( 'NONE', #186, 1000.000000000000000 ) ;
#1499 = DIRECTION ( 'NONE',  ( 0.000000000000000000, 0.000000000000000000, 1.000000000000000000 ) ) ;
#1500 = CYLINDRICAL_SURFACE ( 'NONE', #265, 1.649999999999998579 ) ;
#1501 = AXIS2_PLACEMENT_3D ( 'NONE', #1705, #722, #1696 ) ;
#1502 = EDGE_CURVE ( 'NONE', #446, #536, #907, .T. ) ;
#1503 = DIRECTION ( 'NONE',  ( 0.000000000000000000, 0.000000000000000000, 1.000000000000000000 ) ) ;
#1504 = CARTESIAN_POINT ( 'NONE',  ( 21.11499999999999488, 18.55017153289556120, 79.02499999999997726 ) ) ;
#1505 = VERTEX_POINT ( 'NONE', #36 ) ;
#1506 = AXIS2_PLACEMENT_3D ( 'NONE', #1385, #512, #1491 ) ;
#1507 = EDGE_CURVE ( 'NONE', #196, #1158, #1458, .T. ) ;
#1508 = FACE_OUTER_BOUND ( 'NONE', #113, .T. ) ;
#1509 = DIRECTION ( 'NONE',  ( -0.000000000000000000, 1.000000000000000000, 0.000000000000000000 ) ) ;
#1510 = AXIS2_PLACEMENT_3D ( 'NONE', #951, #942, #649 ) ;
#1511 = DIRECTION ( 'NONE',  ( 0.000000000000000000, -1.000000000000000000, 0.000000000000000000 ) ) ;
#1512 = DIRECTION ( 'NONE',  ( -0.000000000000000000, 1.000000000000000000, 0.000000000000000000 ) ) ;
#1513 = VERTEX_POINT ( 'NONE', #620 ) ;
#1514 = CYLINDRICAL_SURFACE ( 'NONE', #351, 10.00000000000000178 ) ;
#1515 = DIRECTION ( 'NONE',  ( 0.000000000000000000, -1.000000000000000000, 0.000000000000000000 ) ) ;
#1516 = DIRECTION ( 'NONE',  ( -1.000000000000000000, 0.000000000000000000, 0.000000000000000000 ) ) ;
#1517 = DIRECTION ( 'NONE',  ( 0.000000000000000000, 0.000000000000000000, -1.000000000000000000 ) ) ;
#1518 = EDGE_LOOP ( 'NONE', ( #668, #728 ) ) ;
#1519 = ORIENTED_EDGE ( 'NONE', *, *, #281, .T. ) ;
#1520 = LINE ( 'NONE', #1240, #13 ) ;
#1521 = EDGE_CURVE ( 'NONE', #1058, #1324, #157, .T. ) ;
#1522 = DIRECTION ( 'NONE',  ( 0.000000000000000000, 0.000000000000000000, 1.000000000000000000 ) ) ;
#1523 = CARTESIAN_POINT ( 'NONE',  ( 28.37411527289168589, 9.350171532895551252, 61.84999999999999432 ) ) ;
#1524 = CIRCLE ( 'NONE', #1588, 1.000000000000000888 ) ;
#1525 = CIRCLE ( 'NONE', #470, 4.000000000000007105 ) ;
#1526 = DIRECTION ( 'NONE',  ( 0.000000000000000000, -2.312964634635742957E-16, -1.000000000000000000 ) ) ;
#1527 = DIRECTION ( 'NONE',  ( 0.000000000000000000, 0.000000000000000000, -1.000000000000000000 ) ) ;
#1528 = VERTEX_POINT ( 'NONE', #1782 ) ;
#1529 = VERTEX_POINT ( 'NONE', #439 ) ;
#1530 = VECTOR ( 'NONE', #1440, 1000.000000000000000 ) ;
#1531 = DIRECTION ( 'NONE',  ( -0.000000000000000000, 1.000000000000000000, 0.000000000000000000 ) ) ;
#1532 = VECTOR ( 'NONE', #479, 1000.000000000000000 ) ;
#1533 = EDGE_CURVE ( 'NONE', #1407, #689, #1020, .T. ) ;
#1534 = DIRECTION ( 'NONE',  ( 1.734723475976806848E-16, -1.000000000000000000, 0.000000000000000000 ) ) ;
#1535 = DIRECTION ( 'NONE',  ( -0.5038057642720050744, 0.000000000000000000, -0.8638169666580419737 ) ) ;
#1536 = CARTESIAN_POINT ( 'NONE',  ( -10.00000000000000000, 25.39999999999999858, 69.84999999999999432 ) ) ;
#1537 = CARTESIAN_POINT ( 'NONE',  ( 17.52677973771672271, 9.350171532895551252, 40.75514870582006921 ) ) ;
#1538 = ORIENTED_EDGE ( 'NONE', *, *, #410, .T. ) ;
#1539 = EDGE_LOOP ( 'NONE', ( #883, #384, #1002, #500 ) ) ;
#1540 = EDGE_CURVE ( 'NONE', #1284, #29, #5, .T. ) ;
#1541 = CARTESIAN_POINT ( 'NONE',  ( 52.22999999999998977, 25.39999999999999858, 44.84999999999999432 ) ) ;
#1542 = ORIENTED_EDGE ( 'NONE', *, *, #1633, .F. ) ;
#1543 = AXIS2_PLACEMENT_3D ( 'NONE', #261, #1711, #1856 ) ;
#1544 = DIRECTION ( 'NONE',  ( 0.000000000000000000, 0.000000000000000000, 1.000000000000000000 ) ) ;
#1545 = EDGE_CURVE ( 'NONE', #1553, #1303, #633, .T. ) ;
#1546 = ADVANCED_FACE ( 'NONE', ( #1508 ), #191, .F. ) ;
#1547 = CARTESIAN_POINT ( 'NONE',  ( 0.6094258254803451846, 25.39999999999999858, 12.33720553903569517 ) ) ;
#1548 = CARTESIAN_POINT ( 'NONE',  ( 9.000000000000001776, 29.35017153289555125, 54.73892799446564084 ) ) ;
#1549 = ORIENTED_EDGE ( 'NONE', *, *, #215, .F. ) ;
#1550 = ORIENTED_EDGE ( 'NONE', *, *, #626, .F. ) ;
#1551 =( LENGTH_UNIT ( ) NAMED_UNIT ( * ) SI_UNIT ( .MILLI., .METRE. ) );
#1552 = CARTESIAN_POINT ( 'NONE',  ( 33.22999999999998977, 29.35017153289555125, 28.38671016643815292 ) ) ;
#1553 = VERTEX_POINT ( 'NONE', #1219 ) ;
#1554 = FACE_BOUND ( 'NONE', #798, .T. ) ;
#1555 = ADVANCED_FACE ( 'NONE', ( #1208 ), #770, .F. ) ;
#1556 = DIRECTION ( 'NONE',  ( -1.000000000000000000, 0.000000000000000000, 0.000000000000000000 ) ) ;
#1557 = CARTESIAN_POINT ( 'NONE',  ( 5.514999999999991687, 6.349999999999999645, 12.69999999999999929 ) ) ;
#1558 = ORIENTED_EDGE ( 'NONE', *, *, #1572, .T. ) ;
#1559 = ORIENTED_EDGE ( 'NONE', *, *, #759, .T. ) ;
#1560 = DIRECTION ( 'NONE',  ( 1.000000000000000000, 0.000000000000000000, 0.000000000000000000 ) ) ;
#1561 = VECTOR ( 'NONE', #1062, 1000.000000000000000 ) ;
#1562 = CIRCLE ( 'NONE', #76, 1.000000000000000888 ) ;
#1563 = ADVANCED_FACE ( 'NONE', ( #1826 ), #1092, .F. ) ;
#1564 = ORIENTED_EDGE ( 'NONE', *, *, #671, .F. ) ;
#1565 = EDGE_CURVE ( 'NONE', #1529, #1283, #116, .T. ) ;
#1566 = CARTESIAN_POINT ( 'NONE',  ( 31.47975974657633813, 29.35017153289555125, 18.36000568451597559 ) ) ;
#1567 = DIRECTION ( 'NONE',  ( 0.5038057642720050744, 0.000000000000000000, -0.8638169666580419737 ) ) ;
#1568 = CARTESIAN_POINT ( 'NONE',  ( 5.514999999999991687, 6.349999999999999645, 5.000000000000000000 ) ) ;
#1569 = EDGE_LOOP ( 'NONE', ( #1841, #1855, #709, #732 ) ) ;
#1570 = ORIENTED_EDGE ( 'NONE', *, *, #1160, .T. ) ;
#1571 = CARTESIAN_POINT ( 'NONE',  ( 0.000000000000000000, 9.350171532895551252, 44.84999999999999432 ) ) ;
#1572 = EDGE_CURVE ( 'NONE', #690, #1422, #1376, .T. ) ;
#1573 = DIRECTION ( 'NONE',  ( -0.000000000000000000, -0.000000000000000000, -1.000000000000000000 ) ) ;
#1574 = CIRCLE ( 'NONE', #185, 1.000000000000000888 ) ;
#1575 = DIRECTION ( 'NONE',  ( 0.000000000000000000, -1.000000000000000000, 0.000000000000000000 ) ) ;
#1576 = DIRECTION ( 'NONE',  ( 0.000000000000000000, 0.000000000000000000, -1.000000000000000000 ) ) ;
#1577 = VECTOR ( 'NONE', #239, 1000.000000000000000 ) ;
#1578 = VERTEX_POINT ( 'NONE', #1807 ) ;
#1579 = ORIENTED_EDGE ( 'NONE', *, *, #1297, .T. ) ;
#1580 = DIRECTION ( 'NONE',  ( 0.000000000000000000, 0.000000000000000000, 1.000000000000000000 ) ) ;
#1581 = VERTEX_POINT ( 'NONE', #1671 ) ;
#1582 = DIRECTION ( 'NONE',  ( 0.000000000000000000, -1.000000000000000000, 0.000000000000000000 ) ) ;
#1583 = DIRECTION ( 'NONE',  ( -0.8638169666580420847, 0.000000000000000000, -0.5038057642720050744 ) ) ;
#1584 = DIRECTION ( 'NONE',  ( 0.000000000000000000, 0.000000000000000000, 1.000000000000000000 ) ) ;
#1585 = ORIENTED_EDGE ( 'NONE', *, *, #1521, .T. ) ;
#1586 = ORIENTED_EDGE ( 'NONE', *, *, #1089, .T. ) ;
#1587 = LINE ( 'NONE', #1, #251 ) ;
#1588 = AXIS2_PLACEMENT_3D ( 'NONE', #665, #1323, #1215 ) ;
#1589 = VECTOR ( 'NONE', #1866, 1000.000000000000000 ) ;
#1590 = VERTEX_POINT ( 'NONE', #1661 ) ;
#1591 = EDGE_CURVE ( 'NONE', #123, #1719, #1064, .T. ) ;
#1592 = DIRECTION ( 'NONE',  ( 0.000000000000000000, 1.000000000000000000, -0.000000000000000000 ) ) ;
#1593 = DIRECTION ( 'NONE',  ( 0.000000000000000000, 1.000000000000000000, -0.000000000000000000 ) ) ;
#1594 = EDGE_LOOP ( 'NONE', ( #266, #127, #1412, #1069 ) ) ;
#1595 = AXIS2_PLACEMENT_3D ( 'NONE', #748, #319, #293 ) ;
#1596 = EDGE_LOOP ( 'NONE', ( #1304, #1862 ) ) ;
#1597 = AXIS2_PLACEMENT_3D ( 'NONE', #499, #33, #615 ) ;
#1598 = CARTESIAN_POINT ( 'NONE',  ( 41.11500000000000199, 17.05017153289556475, 76.19999999999998863 ) ) ;
#1599 = CIRCLE ( 'NONE', #1267, 1.000000000000000888 ) ;
#1600 = EDGE_LOOP ( 'NONE', ( #1169, #832, #1819, #1255 ) ) ;
#1601 = DIRECTION ( 'NONE',  ( 0.000000000000000000, 0.000000000000000000, 1.000000000000000000 ) ) ;
#1602 = FACE_OUTER_BOUND ( 'NONE', #480, .T. ) ;
#1603 = EDGE_CURVE ( 'NONE', #1438, #1844, #934, .T. ) ;
#1604 = ORIENTED_EDGE ( 'NONE', *, *, #1680, .F. ) ;
#1605 = EDGE_CURVE ( 'NONE', #822, #155, #788, .T. ) ;
#1606 = ORIENTED_EDGE ( 'NONE', *, *, #1572, .F. ) ;
#1607 = PRODUCT_DEFINITION_FORMATION_WITH_SPECIFIED_SOURCE ( 'ANY', '', #441, .NOT_KNOWN. ) ;
#1608 = FACE_BOUND ( 'NONE', #1877, .T. ) ;
#1609 = VERTEX_POINT ( 'NONE', #1645 ) ;
#1610 = DIRECTION ( 'NONE',  ( -1.000000000000000000, 0.000000000000000000, -0.000000000000000000 ) ) ;
#1611 = DIRECTION ( 'NONE',  ( -0.000000000000000000, -0.000000000000000000, -1.000000000000000000 ) ) ;
#1612 = FACE_OUTER_BOUND ( 'NONE', #374, .T. ) ;
#1613 = VERTEX_POINT ( 'NONE', #1234 ) ;
#1614 = CARTESIAN_POINT ( 'NONE',  ( 8.000000000000000000, 9.350171532895551252, 53.73892799446564084 ) ) ;
#1615 = LINE ( 'NONE', #1193, #386 ) ;
#1616 = CARTESIAN_POINT ( 'NONE',  ( 33.22999999999998977, 25.39999999999999858, 53.73892799446564794 ) ) ;
#1617 = ORIENTED_EDGE ( 'NONE', *, *, #1521, .F. ) ;
#1618 = VECTOR ( 'NONE', #1066, 1000.000000000000000 ) ;
#1619 = AXIS2_PLACEMENT_3D ( 'NONE', #546, #1126, #413 ) ;
#1620 = PRODUCT_DEFINITION ( 'UNKNOWN', '', #1607, #1748 ) ;
#1621 = VECTOR ( 'NONE', #96, 1000.000000000000000 ) ;
#1622 = EDGE_CURVE ( 'NONE', #1239, #454, #343, .T. ) ;
#1623 = CARTESIAN_POINT ( 'NONE',  ( 8.000000000000000000, 25.39999999999999858, 28.38671016643813871 ) ) ;
#1624 = LINE ( 'NONE', #762, #169 ) ;
#1625 = VERTEX_POINT ( 'NONE', #331 ) ;
#1626 = ORIENTED_EDGE ( 'NONE', *, *, #938, .F. ) ;
#1627 = LINE ( 'NONE', #491, #592 ) ;
#1628 = CYLINDRICAL_SURFACE ( 'NONE', #670, 1.000000000000000888 ) ;
#1629 = ORIENTED_EDGE ( 'NONE', *, *, #1072, .F. ) ;
#1630 = VECTOR ( 'NONE', #1055, 1000.000000000000114 ) ;
#1631 = CYLINDRICAL_SURFACE ( 'NONE', #958, 1.000000000000000888 ) ;
#1632 = EDGE_CURVE ( 'NONE', #1513, #984, #786, .T. ) ;
#1633 = EDGE_CURVE ( 'NONE', #603, #881, #1305, .T. ) ;
#1634 = EDGE_LOOP ( 'NONE', ( #1850, #733, #1447, #1659 ) ) ;
#1635 = DIRECTION ( 'NONE',  ( 0.000000000000000000, 0.000000000000000000, -1.000000000000000000 ) ) ;
#1636 = DIRECTION ( 'NONE',  ( -0.000000000000000000, -0.000000000000000000, -1.000000000000000000 ) ) ;
#1637 = LINE ( 'NONE', #1761, #781 ) ;
#1638 = EDGE_LOOP ( 'NONE', ( #1701, #1229, #1238, #388 ) ) ;
#1639 = CARTESIAN_POINT ( 'NONE',  ( -10.00000000000000000, 9.350171532895551252, 44.84999999999999432 ) ) ;
#1640 = LINE ( 'NONE', #902, #943 ) ;
#1641 = ORIENTED_EDGE ( 'NONE', *, *, #895, .T. ) ;
#1642 = VECTOR ( 'NONE', #925, 1000.000000000000000 ) ;
#1643 = DIRECTION ( 'NONE',  ( 0.000000000000000000, 0.000000000000000000, -1.000000000000000000 ) ) ;
#1644 = AXIS2_PLACEMENT_3D ( 'NONE', #258, #1700, #672 ) ;
#1645 = CARTESIAN_POINT ( 'NONE',  ( 8.000000000000000000, 9.350171532895551252, 28.38671016643813871 ) ) ;
#1646 = LINE ( 'NONE', #202, #1686 ) ;
#1647 = DIRECTION ( 'NONE',  ( 0.000000000000000000, 0.000000000000000000, 1.000000000000000000 ) ) ;
#1648 = ADVANCED_FACE ( 'NONE', ( #656 ), #371, .F. ) ;
#1649 = DIRECTION ( 'NONE',  ( 0.000000000000000000, 0.000000000000000000, 1.000000000000000000 ) ) ;
#1650 = ORIENTED_EDGE ( 'NONE', *, *, #995, .T. ) ;
#1651 = CARTESIAN_POINT ( 'NONE',  ( -10.00000000000000000, 0.000000000000000000, 0.000000000000000000 ) ) ;
#1652 = AXIS2_PLACEMENT_3D ( 'NONE', #1651, #461, #914 ) ;
#1653 = DIRECTION ( 'NONE',  ( 0.5237149004663624874, 0.000000000000000000, -0.8518935984203120926 ) ) ;
#1654 = DIRECTION ( 'NONE',  ( 0.000000000000000000, -1.000000000000000000, 0.000000000000000000 ) ) ;
#1655 = VECTOR ( 'NONE', #1683, 1000.000000000000000 ) ;
#1656 = CIRCLE ( 'NONE', #1383, 1.000000000000000888 ) ;
#1657 = LINE ( 'NONE', #1817, #608 ) ;
#1658 = CARTESIAN_POINT ( 'NONE',  ( 34.22999999999998977, 25.39999999999999858, 53.73892799446564794 ) ) ;
#1659 = ORIENTED_EDGE ( 'NONE', *, *, #1089, .F. ) ;
#1660 = AXIS2_PLACEMENT_3D ( 'NONE', #1695, #1575, #841 ) ;
#1661 = CARTESIAN_POINT ( 'NONE',  ( 37.91499999999999915, 6.349999999999999645, 5.000000000000000000 ) ) ;
#1662 = FACE_OUTER_BOUND ( 'NONE', #269, .T. ) ;
#1663 = CIRCLE ( 'NONE', #1510, 1.000000000000000888 ) ;
#1664 = CARTESIAN_POINT ( 'NONE',  ( 42.22999999999998977, 0.000000000000000000, 0.000000000000000000 ) ) ;
#1665 = EDGE_CURVE ( 'NONE', #1553, #1625, #225, .T. ) ;
#1666 = ORIENTED_EDGE ( 'NONE', *, *, #1665, .F. ) ;
#1667 = VERTEX_POINT ( 'NONE', #1815 ) ;
#1668 = CYLINDRICAL_SURFACE ( 'NONE', #1353, 1.200000000000000622 ) ;
#1669 = AXIS2_PLACEMENT_3D ( 'NONE', #1829, #954, #1527 ) ;
#1670 = AXIS2_PLACEMENT_3D ( 'NONE', #1566, #249, #1133 ) ;
#1671 = CARTESIAN_POINT ( 'NONE',  ( 22.76499999999999346, 18.55017153289556120, 79.02499999999997726 ) ) ;
#1672 = DIRECTION ( 'NONE',  ( -0.000000000000000000, 1.000000000000000000, -0.000000000000000000 ) ) ;
#1673 = CARTESIAN_POINT ( 'NONE',  ( 0.000000000000000000, 0.000000000000000000, 0.000000000000000000 ) ) ;
#1674 = ORIENTED_EDGE ( 'NONE', *, *, #203, .F. ) ;
#1675 = ORIENTED_EDGE ( 'NONE', *, *, #1688, .F. ) ;
#1676 = LINE ( 'NONE', #1375, #1718 ) ;
#1677 = EDGE_CURVE ( 'NONE', #1609, #1086, #352, .T. ) ;
#1678 = CARTESIAN_POINT ( 'NONE',  ( 0.000000000000000000, 0.000000000000000000, 0.000000000000000000 ) ) ;
#1679 = CARTESIAN_POINT ( 'NONE',  ( 1.114999999999994440, 17.05017153289555765, 69.84999999999999432 ) ) ;
#1680 = EDGE_CURVE ( 'NONE', #1513, #1578, #805, .T. ) ;
#1681 = VECTOR ( 'NONE', #1526, 1000.000000000000000 ) ;
#1682 = DIRECTION ( 'NONE',  ( 0.000000000000000000, 1.000000000000000000, -0.000000000000000000 ) ) ;
#1683 = DIRECTION ( 'NONE',  ( -0.000000000000000000, -0.000000000000000000, -1.000000000000000000 ) ) ;
#1684 = EDGE_LOOP ( 'NONE', ( #1692, #1734, #812, #613, #1831, #1860, #554 ) ) ;
#1685 = ORIENTED_EDGE ( 'NONE', *, *, #256, .T. ) ;
#1686 = VECTOR ( 'NONE', #1672, 1000.000000000000000 ) ;
#1687 = CARTESIAN_POINT ( 'NONE',  ( 20.25118303334195602, 9.350171532895551252, 34.65016382591755217 ) ) ;
#1688 = EDGE_CURVE ( 'NONE', #167, #700, #1720, .T. ) ;
#1689 = DIRECTION ( 'NONE',  ( -0.8518935984203122036, 0.000000000000000000, -0.5237149004663625984 ) ) ;
#1690 = VECTOR ( 'NONE', #1738, 1000.000000000000000 ) ;
#1691 = ADVANCED_FACE ( 'NONE', ( #1393 ), #530, .F. ) ;
#1692 = ORIENTED_EDGE ( 'NONE', *, *, #3, .T. ) ;
#1693 = CIRCLE ( 'NONE', #539, 4.000000000000007105 ) ;
#1694 = CARTESIAN_POINT ( 'NONE',  ( 28.37411527289169655, 25.39999999999999858, 20.69999999999999218 ) ) ;
#1695 = CARTESIAN_POINT ( 'NONE',  ( 9.000000000000001776, 25.39999999999999858, 53.73892799446564084 ) ) ;
#1696 = DIRECTION ( 'NONE',  ( 0.000000000000000000, 0.000000000000000000, -1.000000000000000000 ) ) ;
#1697 = EDGE_LOOP ( 'NONE', ( #920, #1097, #1439, #398 ) ) ;
#1698 = ORIENTED_EDGE ( 'NONE', *, *, #223, .F. ) ;
#1699 = CARTESIAN_POINT ( 'NONE',  ( 16.66751225793875690, 9.350171532895551252, 41.26667524295769596 ) ) ;
#1700 = DIRECTION ( 'NONE',  ( -0.000000000000000000, 1.000000000000000000, 0.000000000000000000 ) ) ;
#1701 = ORIENTED_EDGE ( 'NONE', *, *, #1346, .T. ) ;
#1702 = ADVANCED_FACE ( 'NONE', ( #998 ), #1114, .F. ) ;
#1703 = DIRECTION ( 'NONE',  ( 1.000000000000000000, 1.734723475976806848E-16, 0.000000000000000000 ) ) ;
#1704 = PLANE ( 'NONE',  #906 ) ;
#1705 = CARTESIAN_POINT ( 'NONE',  ( 52.22999999999998977, 0.000000000000000000, 0.000000000000000000 ) ) ;
#1706 = VERTEX_POINT ( 'NONE', #399 ) ;
#1707 = ORIENTED_EDGE ( 'NONE', *, *, #725, .F. ) ;
#1708 = CARTESIAN_POINT ( 'NONE',  ( 4.954379907711408570, 25.39999999999999858, 9.654217539548353599 ) ) ;
#1709 = DIRECTION ( 'NONE',  ( 1.000000000000000000, 0.000000000000000000, 0.000000000000000000 ) ) ;
#1710 = ORIENTED_EDGE ( 'NONE', *, *, #793, .F. ) ;
#1711 = DIRECTION ( 'NONE',  ( 1.734723475976806848E-16, -1.000000000000000000, 0.000000000000000000 ) ) ;
#1712 = LINE ( 'NONE', #991, #570 ) ;
#1713 = DIRECTION ( 'NONE',  ( 0.000000000000000000, 0.000000000000000000, -1.000000000000000000 ) ) ;
#1714 = ORIENTED_EDGE ( 'NONE', *, *, #927, .F. ) ;
#1715 = ORIENTED_EDGE ( 'NONE', *, *, #1677, .F. ) ;
#1716 = AXIS2_PLACEMENT_3D ( 'NONE', #1056, #1593, #309 ) ;
#1717 = DIRECTION ( 'NONE',  ( 1.000000000000000000, 0.000000000000000000, 0.000000000000000000 ) ) ;
#1718 = VECTOR ( 'NONE', #957, 1000.000000000000227 ) ;
#1719 = VERTEX_POINT ( 'NONE', #1694 ) ;
#1720 = LINE ( 'NONE', #850, #975 ) ;
#1721 = AXIS2_PLACEMENT_3D ( 'NONE', #1293, #982, #1556 ) ;
#1722 = CARTESIAN_POINT ( 'NONE',  ( 9.851893598420311093, 25.39999999999999858, 54.26264289493200010 ) ) ;
#1723 = CARTESIAN_POINT ( 'NONE',  ( -10.00000000000000000, 25.39999999999999503, 44.84999999999999432 ) ) ;
#1724 = ORIENTED_EDGE ( 'NONE', *, *, #1736, .F. ) ;
#1725 = ORIENTED_EDGE ( 'NONE', *, *, #1168, .F. ) ;
#1726 = DIRECTION ( 'NONE',  ( -0.000000000000000000, 1.000000000000000000, 0.000000000000000000 ) ) ;
#1727 = ORIENTED_EDGE ( 'NONE', *, *, #2, .F. ) ;
#1728 = LINE ( 'NONE', #1154, #579 ) ;
#1729 = VECTOR ( 'NONE', #1649, 1000.000000000000000 ) ;
#1730 = CARTESIAN_POINT ( 'NONE',  ( 34.22999999999998977, 25.39999999999999858, 28.38671016643815292 ) ) ;
#1731 = DIRECTION ( 'NONE',  ( -1.000000000000000000, 0.000000000000000000, 0.000000000000000000 ) ) ;
#1732 = AXIS2_PLACEMENT_3D ( 'NONE', #1824, #1112, #1709 ) ;
#1733 = ORIENTED_EDGE ( 'NONE', *, *, #19, .T. ) ;
#1734 = ORIENTED_EDGE ( 'NONE', *, *, #797, .T. ) ;
#1735 = FACE_OUTER_BOUND ( 'NONE', #240, .T. ) ;
#1736 = EDGE_CURVE ( 'NONE', #123, #1279, #1250, .T. ) ;
#1737 = VERTEX_POINT ( 'NONE', #1863 ) ;
#1738 = DIRECTION ( 'NONE',  ( -0.000000000000000000, 1.000000000000000000, -0.000000000000000000 ) ) ;
#1739 = CARTESIAN_POINT ( 'NONE',  ( 5.514999999999991687, 6.349999999999999645, 5.000000000000000000 ) ) ;
#1740 = ORIENTED_EDGE ( 'NONE', *, *, #880, .T. ) ;
#1741 = EDGE_CURVE ( 'NONE', #915, #1485, #489, .T. ) ;
#1742 = EDGE_LOOP ( 'NONE', ( #559, #207 ) ) ;
#1743 = CYLINDRICAL_SURFACE ( 'NONE', #199, 1.500000000000001332 ) ;
#1744 = AXIS2_PLACEMENT_3D ( 'NONE', #328, #617, #1789 ) ;
#1745 = AXIS2_PLACEMENT_3D ( 'NONE', #253, #983, #111 ) ;
#1746 = EDGE_LOOP ( 'NONE', ( #887, #791, #871, #1457 ) ) ;
#1747 = EDGE_CURVE ( 'NONE', #1283, #147, #712, .T. ) ;
#1748 = PRODUCT_DEFINITION_CONTEXT ( 'detailed design', #1369, 'design' ) ;
#1749 = CARTESIAN_POINT ( 'NONE',  ( 36.71499999999999631, 6.349999999999999645, 5.000000000000000000 ) ) ;
#1750 = CYLINDRICAL_SURFACE ( 'NONE', #1465, 1.199999999999999734 ) ;
#1751 = VERTEX_POINT ( 'NONE', #1423 ) ;
#1752 = AXIS2_PLACEMENT_3D ( 'NONE', #1749, #448, #1044 ) ;
#1753 = EDGE_LOOP ( 'NONE', ( #1254, #1698, #1106, #1013 ) ) ;
#1754 = DIRECTION ( 'NONE',  ( -1.000000000000000000, -0.000000000000000000, -0.000000000000000000 ) ) ;
#1755 = EDGE_CURVE ( 'NONE', #535, #1283, #1273, .T. ) ;
#1756 = AXIS2_PLACEMENT_3D ( 'NONE', #935, #1791, #1074 ) ;
#1757 = ORIENTED_EDGE ( 'NONE', *, *, #1821, .F. ) ;
#1758 = EDGE_CURVE ( 'NONE', #159, #424, #609, .T. ) ;
#1759 = DIRECTION ( 'NONE',  ( 0.000000000000000000, 0.000000000000000000, -1.000000000000000000 ) ) ;
#1760 = CYLINDRICAL_SURFACE ( 'NONE', #23, 1.000000000000000888 ) ;
#1761 = CARTESIAN_POINT ( 'NONE',  ( 1.081321446158483690, 25.39999999999999858, 12.06933864622591379 ) ) ;
#1762 = ORIENTED_EDGE ( 'NONE', *, *, #1325, .T. ) ;
#1763 = AXIS2_PLACEMENT_3D ( 'NONE', #338, #1794, #1342 ) ;
#1764 = VECTOR ( 'NONE', #981, 1000.000000000000000 ) ;
#1765 = CARTESIAN_POINT ( 'NONE',  ( 17.52677973771672271, 25.39999999999999858, 40.75514870582006921 ) ) ;
#1766 = EDGE_CURVE ( 'NONE', #737, #304, #727, .T. ) ;
#1767 = FACE_OUTER_BOUND ( 'NONE', #1746, .T. ) ;
#1768 = ADVANCED_FACE ( 'NONE', ( #1846 ), #408, .T. ) ;
#1769 = EDGE_LOOP ( 'NONE', ( #1141, #1493, #80, #1873 ) ) ;
#1770 = CYLINDRICAL_SURFACE ( 'NONE', #747, 1.500000000000001332 ) ;
#1771 = CARTESIAN_POINT ( 'NONE',  ( 9.000000000000001776, 29.35017153289555125, 53.73892799446564084 ) ) ;
#1772 = LINE ( 'NONE', #763, #54 ) ;
#1773 = ORIENTED_EDGE ( 'NONE', *, *, #1134, .T. ) ;
#1774 = ADVANCED_FACE ( 'NONE', ( #544, #390 ), #241, .F. ) ;
#1775 = CARTESIAN_POINT ( 'NONE',  ( 0.03141117558214139710, 9.350171532895551252, -0.01832000519979085085 ) ) ;
#1776 = DIRECTION ( 'NONE',  ( 1.000000000000000000, 0.000000000000000000, 0.000000000000000000 ) ) ;
#1777 = EDGE_LOOP ( 'NONE', ( #1260, #132, #1641, #245 ) ) ;
#1778 = DIRECTION ( 'NONE',  ( -0.000000000000000000, 1.000000000000000000, -0.000000000000000000 ) ) ;
#1779 = EDGE_CURVE ( 'NONE', #1613, #940, #129, .T. ) ;
#1780 = VERTEX_POINT ( 'NONE', #1280 ) ;
#1781 = AXIS2_PLACEMENT_3D ( 'NONE', #336, #32, #50 ) ;
#1782 = CARTESIAN_POINT ( 'NONE',  ( 32.37073252022202041, 25.39999999999999858, 27.87518362930051907 ) ) ;
#1783 = CARTESIAN_POINT ( 'NONE',  ( 36.71499999999999631, 6.349999999999999645, 12.69999999999999929 ) ) ;
#1784 = DIRECTION ( 'NONE',  ( -0.000000000000000000, -0.000000000000000000, -1.000000000000000000 ) ) ;
#1785 = VERTEX_POINT ( 'NONE', #1874 ) ;
#1786 = DIRECTION ( 'NONE',  ( -1.000000000000000000, 0.000000000000000000, 0.000000000000000000 ) ) ;
#1787 = LINE ( 'NONE', #651, #1487 ) ;
#1788 = ORIENTED_EDGE ( 'NONE', *, *, #1161, .T. ) ;
#1789 = DIRECTION ( 'NONE',  ( 1.000000000000000000, 0.000000000000000000, -0.000000000000000000 ) ) ;
#1790 = CARTESIAN_POINT ( 'NONE',  ( 12.99206776045026146, 29.35017153289555125, 60.34619423572798524 ) ) ;
#1791 = DIRECTION ( 'NONE',  ( 0.8638169666580420847, 0.000000000000000000, -0.5038057642720050744 ) ) ;
#1792 = ORIENTED_EDGE ( 'NONE', *, *, #81, .T. ) ;
#1793 = DIRECTION ( 'NONE',  ( 0.000000000000000000, 1.000000000000000000, 0.000000000000000000 ) ) ;
#1794 = DIRECTION ( 'NONE',  ( 0.000000000000000000, -0.000000000000000000, 1.000000000000000000 ) ) ;
#1795 = ORIENTED_EDGE ( 'NONE', *, *, #1224, .F. ) ;
#1796 = CIRCLE ( 'NONE', #156, 1.000000000000000888 ) ;
#1797 = CARTESIAN_POINT ( 'NONE',  ( 36.71499999999999631, 6.349999999999999645, 5.000000000000000000 ) ) ;
#1798 = ADVANCED_FACE ( 'NONE', ( #231, #1554, #1102 ), #1836, .T. ) ;
#1799 = DIRECTION ( 'NONE',  ( -0.000000000000000000, 1.000000000000000000, 0.000000000000000000 ) ) ;
#1800 = CARTESIAN_POINT ( 'NONE',  ( 28.37411527289169655, 25.39999999999999858, 21.69999999999999218 ) ) ;
#1801 = DIRECTION ( 'NONE',  ( -0.000000000000000000, 1.000000000000000000, 0.000000000000000000 ) ) ;
#1802 = FACE_OUTER_BOUND ( 'NONE', #858, .T. ) ;
#1803 = ORIENTED_EDGE ( 'NONE', *, *, #1028, .F. ) ;
#1804 = DIRECTION ( 'NONE',  ( 0.000000000000000000, -1.000000000000000000, 0.000000000000000000 ) ) ;
#1805 = AXIS2_PLACEMENT_3D ( 'NONE', #1452, #1350, #48 ) ;
#1806 = EDGE_CURVE ( 'NONE', #1047, #1553, #238, .T. ) ;
#1807 = CARTESIAN_POINT ( 'NONE',  ( 0.000000000000000000, 0.000000000000000000, 12.69999999999999929 ) ) ;
#1808 = DIRECTION ( 'NONE',  ( 0.5237149004663621543, 0.000000000000000000, 0.8518935984203123146 ) ) ;
#1809 = AXIS2_PLACEMENT_3D ( 'NONE', #1679, #217, #795 ) ;
#1810 = DIRECTION ( 'NONE',  ( -0.000000000000000000, 1.000000000000000000, -0.000000000000000000 ) ) ;
#1811 = DIRECTION ( 'NONE',  ( 0.5038057642720051854, 0.000000000000000000, 0.8638169666580419737 ) ) ;
#1812 = EDGE_LOOP ( 'NONE', ( #716, #1247, #414, #1402 ) ) ;
#1813 = LINE ( 'NONE', #396, #109 ) ;
#1814 = VECTOR ( 'NONE', #697, 1000.000000000000000 ) ;
#1815 = CARTESIAN_POINT ( 'NONE',  ( 9.000000000000001776, 9.350171532895551252, 54.73892799446564084 ) ) ;
#1816 = CARTESIAN_POINT ( 'NONE',  ( 36.71499999999999631, 6.349999999999999645, 5.000000000000000000 ) ) ;
#1817 = CARTESIAN_POINT ( 'NONE',  ( 42.22999999999998977, 0.000000000000000000, 12.69999999999999929 ) ) ;
#1818 = ORIENTED_EDGE ( 'NONE', *, *, #1821, .T. ) ;
#1819 = ORIENTED_EDGE ( 'NONE', *, *, #458, .T. ) ;
#1820 = DIRECTION ( 'NONE',  ( 0.000000000000000000, -1.000000000000000000, 0.000000000000000000 ) ) ;
#1821 = EDGE_CURVE ( 'NONE', #717, #1529, #421, .T. ) ;
#1822 = AXIS2_PLACEMENT_3D ( 'NONE', #492, #206, #1495 ) ;
#1823 = EDGE_CURVE ( 'NONE', #1382, #1844, #572, .T. ) ;
#1824 = CARTESIAN_POINT ( 'NONE',  ( 0.000000000000000000, 0.000000000000000000, 0.000000000000000000 ) ) ;
#1825 = AXIS2_PLACEMENT_3D ( 'NONE', #941, #496, #74 ) ;
#1826 = FACE_OUTER_BOUND ( 'NONE', #7, .T. ) ;
#1827 = LINE ( 'NONE', #505, #360 ) ;
#1828 = CARTESIAN_POINT ( 'NONE',  ( 0.000000000000000000, 0.000000000000000000, 12.69999999999999929 ) ) ;
#1829 = CARTESIAN_POINT ( 'NONE',  ( 16.66751225793875690, 25.39999999999999858, 41.26667524295769596 ) ) ;
#1830 = ORIENTED_EDGE ( 'NONE', *, *, #1490, .F. ) ;
#1831 = ORIENTED_EDGE ( 'NONE', *, *, #1205, .T. ) ;
#1832 = EDGE_CURVE ( 'NONE', #104, #516, #1728, .T. ) ;
#1833 = ADVANCED_FACE ( 'NONE', ( #1392 ), #804, .F. ) ;
#1834 = PLANE ( 'NONE',  #1291 ) ;
#1835 = DIRECTION ( 'NONE',  ( 0.000000000000000000, 0.000000000000000000, 1.000000000000000000 ) ) ;
#1836 = PLANE ( 'NONE',  #94 ) ;
#1837 = LINE ( 'NONE', #675, #1466 ) ;
#1838 = AXIS2_PLACEMENT_3D ( 'NONE', #1797, #606, #227 ) ;
#1839 = CARTESIAN_POINT ( 'NONE',  ( 52.22999999999998977, 25.39999999999999858, 54.84999999999999432 ) ) ;
#1840 = DIRECTION ( 'NONE',  ( 0.000000000000000000, 1.000000000000000000, 0.000000000000000000 ) ) ;
#1841 = ORIENTED_EDGE ( 'NONE', *, *, #87, .T. ) ;
#1842 = ORIENTED_EDGE ( 'NONE', *, *, #1502, .T. ) ;
#1843 = CARTESIAN_POINT ( 'NONE',  ( 31.35898685425346599, 29.35017153289555125, 19.27842715282192998 ) ) ;
#1844 = VERTEX_POINT ( 'NONE', #247 ) ;
#1845 = VECTOR ( 'NONE', #325, 1000.000000000000000 ) ;
#1846 = FACE_OUTER_BOUND ( 'NONE', #290, .T. ) ;
#1847 = EDGE_CURVE ( 'NONE', #437, #1047, #682, .T. ) ;
#1848 = CARTESIAN_POINT ( 'NONE',  ( 17.51940585635906444, 25.39999999999999858, 41.79039014342406233 ) ) ;
#1849 = DIRECTION ( 'NONE',  ( 1.734723475976806848E-16, -1.000000000000000000, 0.000000000000000000 ) ) ;
#1850 = ORIENTED_EDGE ( 'NONE', *, *, #475, .F. ) ;
#1851 = AXIS2_PLACEMENT_3D ( 'NONE', #1377, #497, #1808 ) ;
#1852 = ORIENTED_EDGE ( 'NONE', *, *, #1633, .T. ) ;
#1853 = CARTESIAN_POINT ( 'NONE',  ( 42.22999999999998977, 0.000000000000000000, 12.69999999999999929 ) ) ;
#1854 = FACE_OUTER_BOUND ( 'NONE', #1453, .T. ) ;
#1855 = ORIENTED_EDGE ( 'NONE', *, *, #103, .T. ) ;
#1856 = DIRECTION ( 'NONE',  ( 1.000000000000000000, 0.000000000000000000, 0.000000000000000000 ) ) ;
#1857 = LINE ( 'NONE', #973, #1322 ) ;
#1858 = CARTESIAN_POINT ( 'NONE',  ( 9.514999999999998792, 6.350000000000000533, 0.000000000000000000 ) ) ;
#1859 = VERTEX_POINT ( 'NONE', #511 ) ;
#1860 = ORIENTED_EDGE ( 'NONE', *, *, #892, .T. ) ;
#1861 = DIRECTION ( 'NONE',  ( -1.000000000000000000, 0.000000000000000000, 0.000000000000000000 ) ) ;
#1862 = ORIENTED_EDGE ( 'NONE', *, *, #66, .T. ) ;
#1863 = CARTESIAN_POINT ( 'NONE',  ( 35.51500000000000057, 6.349999999999999645, 5.000000000000000000 ) ) ;
#1864 = EDGE_CURVE ( 'NONE', #1625, #968, #1796, .T. ) ;
#1865 = CARTESIAN_POINT ( 'NONE',  ( 35.51500000000000057, 6.349999999999999645, 12.69999999999999929 ) ) ;
#1866 = DIRECTION ( 'NONE',  ( 1.000000000000000000, 0.000000000000000000, 0.000000000000000000 ) ) ;
#1867 = ORIENTED_EDGE ( 'NONE', *, *, #978, .T. ) ;
#1868 = ORIENTED_EDGE ( 'NONE', *, *, #1565, .F. ) ;
#1869 = AXIS2_PLACEMENT_3D ( 'NONE', #1616, #522, #1643 ) ;
#1870 = CIRCLE ( 'NONE', #1619, 4.000000000000007105 ) ;
#1871 = LINE ( 'NONE', #1708, #46 ) ;
#1872 = PRESENTATION_LAYER_ASSIGNMENT (  '', '', ( #380 ) ) ;
#1873 = ORIENTED_EDGE ( 'NONE', *, *, #1779, .T. ) ;
#1874 = CARTESIAN_POINT ( 'NONE',  ( 29.23793223954973897, 25.39999999999999858, 22.20380576427200126 ) ) ;
#1875 = DIRECTION ( 'NONE',  ( -1.000000000000000000, -1.734723475976806848E-16, -0.000000000000000000 ) ) ;
#1876 = DIRECTION ( 'NONE',  ( 0.000000000000000000, 1.000000000000000000, 0.000000000000000000 ) ) ;
#1877 = EDGE_LOOP ( 'NONE', ( #900, #629, #1559, #757, #1867, #1200, #772 ) ) ;
#1878 = ORIENTED_EDGE ( 'NONE', *, *, #556, .T. ) ;
#1879 = EDGE_CURVE ( 'NONE', #90, #1284, #760, .T. ) ;
#1880 = CARTESIAN_POINT ( 'NONE',  ( 36.71499999999999631, 6.349999999999999645, 5.000000000000000000 ) ) ;
#1881 = CIRCLE ( 'NONE', #327, 1.000000000000000888 ) ;
#1882 = EDGE_CURVE ( 'NONE', #155, #53, #1218, .T. ) ;
#1883 = EDGE_LOOP ( 'NONE', ( #20, #1191 ) ) ;
#1884 = ADVANCED_FACE ( 'NONE', ( #1854 ), #1249, .T. ) ;
#1885 = AXIS2_PLACEMENT_3D ( 'NONE', #1261, #1534, #95 ) ;
#1886 = LINE ( 'NONE', #172, #1630 ) ;
#1887 = CARTESIAN_POINT ( 'NONE',  ( 42.22999999999998977, 25.39999999999999858, 44.85000000000000142 ) ) ;
#1888 = ORIENTED_EDGE ( 'NONE', *, *, #813, .F. ) ;
#1889 = VERTEX_POINT ( 'NONE', #834 ) ;
ENDSEC;
END-ISO-10303-21;
