ISO-10303-21;
HEADER;
FILE_DESCRIPTION (( 'STEP AP214' ),
    '1' );
FILE_NAME ('hinge.STEP',
    '2026-09-03T01:22:17',
    ( '' ),
    ( '' ),
    'SwSTEP 2.0',
    'SolidWorks 2025',
    '' );
FILE_SCHEMA (( 'AUTOMOTIVE_DESIGN' ));
ENDSEC;

DATA;
#1 = LINE ( 'NONE', #438, #1125 ) ;
#2 = ADVANCED_FACE ( 'NONE', ( #1164 ), #945, .F. ) ;
#3 = CARTESIAN_POINT ( 'NONE',  ( 38.95000000000000284, 2.850604029644610548E-15, -25.39999999999999858 ) ) ;
#4 = DIRECTION ( 'NONE',  ( 0.000000000000000000, -1.000000000000000000, 0.000000000000000000 ) ) ;
#5 =( GEOMETRIC_REPRESENTATION_CONTEXT ( 3 ) GLOBAL_UNCERTAINTY_ASSIGNED_CONTEXT ( ( #121 ) ) GLOBAL_UNIT_ASSIGNED_CONTEXT ( ( #214, #10, #1224 ) ) REPRESENTATION_CONTEXT ( 'NONE', 'WORKASPACE' ) );
#6 = ORIENTED_EDGE ( 'NONE', *, *, #706, .F. ) ;
#7 = DIRECTION ( 'NONE',  ( 1.000000000000000000, 0.000000000000000000, 0.000000000000000000 ) ) ;
#8 = ORIENTED_EDGE ( 'NONE', *, *, #395, .T. ) ;
#9 = DIRECTION ( 'NONE',  ( -0.000000000000000000, 0.000000000000000000, 1.000000000000000000 ) ) ;
#10 =( NAMED_UNIT ( * ) PLANE_ANGLE_UNIT ( ) SI_UNIT ( $, .RADIAN. ) );
#11 = CARTESIAN_POINT ( 'NONE',  ( 58.36299999999999955, 12.70000000000000284, 3.349999999999999645 ) ) ;
#12 = VERTEX_POINT ( 'NONE', #497 ) ;
#13 = DIRECTION ( 'NONE',  ( -0.000000000000000000, -0.000000000000000000, 1.000000000000000000 ) ) ;
#14 = EDGE_LOOP ( 'NONE', ( #1217, #42, #815, #25 ) ) ;
#15 = UNCERTAINTY_MEASURE_WITH_UNIT (LENGTH_MEASURE( 1.000000000000000082E-05 ), #1225, 'distance_accuracy_value', 'NONE');
#16 = DIRECTION ( 'NONE',  ( -0.000000000000000000, -0.000000000000000000, 1.000000000000000000 ) ) ;
#17 = CIRCLE ( 'NONE', #833, 6.349999999999997868 ) ;
#18 = EDGE_CURVE ( 'NONE', #1198, #1346, #613, .T. ) ;
#19 = VECTOR ( 'NONE', #31, 1000.000000000000000 ) ;
#20 = LINE ( 'NONE', #250, #292 ) ;
#21 = ORIENTED_EDGE ( 'NONE', *, *, #1102, .F. ) ;
#22 = EDGE_CURVE ( 'NONE', #209, #493, #1434, .T. ) ;
#23 = ORIENTED_EDGE ( 'NONE', *, *, #1430, .T. ) ;
#24 = DIRECTION ( 'NONE',  ( 1.000000000000000000, 0.000000000000000000, 0.000000000000000000 ) ) ;
#25 = ORIENTED_EDGE ( 'NONE', *, *, #720, .T. ) ;
#26 = DIRECTION ( 'NONE',  ( -5.463695987328530381E-16, 1.000000000000000000, 0.000000000000000000 ) ) ;
#27 = DIRECTION ( 'NONE',  ( -0.000000000000000000, 0.000000000000000000, 1.000000000000000000 ) ) ;
#28 = EDGE_LOOP ( 'NONE', ( #170, #376, #912, #872, #495, #1151, #651, #903, #1236, #1099, #1054 ) ) ;
#29 = FILL_AREA_STYLE_COLOUR ( '', #1287 ) ;
#30 = ORIENTED_EDGE ( 'NONE', *, *, #957, .F. ) ;
#31 = DIRECTION ( 'NONE',  ( -1.156482317317873303E-15, 1.000000000000000000, 2.958228394578794270E-31 ) ) ;
#32 = ORIENTED_EDGE ( 'NONE', *, *, #249, .T. ) ;
#33 = DIRECTION ( 'NONE',  ( -1.000000000000000000, 0.000000000000000000, -0.000000000000000000 ) ) ;
#34 = CIRCLE ( 'NONE', #177, 1.199999999999999734 ) ;
#35 = EDGE_CURVE ( 'NONE', #715, #1013, #931, .T. ) ;
#36 = CARTESIAN_POINT ( 'NONE',  ( 59.56299999999999528, 12.70000000000000284, 6.349999999999999645 ) ) ;
#37 = VERTEX_POINT ( 'NONE', #941 ) ;
#38 = DIRECTION ( 'NONE',  ( -3.402828371490466074E-46, 2.958228394578794270E-31, -1.000000000000000000 ) ) ;
#39 = VECTOR ( 'NONE', #1036, 1000.000000000000000 ) ;
#40 = VECTOR ( 'NONE', #1116, 1000.000000000000000 ) ;
#41 = CYLINDRICAL_SURFACE ( 'NONE', #921, 3.200000000000005063 ) ;
#42 = ORIENTED_EDGE ( 'NONE', *, *, #1303, .F. ) ;
#43 = DIRECTION ( 'NONE',  ( -1.000000000000000000, 0.000000000000000000, 0.000000000000000000 ) ) ;
#44 = DIRECTION ( 'NONE',  ( -0.000000000000000000, 0.000000000000000000, 1.000000000000000000 ) ) ;
#45 = ORIENTED_EDGE ( 'NONE', *, *, #823, .F. ) ;
#46 = DIRECTION ( 'NONE',  ( 0.000000000000000000, 0.000000000000000000, 1.000000000000000000 ) ) ;
#47 = VECTOR ( 'NONE', #160, 1000.000000000000000 ) ;
#48 = CARTESIAN_POINT ( 'NONE',  ( 23.33700000000000685, -6.349999999999972999, 50.80000000000000426 ) ) ;
#49 = VERTEX_POINT ( 'NONE', #834 ) ;
#50 = EDGE_CURVE ( 'NONE', #788, #37, #1390, .T. ) ;
#51 = CARTESIAN_POINT ( 'NONE',  ( 29.33699999999999619, 12.70000000000000284, 3.349999999999999645 ) ) ;
#52 = CARTESIAN_POINT ( 'NONE',  ( 65.56300000000000239, -6.349999999999972999, 44.45000000000000284 ) ) ;
#53 = ORIENTED_EDGE ( 'NONE', *, *, #335, .T. ) ;
#54 = ADVANCED_FACE ( 'NONE', ( #1278 ), #1394, .T. ) ;
#55 = EDGE_CURVE ( 'NONE', #697, #1409, #1344, .T. ) ;
#56 = CARTESIAN_POINT ( 'NONE',  ( 0.000000000000000000, 0.000000000000000000, 0.000000000000000000 ) ) ;
#57 = ORIENTED_EDGE ( 'NONE', *, *, #273, .F. ) ;
#58 = CARTESIAN_POINT ( 'NONE',  ( 0.000000000000000000, 25.40000000000000568, -19.04999999999999716 ) ) ;
#59 = VECTOR ( 'NONE', #274, 1000.000000000000000 ) ;
#60 = DIRECTION ( 'NONE',  ( 0.000000000000000000, 0.000000000000000000, 1.000000000000000000 ) ) ;
#61 = CYLINDRICAL_SURFACE ( 'NONE', #163, 2.999999999999995559 ) ;
#62 = DIRECTION ( 'NONE',  ( -3.402828371490466074E-46, 2.958228394578794708E-31, -1.000000000000000000 ) ) ;
#63 = EDGE_LOOP ( 'NONE', ( #1113, #238 ) ) ;
#64 = AXIS2_PLACEMENT_3D ( 'NONE', #352, #566, #1022 ) ;
#65 = DIRECTION ( 'NONE',  ( -0.000000000000000000, -0.000000000000000000, -1.000000000000000000 ) ) ;
#66 = VECTOR ( 'NONE', #211, 1000.000000000000000 ) ;
#67 = EDGE_CURVE ( 'NONE', #1245, #343, #1336, .T. ) ;
#68 = FACE_BOUND ( 'NONE', #1127, .T. ) ;
#69 = CIRCLE ( 'NONE', #874, 6.349999999999999645 ) ;
#70 = AXIS2_PLACEMENT_3D ( 'NONE', #432, #886, #537 ) ;
#71 = DIRECTION ( 'NONE',  ( -0.000000000000000000, -0.000000000000000000, 1.000000000000000000 ) ) ;
#72 = EDGE_CURVE ( 'NONE', #231, #907, #801, .T. ) ;
#73 = DIRECTION ( 'NONE',  ( 2.731847993664262232E-16, -1.000000000000000000, 0.000000000000000000 ) ) ;
#74 = CARTESIAN_POINT ( 'NONE',  ( 29.33699999999999619, 12.70000000000000284, 6.349999999999999645 ) ) ;
#75 = DIRECTION ( 'NONE',  ( 1.156482317317873105E-15, -1.000000000000000000, 0.000000000000000000 ) ) ;
#76 = CARTESIAN_POINT ( 'NONE',  ( 36.95000000000002416, -15.99999999999994493, 44.45000000000000284 ) ) ;
#77 = CARTESIAN_POINT ( 'NONE',  ( 65.56299999999998818, -6.349999999999972999, 50.80000000000000426 ) ) ;
#78 = CARTESIAN_POINT ( 'NONE',  ( 29.68700000000001182, -25.99999999999996803, 44.45000000000000284 ) ) ;
#79 = EDGE_CURVE ( 'NONE', #1139, #343, #1235, .T. ) ;
#80 = DIRECTION ( 'NONE',  ( 0.000000000000000000, -1.000000000000000000, 0.000000000000000000 ) ) ;
#81 = EDGE_LOOP ( 'NONE', ( #581, #524, #128, #6 ) ) ;
#82 = EDGE_CURVE ( 'NONE', #1409, #417, #1097, .T. ) ;
#83 = CYLINDRICAL_SURFACE ( 'NONE', #777, 2.999999999999995559 ) ;
#84 = LINE ( 'NONE', #1300, #1313 ) ;
#85 = AXIS2_PLACEMENT_3D ( 'NONE', #935, #609, #749 ) ;
#86 = ORIENTED_EDGE ( 'NONE', *, *, #1268, .F. ) ;
#87 = ORIENTED_EDGE ( 'NONE', *, *, #857, .T. ) ;
#88 = DIRECTION ( 'NONE',  ( 0.000000000000000000, -0.000000000000000000, -1.000000000000000000 ) ) ;
#89 = VECTOR ( 'NONE', #1206, 1000.000000000000000 ) ;
#90 = CARTESIAN_POINT ( 'NONE',  ( 51.95000000000000995, -15.99999999999992362, 50.80000000000000426 ) ) ;
#91 = CARTESIAN_POINT ( 'NONE',  ( 49.95000000000000284, 12.70000000000000817, -19.04999999999999716 ) ) ;
#92 = FACE_OUTER_BOUND ( 'NONE', #316, .T. ) ;
#93 = ORIENTED_EDGE ( 'NONE', *, *, #1035, .F. ) ;
#94 = ORIENTED_EDGE ( 'NONE', *, *, #502, .F. ) ;
#95 = DIRECTION ( 'NONE',  ( 0.000000000000000000, 0.000000000000000000, -1.000000000000000000 ) ) ;
#96 = DIRECTION ( 'NONE',  ( -1.000000000000000000, 0.000000000000000000, 0.000000000000000000 ) ) ;
#97 = PLANE ( 'NONE',  #1281 ) ;
#98 = AXIS2_PLACEMENT_3D ( 'NONE', #1379, #594, #906 ) ;
#99 = DIRECTION ( 'NONE',  ( 0.000000000000000000, -0.000000000000000000, -1.000000000000000000 ) ) ;
#100 = ORIENTED_EDGE ( 'NONE', *, *, #72, .T. ) ;
#101 = ORIENTED_EDGE ( 'NONE', *, *, #1027, .F. ) ;
#102 = PLANE ( 'NONE',  #1401 ) ;
#103 = STYLED_ITEM ( 'NONE', ( #463 ), #397 ) ;
#104 = AXIS2_PLACEMENT_3D ( 'NONE', #401, #1284, #1014 ) ;
#105 = ADVANCED_FACE ( 'NONE', ( #1220 ), #467, .F. ) ;
#106 = CIRCLE ( 'NONE', #979, 6.350000000000001421 ) ;
#107 = CARTESIAN_POINT ( 'NONE',  ( 62.56299999999999528, 12.70000000000000284, 6.349999999999999645 ) ) ;
#108 = CARTESIAN_POINT ( 'NONE',  ( 49.95000000000000284, 2.850604133042187118E-15, -19.04034699365893957 ) ) ;
#109 = CARTESIAN_POINT ( 'NONE',  ( 0.000000000000000000, 25.40000000000000568, 0.000000000000000000 ) ) ;
#110 = VERTEX_POINT ( 'NONE', #710 ) ;
#111 = CARTESIAN_POINT ( 'NONE',  ( 65.56299999999998818, 2.688821387764050996E-14, 44.45000000000000284 ) ) ;
#112 = ORIENTED_EDGE ( 'NONE', *, *, #1238, .F. ) ;
#113 = AXIS2_PLACEMENT_3D ( 'NONE', #721, #1380, #1349 ) ;
#114 = EDGE_CURVE ( 'NONE', #1046, #349, #272, .T. ) ;
#115 = CARTESIAN_POINT ( 'NONE',  ( 65.56299999999998818, 19.05000000000000782, 6.349999999999999645 ) ) ;
#116 = LINE ( 'NONE', #672, #622 ) ;
#117 = ORIENTED_EDGE ( 'NONE', *, *, #327, .F. ) ;
#118 = APPLICATION_CONTEXT ( 'automotive_design' ) ;
#119 = DIRECTION ( 'NONE',  ( 0.000000000000000000, 1.000000000000000000, 0.000000000000000000 ) ) ;
#120 = ORIENTED_EDGE ( 'NONE', *, *, #137, .F. ) ;
#121 = UNCERTAINTY_MEASURE_WITH_UNIT (LENGTH_MEASURE( 1.000000000000000082E-05 ), #214, 'distance_accuracy_value', 'NONE');
#122 = DIRECTION ( 'NONE',  ( -0.000000000000000000, -0.000000000000000000, 1.000000000000000000 ) ) ;
#123 = CARTESIAN_POINT ( 'NONE',  ( 59.21299999999998676, 25.40000000000000568, 0.000000000000000000 ) ) ;
#124 = AXIS2_PLACEMENT_3D ( 'NONE', #91, #642, #1318 ) ;
#125 = ORIENTED_EDGE ( 'NONE', *, *, #409, .F. ) ;
#126 = CYLINDRICAL_SURFACE ( 'NONE', #232, 6.349999999999997868 ) ;
#127 = EDGE_CURVE ( 'NONE', #1007, #472, #1055, .T. ) ;
#128 = ORIENTED_EDGE ( 'NONE', *, *, #55, .F. ) ;
#129 = DIRECTION ( 'NONE',  ( -0.000000000000000000, -0.000000000000000000, -1.000000000000000000 ) ) ;
#130 = DIRECTION ( 'NONE',  ( 1.000000000000000000, 0.000000000000000000, 0.000000000000000000 ) ) ;
#131 = AXIS2_PLACEMENT_3D ( 'NONE', #1393, #1398, #405 ) ;
#132 = ORIENTED_EDGE ( 'NONE', *, *, #244, .T. ) ;
#133 = CARTESIAN_POINT ( 'NONE',  ( 38.95000000000000284, 12.70000000000000817, -19.04999999999999716 ) ) ;
#134 = ORIENTED_EDGE ( 'NONE', *, *, #957, .T. ) ;
#135 = LINE ( 'NONE', #359, #321 ) ;
#136 = AXIS2_PLACEMENT_3D ( 'NONE', #876, #992, #227 ) ;
#137 = EDGE_CURVE ( 'NONE', #916, #551, #1420, .T. ) ;
#138 = FACE_OUTER_BOUND ( 'NONE', #14, .T. ) ;
#139 = EDGE_LOOP ( 'NONE', ( #927, #268, #1410, #308 ) ) ;
#140 = CARTESIAN_POINT ( 'NONE',  ( 26.33699999999999264, 12.70000000000000284, 6.349999999999999645 ) ) ;
#141 = EDGE_CURVE ( 'NONE', #1177, #715, #1167, .T. ) ;
#142 = EDGE_LOOP ( 'NONE', ( #990, #1135, #1274, #117 ) ) ;
#143 = DIRECTION ( 'NONE',  ( 0.000000000000000000, 1.000000000000000000, 0.000000000000000000 ) ) ;
#144 = VERTEX_POINT ( 'NONE', #257 ) ;
#145 = EDGE_CURVE ( 'NONE', #1109, #1046, #914, .T. ) ;
#146 = LINE ( 'NONE', #476, #480 ) ;
#147 = DIRECTION ( 'NONE',  ( -0.000000000000000000, 0.000000000000000000, 1.000000000000000000 ) ) ;
#148 = VERTEX_POINT ( 'NONE', #600 ) ;
#149 = CARTESIAN_POINT ( 'NONE',  ( 23.33700000000003172, -25.99999999999997513, 44.45000000000000284 ) ) ;
#150 = ORIENTED_EDGE ( 'NONE', *, *, #546, .T. ) ;
#151 = DIRECTION ( 'NONE',  ( 1.000000000000000000, 0.000000000000000000, 0.000000000000000000 ) ) ;
#152 = EDGE_LOOP ( 'NONE', ( #120, #386, #365, #988 ) ) ;
#153 = DIRECTION ( 'NONE',  ( 1.000000000000000000, 1.092739197465705090E-15, 0.000000000000000000 ) ) ;
#154 = VECTOR ( 'NONE', #1048, 1000.000000000000000 ) ;
#155 = DIRECTION ( 'NONE',  ( -1.000000000000000000, -0.000000000000000000, -0.000000000000000000 ) ) ;
#156 = EDGE_LOOP ( 'NONE', ( #125, #412 ) ) ;
#157 = EDGE_CURVE ( 'NONE', #472, #1333, #146, .T. ) ;
#158 = FACE_BOUND ( 'NONE', #1233, .T. ) ;
#159 = AXIS2_PLACEMENT_3D ( 'NONE', #977, #650, #1091 ) ;
#160 = DIRECTION ( 'NONE',  ( -0.000000000000000000, -0.000000000000000000, 1.000000000000000000 ) ) ;
#161 = VERTEX_POINT ( 'NONE', #1040 ) ;
#162 = CARTESIAN_POINT ( 'NONE',  ( 29.68700000000000472, -19.64999999999996660, 44.45000000000000284 ) ) ;
#163 = AXIS2_PLACEMENT_3D ( 'NONE', #1397, #508, #959 ) ;
#164 = CARTESIAN_POINT ( 'NONE',  ( 29.68700000000001182, -25.99999999999996803, 44.45000000000000284 ) ) ;
#165 = ORIENTED_EDGE ( 'NONE', *, *, #1268, .T. ) ;
#166 = EDGE_CURVE ( 'NONE', #1424, #349, #241, .T. ) ;
#167 = AXIS2_PLACEMENT_3D ( 'NONE', #350, #1342, #1312 ) ;
#168 = DIRECTION ( 'NONE',  ( 0.000000000000000000, 1.000000000000000000, 0.000000000000000000 ) ) ;
#169 = ORIENTED_EDGE ( 'NONE', *, *, #1259, .F. ) ;
#170 = ORIENTED_EDGE ( 'NONE', *, *, #682, .F. ) ;
#171 = DIRECTION ( 'NONE',  ( -1.000000000000000000, 0.000000000000000000, 0.000000000000000000 ) ) ;
#172 = DIRECTION ( 'NONE',  ( -3.402828371490466074E-46, 2.958228394578794270E-31, -1.000000000000000000 ) ) ;
#173 = CARTESIAN_POINT ( 'NONE',  ( 38.95000000000000284, 25.40000000000000568, -25.39999999999999858 ) ) ;
#174 = ORIENTED_EDGE ( 'NONE', *, *, #682, .T. ) ;
#175 = EDGE_LOOP ( 'NONE', ( #918, #325, #863, #261 ) ) ;
#176 = EDGE_CURVE ( 'NONE', #245, #209, #1229, .T. ) ;
#177 = AXIS2_PLACEMENT_3D ( 'NONE', #603, #147, #260 ) ;
#178 = DIRECTION ( 'NONE',  ( -0.000000000000000000, -1.000000000000000000, -0.000000000000000000 ) ) ;
#179 = ADVANCED_FACE ( 'NONE', ( #1352 ), #896, .T. ) ;
#180 = FACE_OUTER_BOUND ( 'NONE', #675, .T. ) ;
#181 = CARTESIAN_POINT ( 'NONE',  ( 49.95000000000000284, 6.350000000000025402, -25.39999999999999858 ) ) ;
#182 = AXIS2_PLACEMENT_3D ( 'NONE', #1366, #1234, #1028 ) ;
#183 = VECTOR ( 'NONE', #1241, 1000.000000000000000 ) ;
#184 = DIRECTION ( 'NONE',  ( -1.000000000000000000, 0.000000000000000000, 0.000000000000000000 ) ) ;
#185 = CARTESIAN_POINT ( 'NONE',  ( 0.000000000000000000, 25.40000000000000568, 6.349999999999999645 ) ) ;
#186 = VECTOR ( 'NONE', #842, 1000.000000000000000 ) ;
#187 = CARTESIAN_POINT ( 'NONE',  ( 65.56300000000001660, -5.999999999999924505, -8.753241541938712062E-61 ) ) ;
#188 = AXIS2_PLACEMENT_3D ( 'NONE', #764, #347, #234 ) ;
#189 = DIRECTION ( 'NONE',  ( 1.000000000000000000, 0.000000000000000000, 0.000000000000000000 ) ) ;
#190 = LINE ( 'NONE', #1171, #1104 ) ;
#191 = CIRCLE ( 'NONE', #1427, 6.349999999999999645 ) ;
#192 = EDGE_LOOP ( 'NONE', ( #809, #331, #299, #416 ) ) ;
#193 = CARTESIAN_POINT ( 'NONE',  ( 6.938893903907239422E-15, -6.000000000000000000, -12.69999999999999929 ) ) ;
#194 = EDGE_CURVE ( 'NONE', #1251, #1304, #135, .T. ) ;
#195 = FACE_OUTER_BOUND ( 'NONE', #81, .T. ) ;
#196 = ADVANCED_FACE ( 'NONE', ( #575 ), #591, .F. ) ;
#197 = ORIENTED_EDGE ( 'NONE', *, *, #1075, .T. ) ;
#198 = DIRECTION ( 'NONE',  ( 1.000000000000000000, 0.000000000000000000, 0.000000000000000000 ) ) ;
#199 = AXIS2_PLACEMENT_3D ( 'NONE', #986, #1339, #787 ) ;
#200 = FACE_OUTER_BOUND ( 'NONE', #1249, .T. ) ;
#201 = ORIENTED_EDGE ( 'NONE', *, *, #729, .T. ) ;
#202 = VERTEX_POINT ( 'NONE', #484 ) ;
#203 = CARTESIAN_POINT ( 'NONE',  ( 29.68699999999999406, 25.40000000000000568, 0.000000000000000000 ) ) ;
#204 = EDGE_CURVE ( 'NONE', #202, #264, #920, .T. ) ;
#205 = FACE_OUTER_BOUND ( 'NONE', #1324, .T. ) ;
#206 = VECTOR ( 'NONE', #1422, 1000.000000000000000 ) ;
#207 = AXIS2_PLACEMENT_3D ( 'NONE', #1395, #95, #534 ) ;
#208 = DIRECTION ( 'NONE',  ( 0.000000000000000000, 1.000000000000000000, 0.000000000000000000 ) ) ;
#209 = VERTEX_POINT ( 'NONE', #1429 ) ;
#210 = EDGE_LOOP ( 'NONE', ( #1189, #1132, #1045, #1021 ) ) ;
#211 = DIRECTION ( 'NONE',  ( 0.000000000000000000, 0.000000000000000000, -1.000000000000000000 ) ) ;
#212 = CIRCLE ( 'NONE', #1294, 6.350000000000001421 ) ;
#213 = LINE ( 'NONE', #670, #570 ) ;
#214 =( LENGTH_UNIT ( ) NAMED_UNIT ( * ) SI_UNIT ( .MILLI., .METRE. ) );
#215 = CARTESIAN_POINT ( 'NONE',  ( 59.21300000000001518, -25.99999999999993250, -5.916456789157588541E-30 ) ) ;
#216 = ORIENTED_EDGE ( 'NONE', *, *, #1371, .F. ) ;
#217 = EDGE_LOOP ( 'NONE', ( #1350, #548 ) ) ;
#218 = LINE ( 'NONE', #789, #1406 ) ;
#219 = CARTESIAN_POINT ( 'NONE',  ( 38.95000000000000284, 6.350000000000012967, -25.39999999999999858 ) ) ;
#220 = EDGE_CURVE ( 'NONE', #1109, #1341, #1083, .T. ) ;
#221 = CIRCLE ( 'NONE', #124, 3.200000000000005063 ) ;
#222 = DIRECTION ( 'NONE',  ( 0.000000000000000000, -0.000000000000000000, -1.000000000000000000 ) ) ;
#223 = EDGE_LOOP ( 'NONE', ( #1373, #23, #290, #805 ) ) ;
#224 = FACE_OUTER_BOUND ( 'NONE', #1378, .T. ) ;
#225 = ORIENTED_EDGE ( 'NONE', *, *, #1204, .T. ) ;
#226 = CIRCLE ( 'NONE', #974, 3.200000000000005063 ) ;
#227 = DIRECTION ( 'NONE',  ( 0.000000000000000000, 1.000000000000000000, 0.000000000000000000 ) ) ;
#228 = CARTESIAN_POINT ( 'NONE',  ( 51.95000000000000995, -17.64999999999992752, 44.45000000000000284 ) ) ;
#229 = ORIENTED_EDGE ( 'NONE', *, *, #720, .F. ) ;
#230 = CARTESIAN_POINT ( 'NONE',  ( 38.95000000000000995, -5.999999999999954703, -6.350000000000001421 ) ) ;
#231 = VERTEX_POINT ( 'NONE', #237 ) ;
#232 = AXIS2_PLACEMENT_3D ( 'NONE', #1001, #888, #337 ) ;
#233 = CIRCLE ( 'NONE', #113, 3.000000000000002665 ) ;
#234 = DIRECTION ( 'NONE',  ( 0.000000000000000000, 1.639108796198557931E-15, 1.000000000000000000 ) ) ;
#235 = DIRECTION ( 'NONE',  ( 0.000000000000000000, 0.000000000000000000, -1.000000000000000000 ) ) ;
#236 = PRODUCT_DEFINITION ( 'UNKNOWN', '', #748, #451 ) ;
#237 = CARTESIAN_POINT ( 'NONE',  ( 65.56300000000004502, -19.64999999999992752, 44.45000000000000284 ) ) ;
#238 = ORIENTED_EDGE ( 'NONE', *, *, #127, .T. ) ;
#239 = CARTESIAN_POINT ( 'NONE',  ( 56.30000000000001137, -5.999999999999935163, -6.350000000000001421 ) ) ;
#240 = ORIENTED_EDGE ( 'NONE', *, *, #249, .F. ) ;
#241 = LINE ( 'NONE', #676, #40 ) ;
#242 = DIRECTION ( 'NONE',  ( 0.000000000000000000, 0.000000000000000000, -1.000000000000000000 ) ) ;
#243 =( NAMED_UNIT ( * ) PLANE_ANGLE_UNIT ( ) SI_UNIT ( $, .RADIAN. ) );
#244 = EDGE_CURVE ( 'NONE', #697, #811, #348, .T. ) ;
#245 = VERTEX_POINT ( 'NONE', #11 ) ;
#246 = DIRECTION ( 'NONE',  ( 1.000000000000000000, 1.150292647358276522E-15, 0.000000000000000000 ) ) ;
#247 = ORIENTED_EDGE ( 'NONE', *, *, #579, .F. ) ;
#248 = CARTESIAN_POINT ( 'NONE',  ( 58.36299999999999955, 12.70000000000000284, 6.349999999999999645 ) ) ;
#249 = EDGE_CURVE ( 'NONE', #1019, #1409, #116, .T. ) ;
#250 = CARTESIAN_POINT ( 'NONE',  ( 64.35000000000000853, 12.70000000000000817, -15.84999999999999254 ) ) ;
#251 = ORIENTED_EDGE ( 'NONE', *, *, #137, .T. ) ;
#252 = AXIS2_PLACEMENT_3D ( 'NONE', #1086, #408, #198 ) ;
#253 = FACE_BOUND ( 'NONE', #277, .T. ) ;
#254 = ORIENTED_EDGE ( 'NONE', *, *, #1010, .T. ) ;
#255 = FACE_OUTER_BOUND ( 'NONE', #588, .T. ) ;
#256 = ORIENTED_EDGE ( 'NONE', *, *, #498, .T. ) ;
#257 = CARTESIAN_POINT ( 'NONE',  ( 28.13699999999999690, 12.70000000000000284, 3.349999999999999645 ) ) ;
#258 = AXIS2_PLACEMENT_3D ( 'NONE', #90, #984, #96 ) ;
#259 = AXIS2_PLACEMENT_3D ( 'NONE', #56, #929, #693 ) ;
#260 = DIRECTION ( 'NONE',  ( 1.000000000000000000, 0.000000000000000000, 0.000000000000000000 ) ) ;
#261 = ORIENTED_EDGE ( 'NONE', *, *, #546, .F. ) ;
#262 = ORIENTED_EDGE ( 'NONE', *, *, #166, .F. ) ;
#263 = CARTESIAN_POINT ( 'NONE',  ( 65.56299999999998818, 2.688821387764050996E-14, 6.349999999999999645 ) ) ;
#264 = VERTEX_POINT ( 'NONE', #1309 ) ;
#265 = DIRECTION ( 'NONE',  ( 1.000000000000000000, 5.463695987328530381E-16, -0.000000000000000000 ) ) ;
#266 = EDGE_CURVE ( 'NONE', #373, #788, #1269, .T. ) ;
#267 = DIRECTION ( 'NONE',  ( -1.000000000000000000, -1.156482317317873303E-15, -1.831045742755018723E-48 ) ) ;
#268 = ORIENTED_EDGE ( 'NONE', *, *, #857, .F. ) ;
#269 = FILL_AREA_STYLE ('',( #29 ) ) ;
#270 = LINE ( 'NONE', #357, #47 ) ;
#271 = VERTEX_POINT ( 'NONE', #322 ) ;
#272 = LINE ( 'NONE', #1260, #363 ) ;
#273 = EDGE_CURVE ( 'NONE', #860, #1245, #506, .T. ) ;
#274 = DIRECTION ( 'NONE',  ( -1.000000000000000000, 0.000000000000000000, 0.000000000000000000 ) ) ;
#275 = EDGE_LOOP ( 'NONE', ( #1034, #783 ) ) ;
#276 = DIRECTION ( 'NONE',  ( -0.000000000000000000, -0.000000000000000000, 1.000000000000000000 ) ) ;
#277 = EDGE_LOOP ( 'NONE', ( #87, #251 ) ) ;
#278 = ORIENTED_EDGE ( 'NONE', *, *, #997, .T. ) ;
#279 = AXIS2_PLACEMENT_3D ( 'NONE', #1392, #852, #943 ) ;
#280 = CARTESIAN_POINT ( 'NONE',  ( 38.95000000000000284, 19.04999999999999716, -25.39999999999999858 ) ) ;
#281 = AXIS2_PLACEMENT_3D ( 'NONE', #1325, #473, #1037 ) ;
#282 = EDGE_CURVE ( 'NONE', #1416, #578, #17, .T. ) ;
#283 = DIRECTION ( 'NONE',  ( 1.000000000000000000, 2.731847993664262232E-16, -0.000000000000000000 ) ) ;
#284 = VERTEX_POINT ( 'NONE', #999 ) ;
#285 = ORIENTED_EDGE ( 'NONE', *, *, #744, .T. ) ;
#286 = ADVANCED_FACE ( 'NONE', ( #92 ), #1112, .T. ) ;
#287 = FACE_OUTER_BOUND ( 'NONE', #565, .T. ) ;
#288 = CARTESIAN_POINT ( 'NONE',  ( 38.95000000000000284, 25.40000000000000568, -6.350000000000001421 ) ) ;
#289 = CARTESIAN_POINT ( 'NONE',  ( 38.95000000000000284, 19.05000000000000426, -19.04999999999999716 ) ) ;
#290 = ORIENTED_EDGE ( 'NONE', *, *, #220, .T. ) ;
#291 = DIRECTION ( 'NONE',  ( -2.731847993664262232E-16, 1.000000000000000000, 0.000000000000000000 ) ) ;
#292 = VECTOR ( 'NONE', #155, 1000.000000000000000 ) ;
#293 = CARTESIAN_POINT ( 'NONE',  ( 32.33699999999999619, 12.70000000000000284, 6.349999999999999645 ) ) ;
#294 = FACE_OUTER_BOUND ( 'NONE', #407, .T. ) ;
#295 = EDGE_CURVE ( 'NONE', #49, #968, #1098, .T. ) ;
#296 = DIRECTION ( 'NONE',  ( 0.000000000000000000, 2.731847993664262430E-15, -1.000000000000000000 ) ) ;
#297 =( GEOMETRIC_REPRESENTATION_CONTEXT ( 3 ) GLOBAL_UNCERTAINTY_ASSIGNED_CONTEXT ( ( #15 ) ) GLOBAL_UNIT_ASSIGNED_CONTEXT ( ( #1225, #243, #1356 ) ) REPRESENTATION_CONTEXT ( 'NONE', 'WORKASPACE' ) );
#298 = AXIS2_PLACEMENT_3D ( 'NONE', #346, #913, #1252 ) ;
#299 = ORIENTED_EDGE ( 'NONE', *, *, #22, .F. ) ;
#300 = CARTESIAN_POINT ( 'NONE',  ( 60.76299999999999812, 12.70000000000000284, 6.349999999999999645 ) ) ;
#301 = EDGE_CURVE ( 'NONE', #1078, #443, #453, .T. ) ;
#302 = DIRECTION ( 'NONE',  ( -1.000000000000000000, -0.000000000000000000, -0.000000000000000000 ) ) ;
#303 = VECTOR ( 'NONE', #276, 1000.000000000000000 ) ;
#304 = EDGE_LOOP ( 'NONE', ( #216, #882, #30, #1084, #1025, #1038, #474, #572, #423, #356, #462 ) ) ;
#305 = CARTESIAN_POINT ( 'NONE',  ( 23.33699999999999974, 6.375313662814288873E-15, 6.349999999999999645 ) ) ;
#306 = ADVANCED_FACE ( 'NONE', ( #547 ), #877, .F. ) ;
#307 = DIRECTION ( 'NONE',  ( -0.000000000000000000, -0.000000000000000000, 1.000000000000000000 ) ) ;
#308 = ORIENTED_EDGE ( 'NONE', *, *, #409, .T. ) ;
#309 = EDGE_LOOP ( 'NONE', ( #1320, #57, #692, #1063 ) ) ;
#310 = CARTESIAN_POINT ( 'NONE',  ( 3.522445621203248517E-29, -3.045827479120082314E-14, 6.349999999999999645 ) ) ;
#311 = EDGE_CURVE ( 'NONE', #1156, #1424, #1187, .T. ) ;
#312 = EDGE_CURVE ( 'NONE', #644, #1093, #1008, .T. ) ;
#313 = AXIS2_PLACEMENT_3D ( 'NONE', #1363, #1016, #1024 ) ;
#314 = DIRECTION ( 'NONE',  ( -3.402828371490466074E-46, 2.958228394578794270E-31, -1.000000000000000000 ) ) ;
#315 = VERTEX_POINT ( 'NONE', #330 ) ;
#316 = EDGE_LOOP ( 'NONE', ( #963, #515, #712, #619 ) ) ;
#317 = FACE_OUTER_BOUND ( 'NONE', #753, .T. ) ;
#318 = AXIS2_PLACEMENT_3D ( 'NONE', #1283, #1059, #937 ) ;
#319 = LINE ( 'NONE', #1110, #808 ) ;
#320 = CIRCLE ( 'NONE', #258, 1.650000000000005684 ) ;
#321 = VECTOR ( 'NONE', #800, 1000.000000000000000 ) ;
#322 = CARTESIAN_POINT ( 'NONE',  ( 38.95000000000000284, 25.40000000000000568, -6.350000000000001421 ) ) ;
#323 = EDGE_CURVE ( 'NONE', #701, #811, #1193, .T. ) ;
#324 = ORIENTED_EDGE ( 'NONE', *, *, #323, .F. ) ;
#325 = ORIENTED_EDGE ( 'NONE', *, *, #458, .F. ) ;
#326 = FACE_OUTER_BOUND ( 'NONE', #1326, .T. ) ;
#327 = EDGE_CURVE ( 'NONE', #907, #1251, #1340, .T. ) ;
#328 = CARTESIAN_POINT ( 'NONE',  ( 23.33700000000003172, -25.99999999999997513, 44.45000000000000284 ) ) ;
#329 = PRODUCT_CONTEXT ( 'NONE', #118, 'mechanical' ) ;
#330 = CARTESIAN_POINT ( 'NONE',  ( 49.95000000000000995, -5.999999999999942268, -12.69999999999999929 ) ) ;
#331 = ORIENTED_EDGE ( 'NONE', *, *, #768, .T. ) ;
#332 = LINE ( 'NONE', #767, #602 ) ;
#333 = DIRECTION ( 'NONE',  ( 0.000000000000000000, 0.000000000000000000, 1.000000000000000000 ) ) ;
#334 = CARTESIAN_POINT ( 'NONE',  ( 49.95000000000000284, 2.730801695882694146E-14, -19.04999999999999716 ) ) ;
#335 = EDGE_CURVE ( 'NONE', #1046, #1156, #1323, .T. ) ;
#336 = VERTEX_POINT ( 'NONE', #123 ) ;
#337 = DIRECTION ( 'NONE',  ( -1.000000000000000000, 0.000000000000000000, 0.000000000000000000 ) ) ;
#338 = ORIENTED_EDGE ( 'NONE', *, *, #1175, .F. ) ;
#339 = EDGE_CURVE ( 'NONE', #1013, #1304, #406, .T. ) ;
#340 = DIRECTION ( 'NONE',  ( -1.000000000000000000, 0.000000000000000000, 0.000000000000000000 ) ) ;
#341 = LINE ( 'NONE', #671, #1026 ) ;
#342 = CARTESIAN_POINT ( 'NONE',  ( 23.33699999999999974, -6.349999999999972999, 44.45000000000000284 ) ) ;
#343 = VERTEX_POINT ( 'NONE', #228 ) ;
#344 = PLANE ( 'NONE',  #1214 ) ;
#345 = VERTEX_POINT ( 'NONE', #664 ) ;
#346 = CARTESIAN_POINT ( 'NONE',  ( 51.95000000000000995, -15.99999999999992362, 44.45000000000000284 ) ) ;
#347 = DIRECTION ( 'NONE',  ( 1.000000000000000000, -0.000000000000000000, -0.000000000000000000 ) ) ;
#348 = LINE ( 'NONE', #109, #1128 ) ;
#349 = VERTEX_POINT ( 'NONE', #679 ) ;
#350 = CARTESIAN_POINT ( 'NONE',  ( 59.56299999999999528, 12.70000000000000284, 3.349999999999999645 ) ) ;
#351 = ORIENTED_EDGE ( 'NONE', *, *, #1065, .F. ) ;
#352 = CARTESIAN_POINT ( 'NONE',  ( 59.21300000000000807, -19.64999999999993108, 44.45000000000000284 ) ) ;
#353 = LINE ( 'NONE', #1354, #471 ) ;
#354 = ORIENTED_EDGE ( 'NONE', *, *, #1213, .T. ) ;
#355 = FACE_BOUND ( 'NONE', #156, .T. ) ;
#356 = ORIENTED_EDGE ( 'NONE', *, *, #1160, .F. ) ;
#357 = CARTESIAN_POINT ( 'NONE',  ( 29.68699999999999406, 25.40000000000000568, 6.349999999999999645 ) ) ;
#358 = ORIENTED_EDGE ( 'NONE', *, *, #327, .T. ) ;
#359 = CARTESIAN_POINT ( 'NONE',  ( 23.33700000000003172, -25.99999999999997513, 50.80000000000000426 ) ) ;
#360 = VECTOR ( 'NONE', #1209, 1000.000000000000000 ) ;
#361 = CARTESIAN_POINT ( 'NONE',  ( 23.33700000000001396, -12.34999999999997300, 44.45000000000000284 ) ) ;
#362 = VERTEX_POINT ( 'NONE', #140 ) ;
#363 = VECTOR ( 'NONE', #792, 1000.000000000000000 ) ;
#364 = FACE_BOUND ( 'NONE', #217, .T. ) ;
#365 = ORIENTED_EDGE ( 'NONE', *, *, #936, .T. ) ;
#366 = DIRECTION ( 'NONE',  ( -1.000000000000000000, 0.000000000000000000, 0.000000000000000000 ) ) ;
#367 = ORIENTED_EDGE ( 'NONE', *, *, #194, .T. ) ;
#368 = EDGE_CURVE ( 'NONE', #144, #969, #689, .T. ) ;
#369 = CARTESIAN_POINT ( 'NONE',  ( 29.33699999999999619, 12.70000000000000284, 6.349999999999999645 ) ) ;
#370 = CIRCLE ( 'NONE', #388, 3.200000000000005063 ) ;
#371 = CIRCLE ( 'NONE', #318, 3.000000000000002665 ) ;
#372 = CARTESIAN_POINT ( 'NONE',  ( 56.56300000000000239, 12.70000000000000284, 3.349999999999999645 ) ) ;
#373 = VERTEX_POINT ( 'NONE', #569 ) ;
#374 = EDGE_CURVE ( 'NONE', #701, #1019, #1129, .T. ) ;
#375 = DIRECTION ( 'NONE',  ( -1.000000000000000000, -0.000000000000000000, -0.000000000000000000 ) ) ;
#376 = ORIENTED_EDGE ( 'NONE', *, *, #1179, .T. ) ;
#377 = CARTESIAN_POINT ( 'NONE',  ( 51.95000000000000995, -17.64999999999992752, 51.45000000000000284 ) ) ;
#378 = DIRECTION ( 'NONE',  ( -0.000000000000000000, 0.000000000000000000, 1.000000000000000000 ) ) ;
#379 = ORIENTED_EDGE ( 'NONE', *, *, #1004, .T. ) ;
#380 = CARTESIAN_POINT ( 'NONE',  ( 23.33699999999999619, 19.05000000000000426, 6.349999999999999645 ) ) ;
#381 = ORIENTED_EDGE ( 'NONE', *, *, #823, .T. ) ;
#382 = CIRCLE ( 'NONE', #1117, 2.999999999999995559 ) ;
#383 = DIRECTION ( 'NONE',  ( -1.000000000000000000, -0.000000000000000000, -0.000000000000000000 ) ) ;
#384 = DIRECTION ( 'NONE',  ( 1.000000000000000000, 0.000000000000000000, 0.000000000000000000 ) ) ;
#385 = CARTESIAN_POINT ( 'NONE',  ( 64.35000000000000853, 12.70000000000000817, -19.04999999999999716 ) ) ;
#386 = ORIENTED_EDGE ( 'NONE', *, *, #719, .T. ) ;
#387 = DIRECTION ( 'NONE',  ( -0.000000000000000000, -0.000000000000000000, 1.000000000000000000 ) ) ;
#388 = AXIS2_PLACEMENT_3D ( 'NONE', #1413, #340, #333 ) ;
#389 = AXIS2_PLACEMENT_3D ( 'NONE', #342, #1203, #779 ) ;
#390 = CYLINDRICAL_SURFACE ( 'NONE', #1230, 6.350000000000001421 ) ;
#391 = ADVANCED_FACE ( 'NONE', ( #158, #253, #909 ), #580, .F. ) ;
#392 = DIRECTION ( 'NONE',  ( -0.000000000000000000, 1.000000000000000000, -0.000000000000000000 ) ) ;
#393 = DIRECTION ( 'NONE',  ( 0.000000000000000000, -0.000000000000000000, -1.000000000000000000 ) ) ;
#394 = CARTESIAN_POINT ( 'NONE',  ( 49.95000000000000284, 2.850604133042187118E-15, -6.350000000000001421 ) ) ;
#395 = EDGE_CURVE ( 'NONE', #12, #448, #226, .T. ) ;
#396 = PLANE ( 'NONE',  #971 ) ;
#397 = MANIFOLD_SOLID_BREP ( 'Fillet7', #1257 ) ;
#398 = ADVANCED_FACE ( 'NONE', ( #364, #355, #698 ), #1136, .F. ) ;
#399 = CARTESIAN_POINT ( 'NONE',  ( 23.33700000000000685, 2.688821387764050996E-14, 6.349999999999999645 ) ) ;
#400 = DIRECTION ( 'NONE',  ( -1.000000000000000000, 0.000000000000000000, 0.000000000000000000 ) ) ;
#401 = CARTESIAN_POINT ( 'NONE',  ( 59.21299999999998676, 19.05000000000000426, 6.349999999999999645 ) ) ;
#402 = CARTESIAN_POINT ( 'NONE',  ( 49.95000000000000284, 25.40000000000000568, -6.350000000000001421 ) ) ;
#403 = VECTOR ( 'NONE', #1090, 1000.000000000000000 ) ;
#404 = CARTESIAN_POINT ( 'NONE',  ( 30.53699999999999548, 12.70000000000000284, 0.000000000000000000 ) ) ;
#405 = DIRECTION ( 'NONE',  ( 0.000000000000000000, 0.000000000000000000, -1.000000000000000000 ) ) ;
#406 = CIRCLE ( 'NONE', #159, 6.350000000000001421 ) ;
#407 = EDGE_LOOP ( 'NONE', ( #533, #895, #848, #1212 ) ) ;
#408 = DIRECTION ( 'NONE',  ( -0.000000000000000000, 0.000000000000000000, 1.000000000000000000 ) ) ;
#409 = EDGE_CURVE ( 'NONE', #1115, #799, #593, .T. ) ;
#410 = CYLINDRICAL_SURFACE ( 'NONE', #1149, 3.000000000000002665 ) ;
#411 = CIRCLE ( 'NONE', #1039, 3.200000000000005063 ) ;
#412 = ORIENTED_EDGE ( 'NONE', *, *, #936, .F. ) ;
#413 = ADVANCED_FACE ( 'NONE', ( #707 ), #1143, .F. ) ;
#414 = LINE ( 'NONE', #861, #1306 ) ;
#415 = LINE ( 'NONE', #288, #1388 ) ;
#416 = ORIENTED_EDGE ( 'NONE', *, *, #176, .F. ) ;
#417 = VERTEX_POINT ( 'NONE', #230 ) ;
#418 = PLANE ( 'NONE',  #934 ) ;
#419 = AXIS2_PLACEMENT_3D ( 'NONE', #1033, #44, #922 ) ;
#420 = ADVANCED_FACE ( 'NONE', ( #666, #1012, #674 ), #102, .T. ) ;
#421 = PLANE ( 'NONE',  #1426 ) ;
#422 = CARTESIAN_POINT ( 'NONE',  ( 65.56300000000000239, 3.582163000172204141E-14, 6.349999999999999645 ) ) ;
#423 = ORIENTED_EDGE ( 'NONE', *, *, #649, .T. ) ;
#424 = EDGE_CURVE ( 'NONE', #1239, #1296, #539, .T. ) ;
#425 = ORIENTED_EDGE ( 'NONE', *, *, #1292, .T. ) ;
#426 = CARTESIAN_POINT ( 'NONE',  ( 23.33700000000000685, -5.999999999999973355, 38.10000000000000142 ) ) ;
#427 = AXIS2_PLACEMENT_3D ( 'NONE', #51, #1362, #1003 ) ;
#428 = AXIS2_PLACEMENT_3D ( 'NONE', #737, #400, #514 ) ;
#429 = CARTESIAN_POINT ( 'NONE',  ( 49.95000000000000284, 2.850604133042187118E-15, -19.04999999999999716 ) ) ;
#430 = CIRCLE ( 'NONE', #188, 6.349999999999999645 ) ;
#431 = AXIS2_PLACEMENT_3D ( 'NONE', #1197, #4, #99 ) ;
#432 = CARTESIAN_POINT ( 'NONE',  ( 56.30000000000000426, 25.40000000000000568, -6.350000000000001421 ) ) ;
#433 = VERTEX_POINT ( 'NONE', #426 ) ;
#434 = VERTEX_POINT ( 'NONE', #111 ) ;
#435 = CYLINDRICAL_SURFACE ( 'NONE', #717, 6.349999999999999645 ) ;
#436 = VECTOR ( 'NONE', #700, 1000.000000000000000 ) ;
#437 = EDGE_CURVE ( 'NONE', #110, #680, #411, .T. ) ;
#438 = CARTESIAN_POINT ( 'NONE',  ( 56.56300000000000239, 12.70000000000000284, 3.349999999999999645 ) ) ;
#439 = DIRECTION ( 'NONE',  ( 1.000000000000000000, -0.000000000000000000, -0.000000000000000000 ) ) ;
#440 = CARTESIAN_POINT ( 'NONE',  ( 51.95000000000000995, -15.99999999999992362, 50.80000000000000426 ) ) ;
#441 = ORIENTED_EDGE ( 'NONE', *, *, #295, .T. ) ;
#442 = DIRECTION ( 'NONE',  ( 0.000000000000000000, 0.000000000000000000, -1.000000000000000000 ) ) ;
#443 = VERTEX_POINT ( 'NONE', #782 ) ;
#444 = ADVANCED_FACE ( 'NONE', ( #982 ), #126, .T. ) ;
#445 = CARTESIAN_POINT ( 'NONE',  ( 49.95000000000000284, 2.850604133042187118E-15, -25.39999999999999858 ) ) ;
#446 = LINE ( 'NONE', #1202, #403 ) ;
#447 = DIRECTION ( 'NONE',  ( 1.000000000000000000, 1.156482317317873303E-15, 0.000000000000000000 ) ) ;
#448 = VERTEX_POINT ( 'NONE', #1332 ) ;
#449 = DIRECTION ( 'NONE',  ( 0.000000000000000000, 0.000000000000000000, 1.000000000000000000 ) ) ;
#450 = ORIENTED_EDGE ( 'NONE', *, *, #491, .F. ) ;
#451 = PRODUCT_DEFINITION_CONTEXT ( 'detailed design', #1261, 'design' ) ;
#452 = FACE_BOUND ( 'NONE', #563, .T. ) ;
#453 = LINE ( 'NONE', #422, #206 ) ;
#454 = AXIS2_PLACEMENT_3D ( 'NONE', #735, #1181, #500 ) ;
#455 = ORIENTED_EDGE ( 'NONE', *, *, #273, .T. ) ;
#456 = CARTESIAN_POINT ( 'NONE',  ( 32.33699999999999619, 12.70000000000000284, 3.349999999999999645 ) ) ;
#457 = ORIENTED_EDGE ( 'NONE', *, *, #1089, .T. ) ;
#458 = EDGE_CURVE ( 'NONE', #245, #148, #780, .T. ) ;
#459 = DIRECTION ( 'NONE',  ( 0.000000000000000000, -1.000000000000000000, 0.000000000000000000 ) ) ;
#460 = CIRCLE ( 'NONE', #836, 1.199999999999999734 ) ;
#461 = CARTESIAN_POINT ( 'NONE',  ( 49.95000000000000284, 25.40000000000000568, -19.04999999999999716 ) ) ;
#462 = ORIENTED_EDGE ( 'NONE', *, *, #35, .T. ) ;
#463 = PRESENTATION_STYLE_ASSIGNMENT (( #807 ) ) ;
#464 = ORIENTED_EDGE ( 'NONE', *, *, #339, .F. ) ;
#465 = FACE_OUTER_BOUND ( 'NONE', #139, .T. ) ;
#466 = ORIENTED_EDGE ( 'NONE', *, *, #755, .T. ) ;
#467 = CYLINDRICAL_SURFACE ( 'NONE', #1288, 1.650000000000002132 ) ;
#468 = DIRECTION ( 'NONE',  ( 0.000000000000000000, 1.000000000000000000, 0.000000000000000000 ) ) ;
#469 = ORIENTED_EDGE ( 'NONE', *, *, #1327, .T. ) ;
#470 = ADVANCED_FACE ( 'NONE', ( #1218 ), #344, .T. ) ;
#471 = VECTOR ( 'NONE', #242, 1000.000000000000000 ) ;
#472 = VERTEX_POINT ( 'NONE', #456 ) ;
#473 = DIRECTION ( 'NONE',  ( -1.000000000000000000, 0.000000000000000000, 0.000000000000000000 ) ) ;
#474 = ORIENTED_EDGE ( 'NONE', *, *, #374, .T. ) ;
#475 = EDGE_CURVE ( 'NONE', #1130, #336, #218, .T. ) ;
#476 = CARTESIAN_POINT ( 'NONE',  ( 32.33699999999999619, 12.70000000000000284, 3.349999999999999645 ) ) ;
#477 = AXIS2_PLACEMENT_3D ( 'NONE', #818, #38, #1255 ) ;
#478 = FACE_OUTER_BOUND ( 'NONE', #192, .T. ) ;
#479 = EDGE_LOOP ( 'NONE', ( #574, #636, #1364, #595, #583, #994, #604, #790 ) ) ;
#480 = VECTOR ( 'NONE', #16, 1000.000000000000000 ) ;
#481 = SURFACE_SIDE_STYLE ('',( #1247 ) ) ;
#482 = DIRECTION ( 'NONE',  ( 1.156482317317873303E-15, -1.000000000000000000, -2.958228394578794270E-31 ) ) ;
#483 = EDGE_LOOP ( 'NONE', ( #229, #630 ) ) ;
#484 = CARTESIAN_POINT ( 'NONE',  ( 65.56299999999998818, 2.688821387764050996E-14, 12.69999999999999929 ) ) ;
#485 = DIRECTION ( 'NONE',  ( 1.000000000000000000, 0.000000000000000000, 0.000000000000000000 ) ) ;
#486 = ORIENTED_EDGE ( 'NONE', *, *, #114, .F. ) ;
#487 = DIRECTION ( 'NONE',  ( 3.402828371490465685E-46, -2.958228394578794270E-31, 1.000000000000000000 ) ) ;
#488 = LINE ( 'NONE', #173, #303 ) ;
#489 = ORIENTED_EDGE ( 'NONE', *, *, #1179, .F. ) ;
#490 = CARTESIAN_POINT ( 'NONE',  ( 32.60000000000000142, 1.458671146833033927E-14, 0.000000000000000000 ) ) ;
#491 = EDGE_CURVE ( 'NONE', #1239, #1030, #332, .T. ) ;
#492 = DIRECTION ( 'NONE',  ( 1.000000000000000000, 1.156482317317873303E-15, 1.831045742755018723E-48 ) ) ;
#493 = VERTEX_POINT ( 'NONE', #894 ) ;
#494 = LINE ( 'NONE', #589, #19 ) ;
#495 = ORIENTED_EDGE ( 'NONE', *, *, #544, .T. ) ;
#496 = VECTOR ( 'NONE', #267, 1000.000000000000000 ) ;
#497 = CARTESIAN_POINT ( 'NONE',  ( 49.95000000000000284, 12.70000000000000817, -22.25000000000000355 ) ) ;
#498 = EDGE_CURVE ( 'NONE', #37, #1142, #958, .T. ) ;
#499 = CARTESIAN_POINT ( 'NONE',  ( 38.95000000000000284, 25.40000000000000568, -19.04999999999999716 ) ) ;
#500 = DIRECTION ( 'NONE',  ( -1.156482317317873105E-15, 1.000000000000000000, 0.000000000000000000 ) ) ;
#501 = DIRECTION ( 'NONE',  ( 0.000000000000000000, -1.000000000000000000, 0.000000000000000000 ) ) ;
#502 = EDGE_CURVE ( 'NONE', #264, #899, #641, .T. ) ;
#503 = ORIENTED_EDGE ( 'NONE', *, *, #1035, .T. ) ;
#504 = CARTESIAN_POINT ( 'NONE',  ( 59.56299999999999528, 12.70000000000000284, 0.000000000000000000 ) ) ;
#505 = CIRCLE ( 'NONE', #908, 1.199999999999999734 ) ;
#506 = CIRCLE ( 'NONE', #638, 1.650000000000005684 ) ;
#507 = PLANE ( 'NONE',  #1353 ) ;
#508 = DIRECTION ( 'NONE',  ( -0.000000000000000000, -0.000000000000000000, 1.000000000000000000 ) ) ;
#509 = CARTESIAN_POINT ( 'NONE',  ( 32.60000000000000142, 25.40000000000000568, 0.000000000000000000 ) ) ;
#510 = DIRECTION ( 'NONE',  ( 1.000000000000000000, 0.000000000000000000, 0.000000000000000000 ) ) ;
#511 = DIRECTION ( 'NONE',  ( 1.000000000000000000, 0.000000000000000000, 0.000000000000000000 ) ) ;
#512 = CYLINDRICAL_SURFACE ( 'NONE', #454, 6.349999999999998757 ) ;
#513 = ADVANCED_FACE ( 'NONE', ( #681 ), #1121, .F. ) ;
#514 = DIRECTION ( 'NONE',  ( 0.000000000000000000, 0.000000000000000000, 1.000000000000000000 ) ) ;
#515 = ORIENTED_EDGE ( 'NONE', *, *, #18, .F. ) ;
#516 = FACE_BOUND ( 'NONE', #889, .T. ) ;
#517 = ADVANCED_FACE ( 'NONE', ( #326 ), #435, .F. ) ;
#518 = DIRECTION ( 'NONE',  ( 0.000000000000000000, 1.000000000000000000, -0.000000000000000000 ) ) ;
#519 = ORIENTED_EDGE ( 'NONE', *, *, #972, .T. ) ;
#520 = FACE_OUTER_BOUND ( 'NONE', #175, .T. ) ;
#521 = VECTOR ( 'NONE', #1387, 1000.000000000000000 ) ;
#522 = CARTESIAN_POINT ( 'NONE',  ( 26.33699999999999264, 12.70000000000000284, 3.349999999999999645 ) ) ;
#523 = AXIS2_PLACEMENT_3D ( 'NONE', #659, #573, #883 ) ;
#524 = ORIENTED_EDGE ( 'NONE', *, *, #82, .F. ) ;
#525 = ORIENTED_EDGE ( 'NONE', *, *, #1195, .T. ) ;
#526 = DIRECTION ( 'NONE',  ( -1.000000000000000000, 0.000000000000000000, 0.000000000000000000 ) ) ;
#527 = EDGE_CURVE ( 'NONE', #433, #1019, #654, .T. ) ;
#528 = DIRECTION ( 'NONE',  ( -0.000000000000000000, -1.000000000000000000, -0.000000000000000000 ) ) ;
#529 = ADVANCED_FACE ( 'NONE', ( #224 ), #1100, .T. ) ;
#530 = CARTESIAN_POINT ( 'NONE',  ( 49.95000000000000284, 6.350000000000027178, -19.04999999999999716 ) ) ;
#531 = CARTESIAN_POINT ( 'NONE',  ( 0.000000000000000000, 19.05000000000000426, -19.04999999999999716 ) ) ;
#532 = ORIENTED_EDGE ( 'NONE', *, *, #301, .F. ) ;
#533 = ORIENTED_EDGE ( 'NONE', *, *, #1412, .F. ) ;
#534 = DIRECTION ( 'NONE',  ( -1.000000000000000000, 0.000000000000000000, 0.000000000000000000 ) ) ;
#535 = AXIS2_PLACEMENT_3D ( 'NONE', #1168, #718, #614 ) ;
#536 = CARTESIAN_POINT ( 'NONE',  ( 59.21299999999998676, 25.40000000000000568, 6.349999999999999645 ) ) ;
#537 = DIRECTION ( 'NONE',  ( 0.000000000000000000, 0.000000000000000000, -1.000000000000000000 ) ) ;
#538 = ORIENTED_EDGE ( 'NONE', *, *, #1412, .T. ) ;
#539 = CIRCLE ( 'NONE', #1032, 2.999999999999995559 ) ;
#540 = EDGE_LOOP ( 'NONE', ( #714, #817, #254, #1184 ) ) ;
#541 = DIRECTION ( 'NONE',  ( -0.000000000000000000, 0.000000000000000000, 1.000000000000000000 ) ) ;
#542 = AXIS2_PLACEMENT_3D ( 'NONE', #162, #1140, #459 ) ;
#543 = AXIS2_PLACEMENT_3D ( 'NONE', #1165, #1185, #1400 ) ;
#544 = EDGE_CURVE ( 'NONE', #231, #1228, #494, .T. ) ;
#545 = PLANE ( 'NONE',  #1192 ) ;
#546 = EDGE_CURVE ( 'NONE', #493, #209, #460, .T. ) ;
#547 = FACE_OUTER_BOUND ( 'NONE', #688, .T. ) ;
#548 = ORIENTED_EDGE ( 'NONE', *, *, #1010, .F. ) ;
#549 = CARTESIAN_POINT ( 'NONE',  ( 23.33699999999999619, 6.350000000000026290, 12.69999999999999929 ) ) ;
#550 = CIRCLE ( 'NONE', #1367, 6.349999999999994316 ) ;
#551 = VERTEX_POINT ( 'NONE', #1359 ) ;
#552 = DIRECTION ( 'NONE',  ( 1.000000000000000000, 0.000000000000000000, 0.000000000000000000 ) ) ;
#553 = DIRECTION ( 'NONE',  ( 1.000000000000000000, 0.000000000000000000, 0.000000000000000000 ) ) ;
#554 = EDGE_CURVE ( 'NONE', #1258, #231, #911, .T. ) ;
#555 = ORIENTED_EDGE ( 'NONE', *, *, #806, .F. ) ;
#556 = DIRECTION ( 'NONE',  ( -1.000000000000000000, 0.000000000000000000, 0.000000000000000000 ) ) ;
#557 = ORIENTED_EDGE ( 'NONE', *, *, #1160, .T. ) ;
#558 = CARTESIAN_POINT ( 'NONE',  ( 65.56299999999998818, 6.350000000000026290, 6.349999999999999645 ) ) ;
#559 = VECTOR ( 'NONE', #704, 1000.000000000000000 ) ;
#560 = EDGE_CURVE ( 'NONE', #1251, #1258, #212, .T. ) ;
#561 = EDGE_CURVE ( 'NONE', #362, #1333, #233, .T. ) ;
#562 = DIRECTION ( 'NONE',  ( -0.000000000000000000, 0.000000000000000000, 1.000000000000000000 ) ) ;
#563 = EDGE_LOOP ( 'NONE', ( #285, #381 ) ) ;
#564 = DIRECTION ( 'NONE',  ( 1.000000000000000000, 0.000000000000000000, 0.000000000000000000 ) ) ;
#565 = EDGE_LOOP ( 'NONE', ( #457, #781, #555, #201, #926, #538, #855, #878 ) ) ;
#566 = DIRECTION ( 'NONE',  ( -3.402828371490465685E-46, 2.958228394578794270E-31, -1.000000000000000000 ) ) ;
#567 = DIRECTION ( 'NONE',  ( -0.000000000000000000, 0.000000000000000000, 1.000000000000000000 ) ) ;
#568 = ORIENTED_EDGE ( 'NONE', *, *, #647, .F. ) ;
#569 = CARTESIAN_POINT ( 'NONE',  ( 56.30000000000000426, 25.40000000000000568, 0.000000000000000000 ) ) ;
#570 = VECTOR ( 'NONE', #1338, 1000.000000000000000 ) ;
#571 = AXIS2_PLACEMENT_3D ( 'NONE', #369, #1031, #43 ) ;
#572 = ORIENTED_EDGE ( 'NONE', *, *, #527, .F. ) ;
#573 = DIRECTION ( 'NONE',  ( -3.402828371490466074E-46, 2.958228394578794708E-31, -1.000000000000000000 ) ) ;
#574 = ORIENTED_EDGE ( 'NONE', *, *, #114, .T. ) ;
#575 = FACE_OUTER_BOUND ( 'NONE', #1431, .T. ) ;
#576 = ADVANCED_FACE ( 'NONE', ( #1368 ), #41, .F. ) ;
#577 = CYLINDRICAL_SURFACE ( 'NONE', #313, 3.000000000000002665 ) ;
#578 = VERTEX_POINT ( 'NONE', #380 ) ;
#579 = EDGE_CURVE ( 'NONE', #728, #644, #819, .T. ) ;
#580 = PLANE ( 'NONE',  #182 ) ;
#581 = ORIENTED_EDGE ( 'NONE', *, *, #991, .F. ) ;
#582 = LINE ( 'NONE', #263, #436 ) ;
#583 = ORIENTED_EDGE ( 'NONE', *, *, #652, .F. ) ;
#584 = DIRECTION ( 'NONE',  ( 0.000000000000000000, 1.000000000000000000, 0.000000000000000000 ) ) ;
#585 = CARTESIAN_POINT ( 'NONE',  ( 65.56299999999998818, 2.688821387764050996E-14, 44.45000000000000284 ) ) ;
#586 = ORIENTED_EDGE ( 'NONE', *, *, #266, .F. ) ;
#587 = DIRECTION ( 'NONE',  ( 0.000000000000000000, -1.000000000000000000, -2.958228394578794270E-31 ) ) ;
#588 = EDGE_LOOP ( 'NONE', ( #1302, #709, #1053, #32, #1172, #1297, #1190, #1265, #256, #910 ) ) ;
#589 = CARTESIAN_POINT ( 'NONE',  ( 65.56300000000004502, -25.99999999999992539, 44.45000000000000284 ) ) ;
#590 = ORIENTED_EDGE ( 'NONE', *, *, #1334, .F. ) ;
#591 = CYLINDRICAL_SURFACE ( 'NONE', #571, 1.199999999999999734 ) ;
#592 = EDGE_CURVE ( 'NONE', #417, #345, #1256, .T. ) ;
#593 = CIRCLE ( 'NONE', #477, 1.650000000000002132 ) ;
#594 = DIRECTION ( 'NONE',  ( 0.000000000000000000, 0.000000000000000000, 1.000000000000000000 ) ) ;
#595 = ORIENTED_EDGE ( 'NONE', *, *, #991, .T. ) ;
#596 = CARTESIAN_POINT ( 'NONE',  ( 28.13699999999999690, 12.70000000000000284, 6.349999999999999645 ) ) ;
#597 = EDGE_CURVE ( 'NONE', #811, #1416, #270, .T. ) ;
#598 = DIRECTION ( 'NONE',  ( 1.000000000000000000, 1.156482317317873303E-15, 0.000000000000000000 ) ) ;
#599 = ORIENTED_EDGE ( 'NONE', *, *, #843, .T. ) ;
#600 = CARTESIAN_POINT ( 'NONE',  ( 60.76299999999999812, 12.70000000000000284, 3.349999999999999645 ) ) ;
#601 = AXIS2_PLACEMENT_3D ( 'NONE', #954, #80, #1276 ) ;
#602 = VECTOR ( 'NONE', #13, 1000.000000000000000 ) ;
#603 = CARTESIAN_POINT ( 'NONE',  ( 29.33699999999999619, 12.70000000000000284, 0.000000000000000000 ) ) ;
#604 = ORIENTED_EDGE ( 'NONE', *, *, #220, .F. ) ;
#605 = DIRECTION ( 'NONE',  ( -3.402828371490466074E-46, 2.958228394578794708E-31, -1.000000000000000000 ) ) ;
#606 = ORIENTED_EDGE ( 'NONE', *, *, #491, .T. ) ;
#607 = ORIENTED_EDGE ( 'NONE', *, *, #498, .F. ) ;
#608 = DIRECTION ( 'NONE',  ( 0.000000000000000000, 1.000000000000000000, 0.000000000000000000 ) ) ;
#609 = DIRECTION ( 'NONE',  ( 0.000000000000000000, -0.000000000000000000, 1.000000000000000000 ) ) ;
#610 = PLANE ( 'NONE',  #858 ) ;
#611 = ORIENTED_EDGE ( 'NONE', *, *, #323, .T. ) ;
#612 = CIRCLE ( 'NONE', #535, 6.349999999999994316 ) ;
#613 = LINE ( 'NONE', #58, #1180 ) ;
#614 = DIRECTION ( 'NONE',  ( 1.000000000000000000, -1.639108796198559312E-15, 0.000000000000000000 ) ) ;
#615 = VECTOR ( 'NONE', #1124, 1000.000000000000000 ) ;
#616 = DIRECTION ( 'NONE',  ( 0.000000000000000000, 1.000000000000000000, 0.000000000000000000 ) ) ;
#617 = CIRCLE ( 'NONE', #736, 1.199999999999999734 ) ;
#618 = CARTESIAN_POINT ( 'NONE',  ( 23.33699999999999619, 19.05000000000000426, 0.000000000000000000 ) ) ;
#619 = ORIENTED_EDGE ( 'NONE', *, *, #1049, .F. ) ;
#620 = LINE ( 'NONE', #185, #186 ) ;
#621 = AXIS2_PLACEMENT_3D ( 'NONE', #1408, #314, #616 ) ;
#622 = VECTOR ( 'NONE', #447, 1000.000000000000000 ) ;
#623 = CARTESIAN_POINT ( 'NONE',  ( 64.35000000000000853, 12.70000000000000817, -22.25000000000000355 ) ) ;
#624 = ADVANCED_FACE ( 'NONE', ( #255 ), #610, .T. ) ;
#625 = CARTESIAN_POINT ( 'NONE',  ( 59.21300000000001518, -25.99999999999993250, 44.45000000000000284 ) ) ;
#626 = DIRECTION ( 'NONE',  ( 0.000000000000000000, 1.000000000000000000, 0.000000000000000000 ) ) ;
#627 = VERTEX_POINT ( 'NONE', #1155 ) ;
#628 = DIRECTION ( 'NONE',  ( 1.000000000000000000, 1.156482317317873105E-15, 0.000000000000000000 ) ) ;
#629 = CYLINDRICAL_SURFACE ( 'NONE', #601, 6.349999999999999645 ) ;
#630 = ORIENTED_EDGE ( 'NONE', *, *, #561, .F. ) ;
#631 = CARTESIAN_POINT ( 'NONE',  ( 23.33699999999999619, 6.350000000000026290, 6.349999999999999645 ) ) ;
#632 = ADVANCED_BREP_SHAPE_REPRESENTATION ( 'hinge', ( #397, #199 ), #5 ) ;
#633 = VECTOR ( 'NONE', #1262, 1000.000000000000000 ) ;
#634 = FACE_OUTER_BOUND ( 'NONE', #210, .T. ) ;
#635 = ORIENTED_EDGE ( 'NONE', *, *, #1371, .T. ) ;
#636 = ORIENTED_EDGE ( 'NONE', *, *, #732, .T. ) ;
#637 = CARTESIAN_POINT ( 'NONE',  ( 7.343662714968530172E-15, -6.350000000000029843, -19.04034699365893957 ) ) ;
#638 = AXIS2_PLACEMENT_3D ( 'NONE', #440, #657, #1415 ) ;
#639 = CIRCLE ( 'NONE', #1194, 2.999999999999995559 ) ;
#640 = DIRECTION ( 'NONE',  ( -1.000000000000000000, -5.463695987328530381E-16, 0.000000000000000000 ) ) ;
#641 = CIRCLE ( 'NONE', #1152, 6.350000000000000533 ) ;
#642 = DIRECTION ( 'NONE',  ( -1.000000000000000000, 0.000000000000000000, 0.000000000000000000 ) ) ;
#643 = CARTESIAN_POINT ( 'NONE',  ( 23.33700000000000685, 2.688821387764050996E-14, 12.69999999999999929 ) ) ;
#644 = VERTEX_POINT ( 'NONE', #48 ) ;
#645 = ORIENTED_EDGE ( 'NONE', *, *, #732, .F. ) ;
#646 = DIRECTION ( 'NONE',  ( 1.156482317317873105E-15, -1.000000000000000000, 0.000000000000000000 ) ) ;
#647 = EDGE_CURVE ( 'NONE', #1078, #1130, #550, .T. ) ;
#648 = CARTESIAN_POINT ( 'NONE',  ( 65.56299999999998818, 19.05000000000000782, 6.349999999999999645 ) ) ;
#649 = EDGE_CURVE ( 'NONE', #433, #1291, #1248, .T. ) ;
#650 = DIRECTION ( 'NONE',  ( -0.000000000000000000, -0.000000000000000000, 1.000000000000000000 ) ) ;
#651 = ORIENTED_EDGE ( 'NONE', *, *, #1315, .F. ) ;
#652 = EDGE_CURVE ( 'NONE', #1346, #271, #488, .T. ) ;
#653 = ORIENTED_EDGE ( 'NONE', *, *, #1105, .F. ) ;
#654 = LINE ( 'NONE', #1094, #89 ) ;
#655 = CIRCLE ( 'NONE', #847, 6.349999999999999645 ) ;
#656 = CARTESIAN_POINT ( 'NONE',  ( 65.56300000000001660, -12.34999999999992326, 38.10000000000000142 ) ) ;
#657 = DIRECTION ( 'NONE',  ( 0.000000000000000000, 0.000000000000000000, -1.000000000000000000 ) ) ;
#658 = ORIENTED_EDGE ( 'NONE', *, *, #649, .F. ) ;
#659 = CARTESIAN_POINT ( 'NONE',  ( 51.95000000000000995, -15.99999999999992362, 51.45000000000000284 ) ) ;
#660 = EDGE_LOOP ( 'NONE', ( #1219, #86 ) ) ;
#661 = ADVANCED_FACE ( 'NONE', ( #465 ), #1150, .F. ) ;
#662 = DIRECTION ( 'NONE',  ( 1.000000000000000000, 0.000000000000000000, 0.000000000000000000 ) ) ;
#663 = CARTESIAN_POINT ( 'NONE',  ( 32.60000000000000853, -5.999999999999962697, -8.673617379884035472E-16 ) ) ;
#664 = CARTESIAN_POINT ( 'NONE',  ( 38.95000000000000995, -5.999999999999954703, -12.69999999999999929 ) ) ;
#665 = ORIENTED_EDGE ( 'NONE', *, *, #972, .F. ) ;
#666 = FACE_OUTER_BOUND ( 'NONE', #938, .T. ) ;
#667 = VECTOR ( 'NONE', #375, 1000.000000000000000 ) ;
#668 = ORIENTED_EDGE ( 'NONE', *, *, #1351, .F. ) ;
#669 = ADVANCED_FACE ( 'NONE', ( #708, #1374 ), #902, .F. ) ;
#670 = CARTESIAN_POINT ( 'NONE',  ( 6.938893903907239422E-15, -6.000000000000000000, 0.000000000000000000 ) ) ;
#671 = CARTESIAN_POINT ( 'NONE',  ( 51.95000000000000995, -14.34999999999992149, 51.45000000000000284 ) ) ;
#672 = CARTESIAN_POINT ( 'NONE',  ( 6.938893903907239422E-15, -6.000000000000000000, 0.000000000000000000 ) ) ;
#673 = EDGE_LOOP ( 'NONE', ( #1205, #762, #486, #53 ) ) ;
#674 = FACE_BOUND ( 'NONE', #660, .T. ) ;
#675 = EDGE_LOOP ( 'NONE', ( #1085, #278, #1404, #1358 ) ) ;
#676 = CARTESIAN_POINT ( 'NONE',  ( 38.95000000000000284, 1.458671146833033927E-14, -19.04034699365893957 ) ) ;
#677 = CARTESIAN_POINT ( 'NONE',  ( 59.56299999999999528, 12.70000000000000284, 6.349999999999999645 ) ) ;
#678 = VECTOR ( 'NONE', #492, 1000.000000000000000 ) ;
#679 = CARTESIAN_POINT ( 'NONE',  ( 38.95000000000000284, 2.850604029644610548E-15, -19.04034699365893957 ) ) ;
#680 = VERTEX_POINT ( 'NONE', #1131 ) ;
#681 = FACE_OUTER_BOUND ( 'NONE', #309, .T. ) ;
#682 = EDGE_CURVE ( 'NONE', #434, #202, #582, .T. ) ;
#683 = ORIENTED_EDGE ( 'NONE', *, *, #55, .T. ) ;
#684 = CARTESIAN_POINT ( 'NONE',  ( 65.56300000000000239, 3.582163000172204141E-14, 6.349999999999999645 ) ) ;
#685 = AXIS2_PLACEMENT_3D ( 'NONE', #964, #88, #511 ) ;
#686 = EDGE_CURVE ( 'NONE', #578, #899, #190, .T. ) ;
#687 = CARTESIAN_POINT ( 'NONE',  ( 6.938893903907239422E-15, -6.000000000000000000, 38.10000000000000142 ) ) ;
#688 = EDGE_LOOP ( 'NONE', ( #827, #766, #225, #1002, #1376, #1120, #751, #1226, #132, #1348 ) ) ;
#689 = LINE ( 'NONE', #596, #953 ) ;
#690 = VECTOR ( 'NONE', #725, 1000.000000000000000 ) ;
#691 = VECTOR ( 'NONE', #1216, 1000.000000000000000 ) ;
#692 = ORIENTED_EDGE ( 'NONE', *, *, #1383, .T. ) ;
#693 = DIRECTION ( 'NONE',  ( 1.000000000000000000, 0.000000000000000000, 0.000000000000000000 ) ) ;
#694 = EDGE_LOOP ( 'NONE', ( #1199, #354 ) ) ;
#695 = DIRECTION ( 'NONE',  ( -1.156482317317873303E-15, 1.000000000000000000, 2.958228394578794270E-31 ) ) ;
#696 = DIRECTION ( 'NONE',  ( 1.000000000000000000, 5.463695987328530381E-16, -0.000000000000000000 ) ) ;
#697 = VERTEX_POINT ( 'NONE', #509 ) ;
#698 = FACE_OUTER_BOUND ( 'NONE', #1399, .T. ) ;
#699 = ORIENTED_EDGE ( 'NONE', *, *, #204, .T. ) ;
#700 = DIRECTION ( 'NONE',  ( -0.000000000000000000, -0.000000000000000000, -1.000000000000000000 ) ) ;
#701 = VERTEX_POINT ( 'NONE', #618 ) ;
#702 = ADVANCED_FACE ( 'NONE', ( #1277 ), #854, .F. ) ;
#703 = DIRECTION ( 'NONE',  ( -3.402828371490466074E-46, 2.958228394578794708E-31, -1.000000000000000000 ) ) ;
#704 = DIRECTION ( 'NONE',  ( -3.402828371490466074E-46, 2.958228394578794708E-31, -1.000000000000000000 ) ) ;
#705 = ORIENTED_EDGE ( 'NONE', *, *, #1221, .F. ) ;
#706 = EDGE_CURVE ( 'NONE', #271, #697, #191, .T. ) ;
#707 = FACE_OUTER_BOUND ( 'NONE', #1210, .T. ) ;
#708 = FACE_BOUND ( 'NONE', #694, .T. ) ;
#709 = ORIENTED_EDGE ( 'NONE', *, *, #1188, .T. ) ;
#710 = CARTESIAN_POINT ( 'NONE',  ( 38.95000000000000284, 12.70000000000000817, -22.25000000000000355 ) ) ;
#711 = CARTESIAN_POINT ( 'NONE',  ( 62.56299999999999528, 12.70000000000000284, 3.349999999999999645 ) ) ;
#712 = ORIENTED_EDGE ( 'NONE', *, *, #1060, .F. ) ;
#713 = DIRECTION ( 'NONE',  ( -0.000000000000000000, -0.000000000000000000, -1.000000000000000000 ) ) ;
#714 = ORIENTED_EDGE ( 'NONE', *, *, #1047, .F. ) ;
#715 = VERTEX_POINT ( 'NONE', #1163 ) ;
#716 = CIRCLE ( 'NONE', #279, 1.199999999999999734 ) ;
#717 = AXIS2_PLACEMENT_3D ( 'NONE', #763, #1200, #989 ) ;
#718 = DIRECTION ( 'NONE',  ( 0.000000000000000000, -0.000000000000000000, -1.000000000000000000 ) ) ;
#719 = EDGE_CURVE ( 'NONE', #916, #799, #944, .T. ) ;
#720 = EDGE_CURVE ( 'NONE', #1333, #362, #371, .T. ) ;
#721 = CARTESIAN_POINT ( 'NONE',  ( 29.33699999999999619, 12.70000000000000284, 6.349999999999999645 ) ) ;
#722 = ORIENTED_EDGE ( 'NONE', *, *, #50, .F. ) ;
#723 = EDGE_LOOP ( 'NONE', ( #367, #599, #469, #358 ) ) ;
#724 = LINE ( 'NONE', #1159, #727 ) ;
#725 = DIRECTION ( 'NONE',  ( -0.000000000000000000, -0.000000000000000000, 1.000000000000000000 ) ) ;
#726 = DIRECTION ( 'NONE',  ( -3.402828371490466074E-46, 2.958228394578794708E-31, -1.000000000000000000 ) ) ;
#727 = VECTOR ( 'NONE', #178, 1000.000000000000000 ) ;
#728 = VERTEX_POINT ( 'NONE', #77 ) ;
#729 = EDGE_CURVE ( 'NONE', #315, #1424, #1169, .T. ) ;
#730 = CARTESIAN_POINT ( 'NONE',  ( 59.56299999999999528, 12.70000000000000284, 6.349999999999999645 ) ) ;
#731 = CARTESIAN_POINT ( 'NONE',  ( 0.000000000000000000, 2.688821387764050996E-14, 0.000000000000000000 ) ) ;
#732 = EDGE_CURVE ( 'NONE', #349, #345, #1057, .T. ) ;
#733 = PRESENTATION_LAYER_ASSIGNMENT (  '', '', ( #103 ) ) ;
#734 = AXIS2_PLACEMENT_3D ( 'NONE', #812, #33, #1370 ) ;
#735 = CARTESIAN_POINT ( 'NONE',  ( -7.343662714968459175E-15, 6.349999999999969447, -19.04999999999999716 ) ) ;
#736 = AXIS2_PLACEMENT_3D ( 'NONE', #1389, #393, #840 ) ;
#737 = CARTESIAN_POINT ( 'NONE',  ( 49.95000000000000284, -6.349999999999972111, -19.04034699365893957 ) ) ;
#738 = ORIENTED_EDGE ( 'NONE', *, *, #1065, .T. ) ;
#739 = DIRECTION ( 'NONE',  ( 3.421138828918015483E-46, -2.958228394578794270E-31, 1.000000000000000000 ) ) ;
#740 = CARTESIAN_POINT ( 'NONE',  ( 59.56299999999999528, 12.70000000000000284, 3.349999999999999645 ) ) ;
#741 = ORIENTED_EDGE ( 'NONE', *, *, #424, .F. ) ;
#742 = CYLINDRICAL_SURFACE ( 'NONE', #871, 6.350000000000000533 ) ;
#743 = FACE_OUTER_BOUND ( 'NONE', #223, .T. ) ;
#744 = EDGE_CURVE ( 'NONE', #144, #49, #617, .T. ) ;
#745 = EDGE_LOOP ( 'NONE', ( #1101, #611, #1017, #683, #240 ) ) ;
#746 = VERTEX_POINT ( 'NONE', #181 ) ;
#747 = CARTESIAN_POINT ( 'NONE',  ( 36.95000000000002416, -17.64999999999994529, 44.45000000000000284 ) ) ;
#748 = PRODUCT_DEFINITION_FORMATION_WITH_SPECIFIED_SOURCE ( 'ANY', '', #1377, .NOT_KNOWN. ) ;
#749 = DIRECTION ( 'NONE',  ( 1.000000000000000000, 0.000000000000000000, -0.000000000000000000 ) ) ;
#750 = EDGE_CURVE ( 'NONE', #1346, #1341, #106, .T. ) ;
#751 = ORIENTED_EDGE ( 'NONE', *, *, #652, .T. ) ;
#752 = VECTOR ( 'NONE', #1285, 1000.000000000000000 ) ;
#753 = EDGE_LOOP ( 'NONE', ( #1381, #981, #645, #262 ) ) ;
#754 = DIRECTION ( 'NONE',  ( -1.000000000000000000, -1.156482317317873303E-15, 0.000000000000000000 ) ) ;
#755 = EDGE_CURVE ( 'NONE', #1130, #1416, #620, .T. ) ;
#756 = CIRCLE ( 'NONE', #136, 6.350000000000000533 ) ;
#757 = AXIS2_PLACEMENT_3D ( 'NONE', #892, #222, #881 ) ;
#758 = CARTESIAN_POINT ( 'NONE',  ( 49.95000000000000284, 25.40000000000000568, -25.39999999999999858 ) ) ;
#759 = DIRECTION ( 'NONE',  ( 1.000000000000000000, -0.000000000000000000, 0.000000000000000000 ) ) ;
#760 = DIRECTION ( 'NONE',  ( -0.000000000000000000, -0.000000000000000000, -1.000000000000000000 ) ) ;
#761 = VERTEX_POINT ( 'NONE', #1079 ) ;
#762 = ORIENTED_EDGE ( 'NONE', *, *, #166, .T. ) ;
#763 = CARTESIAN_POINT ( 'NONE',  ( 0.000000000000000000, 6.350000000000026290, 12.69999999999999929 ) ) ;
#764 = CARTESIAN_POINT ( 'NONE',  ( 49.95000000000000284, 19.05000000000000426, -19.04999999999999716 ) ) ;
#765 = DIRECTION ( 'NONE',  ( 0.000000000000000000, 0.000000000000000000, -1.000000000000000000 ) ) ;
#766 = ORIENTED_EDGE ( 'NONE', *, *, #475, .T. ) ;
#767 = CARTESIAN_POINT ( 'NONE',  ( 62.56299999999999528, 12.70000000000000284, 3.349999999999999645 ) ) ;
#768 = EDGE_CURVE ( 'NONE', #148, #493, #970, .T. ) ;
#769 = CARTESIAN_POINT ( 'NONE',  ( 23.33700000000000685, -5.999999999999973355, 0.000000000000000000 ) ) ;
#770 = DIRECTION ( 'NONE',  ( 0.000000000000000000, 0.000000000000000000, 1.000000000000000000 ) ) ;
#771 = VECTOR ( 'NONE', #770, 1000.000000000000000 ) ;
#772 = ORIENTED_EDGE ( 'NONE', *, *, #368, .F. ) ;
#773 = DIRECTION ( 'NONE',  ( 1.150292647358276522E-15, -1.000000000000000000, 0.000000000000000000 ) ) ;
#774 = ORIENTED_EDGE ( 'NONE', *, *, #1213, .F. ) ;
#775 = EDGE_CURVE ( 'NONE', #284, #161, #414, .T. ) ;
#776 = LINE ( 'NONE', #558, #983 ) ;
#777 = AXIS2_PLACEMENT_3D ( 'NONE', #1405, #71, #1176 ) ;
#778 = CARTESIAN_POINT ( 'NONE',  ( 29.68699999999999406, 25.40000000000000568, 6.349999999999999645 ) ) ;
#779 = DIRECTION ( 'NONE',  ( 0.000000000000000000, 1.000000000000000000, 0.000000000000000000 ) ) ;
#780 = CIRCLE ( 'NONE', #167, 1.199999999999999734 ) ;
#781 = ORIENTED_EDGE ( 'NONE', *, *, #50, .T. ) ;
#782 = CARTESIAN_POINT ( 'NONE',  ( 65.56300000000000239, 6.350000000000026290, 6.349999999999999645 ) ) ;
#783 = ORIENTED_EDGE ( 'NONE', *, *, #932, .T. ) ;
#784 = DIRECTION ( 'NONE',  ( 0.000000000000000000, 0.000000000000000000, -1.000000000000000000 ) ) ;
#785 = CARTESIAN_POINT ( 'NONE',  ( 23.33700000000001396, -12.34999999999997300, 44.45000000000000284 ) ) ;
#786 = EDGE_CURVE ( 'NONE', #315, #345, #1298, .T. ) ;
#787 = DIRECTION ( 'NONE',  ( 1.000000000000000000, 0.000000000000000000, 0.000000000000000000 ) ) ;
#788 = VERTEX_POINT ( 'NONE', #402 ) ;
#789 = CARTESIAN_POINT ( 'NONE',  ( 59.21299999999998676, 25.40000000000000568, 0.000000000000000000 ) ) ;
#790 = ORIENTED_EDGE ( 'NONE', *, *, #145, .T. ) ;
#791 = ADVANCED_FACE ( 'NONE', ( #1178 ), #418, .T. ) ;
#792 = DIRECTION ( 'NONE',  ( -0.000000000000000000, -0.000000000000000000, 1.000000000000000000 ) ) ;
#793 = CARTESIAN_POINT ( 'NONE',  ( 65.56299999999998818, -19.64999999999992752, 50.80000000000000426 ) ) ;
#794 = ORIENTED_EDGE ( 'NONE', *, *, #597, .F. ) ;
#795 = VECTOR ( 'NONE', #830, 1000.000000000000000 ) ;
#796 = DIRECTION ( 'NONE',  ( -0.000000000000000000, -0.000000000000000000, -1.000000000000000000 ) ) ;
#797 = EDGE_LOOP ( 'NONE', ( #1231, #923 ) ) ;
#798 = DIRECTION ( 'NONE',  ( 0.000000000000000000, 0.000000000000000000, 1.000000000000000000 ) ) ;
#799 = VERTEX_POINT ( 'NONE', #747 ) ;
#800 = DIRECTION ( 'NONE',  ( -1.000000000000000000, -1.150292647358276522E-15, -0.000000000000000000 ) ) ;
#801 = CIRCLE ( 'NONE', #64, 6.350000000000001421 ) ;
#802 = VECTOR ( 'NONE', #1070, 1000.000000000000000 ) ;
#803 = ADVANCED_FACE ( 'NONE', ( #865 ), #1305, .F. ) ;
#804 = CARTESIAN_POINT ( 'NONE',  ( 59.56299999999999528, 12.70000000000000284, 6.349999999999999645 ) ) ;
#805 = ORIENTED_EDGE ( 'NONE', *, *, #1049, .T. ) ;
#806 = EDGE_CURVE ( 'NONE', #315, #37, #1064, .T. ) ;
#807 = SURFACE_STYLE_USAGE ( .BOTH. , #481 ) ;
#808 = VECTOR ( 'NONE', #1322, 1000.000000000000000 ) ;
#809 = ORIENTED_EDGE ( 'NONE', *, *, #932, .F. ) ;
#810 = CARTESIAN_POINT ( 'NONE',  ( 65.56300000000001660, -19.64999999999992752, 6.349999999999999645 ) ) ;
#811 = VERTEX_POINT ( 'NONE', #203 ) ;
#812 = CARTESIAN_POINT ( 'NONE',  ( 38.95000000000000284, 6.350000000000014744, -19.04999999999999716 ) ) ;
#813 = AXIS2_PLACEMENT_3D ( 'NONE', #1052, #726, #626 ) ;
#814 = PRODUCT_RELATED_PRODUCT_CATEGORY ( 'part', '', ( #1377 ) ) ;
#815 = ORIENTED_EDGE ( 'NONE', *, *, #157, .T. ) ;
#816 = LINE ( 'NONE', #1253, #559 ) ;
#817 = ORIENTED_EDGE ( 'NONE', *, *, #67, .T. ) ;
#818 = CARTESIAN_POINT ( 'NONE',  ( 36.95000000000002416, -15.99999999999994493, 44.45000000000000284 ) ) ;
#819 = LINE ( 'NONE', #1029, #667 ) ;
#820 = EDGE_LOOP ( 'NONE', ( #901, #1023, #1417, #21, #1122 ) ) ;
#821 = CARTESIAN_POINT ( 'NONE',  ( 51.95000000000000995, -15.99999999999992362, 51.45000000000000284 ) ) ;
#822 = AXIS2_PLACEMENT_3D ( 'NONE', #504, #1153, #510 ) ;
#823 = EDGE_CURVE ( 'NONE', #49, #144, #1123, .T. ) ;
#824 = DIRECTION ( 'NONE',  ( 1.000000000000000000, 0.000000000000000000, 0.000000000000000000 ) ) ;
#825 = ORIENTED_EDGE ( 'NONE', *, *, #1418, .F. ) ;
#826 = CARTESIAN_POINT ( 'NONE',  ( 59.21299999999998676, 19.05000000000000426, 6.349999999999999645 ) ) ;
#827 = ORIENTED_EDGE ( 'NONE', *, *, #755, .F. ) ;
#828 = ORIENTED_EDGE ( 'NONE', *, *, #686, .T. ) ;
#829 = ADVANCED_FACE ( 'NONE', ( #317 ), #742, .F. ) ;
#830 = DIRECTION ( 'NONE',  ( 3.421138828918015483E-46, -2.958228394578794270E-31, 1.000000000000000000 ) ) ;
#831 = CARTESIAN_POINT ( 'NONE',  ( 23.33700000000000330, -12.34999999999997300, 38.10000000000000142 ) ) ;
#832 = EDGE_LOOP ( 'NONE', ( #590, #825, #525, #197 ) ) ;
#833 = AXIS2_PLACEMENT_3D ( 'NONE', #1330, #562, #553 ) ;
#834 = CARTESIAN_POINT ( 'NONE',  ( 30.53699999999999548, 12.70000000000000284, 3.349999999999999645 ) ) ;
#835 = CIRCLE ( 'NONE', #1009, 1.650000000000002132 ) ;
#836 = AXIS2_PLACEMENT_3D ( 'NONE', #1138, #1271, #151 ) ;
#837 = CARTESIAN_POINT ( 'NONE',  ( 59.21300000000000807, -19.64999999999993108, -5.916456789157588541E-30 ) ) ;
#838 = DIRECTION ( 'NONE',  ( 1.000000000000000000, 0.000000000000000000, 0.000000000000000000 ) ) ;
#839 = ADVANCED_FACE ( 'NONE', ( #520 ), #1411, .F. ) ;
#840 = DIRECTION ( 'NONE',  ( 1.000000000000000000, 0.000000000000000000, 0.000000000000000000 ) ) ;
#841 = DIRECTION ( 'NONE',  ( 0.000000000000000000, -1.000000000000000000, 0.000000000000000000 ) ) ;
#842 = DIRECTION ( 'NONE',  ( -1.000000000000000000, 0.000000000000000000, 0.000000000000000000 ) ) ;
#843 = EDGE_CURVE ( 'NONE', #1304, #1177, #946, .T. ) ;
#844 = DIRECTION ( 'NONE',  ( 0.000000000000000000, -0.000000000000000000, 1.000000000000000000 ) ) ;
#845 = DIRECTION ( 'NONE',  ( 0.000000000000000000, -1.000000000000000000, 0.000000000000000000 ) ) ;
#846 = DIRECTION ( 'NONE',  ( -1.000000000000000000, 0.000000000000000000, -0.000000000000000000 ) ) ;
#847 = AXIS2_PLACEMENT_3D ( 'NONE', #530, #439, #976 ) ;
#848 = ORIENTED_EDGE ( 'NONE', *, *, #145, .F. ) ;
#849 = CARTESIAN_POINT ( 'NONE',  ( 49.95000000000000995, -5.999999999999942268, -1.482573763776658585E-60 ) ) ;
#850 = AXIS2_PLACEMENT_3D ( 'NONE', #1114, #995, #1211 ) ;
#851 = VECTOR ( 'NONE', #387, 1000.000000000000000 ) ;
#852 = DIRECTION ( 'NONE',  ( 0.000000000000000000, -0.000000000000000000, -1.000000000000000000 ) ) ;
#853 = ADVANCED_FACE ( 'NONE', ( #516, #956 ), #952, .F. ) ;
#854 = CYLINDRICAL_SURFACE ( 'NONE', #813, 1.650000000000003908 ) ;
#855 = ORIENTED_EDGE ( 'NONE', *, *, #1068, .F. ) ;
#856 = FACE_OUTER_BOUND ( 'NONE', #304, .T. ) ;
#857 = EDGE_CURVE ( 'NONE', #551, #916, #1403, .T. ) ;
#858 = AXIS2_PLACEMENT_3D ( 'NONE', #1020, #482, #598 ) ;
#859 = LINE ( 'NONE', #1076, #690 ) ;
#860 = VERTEX_POINT ( 'NONE', #1419 ) ;
#861 = CARTESIAN_POINT ( 'NONE',  ( 65.56300000000000239, 3.582163000172204141E-14, 0.000000000000000000 ) ) ;
#862 = CARTESIAN_POINT ( 'NONE',  ( 36.95000000000002416, -17.64999999999994529, 50.80000000000000426 ) ) ;
#863 = ORIENTED_EDGE ( 'NONE', *, *, #176, .T. ) ;
#864 = ORIENTED_EDGE ( 'NONE', *, *, #1221, .T. ) ;
#865 = FACE_OUTER_BOUND ( 'NONE', #1000, .T. ) ;
#866 = AXIS2_PLACEMENT_3D ( 'NONE', #52, #696, #468 ) ;
#867 = FACE_BOUND ( 'NONE', #275, .T. ) ;
#868 = AXIS2_PLACEMENT_3D ( 'NONE', #1133, #695, #153 ) ;
#869 = CARTESIAN_POINT ( 'NONE',  ( 38.95000000000000284, 2.850604029644610548E-15, -25.39999999999999858 ) ) ;
#870 = ORIENTED_EDGE ( 'NONE', *, *, #141, .F. ) ;
#871 = AXIS2_PLACEMENT_3D ( 'NONE', #637, #754, #646 ) ;
#872 = ORIENTED_EDGE ( 'NONE', *, *, #554, .T. ) ;
#873 = DIRECTION ( 'NONE',  ( 1.000000000000000000, 1.092739197465705090E-15, 0.000000000000000000 ) ) ;
#874 = AXIS2_PLACEMENT_3D ( 'NONE', #656, #640, #1186 ) ;
#875 = AXIS2_PLACEMENT_3D ( 'NONE', #531, #993, #765 ) ;
#876 = CARTESIAN_POINT ( 'NONE',  ( 65.56300000000000239, 6.350000000000026290, 12.69999999999999929 ) ) ;
#877 = PLANE ( 'NONE',  #431 ) ;
#878 = ORIENTED_EDGE ( 'NONE', *, *, #1060, .T. ) ;
#879 = CARTESIAN_POINT ( 'NONE',  ( 3.003140223050712479E-14, -26.00000000000000355, -5.916456789157588541E-30 ) ) ;
#880 = LINE ( 'NONE', #648, #1385 ) ;
#881 = DIRECTION ( 'NONE',  ( 1.000000000000000000, 0.000000000000000000, 0.000000000000000000 ) ) ;
#882 = ORIENTED_EDGE ( 'NONE', *, *, #312, .T. ) ;
#883 = DIRECTION ( 'NONE',  ( 0.000000000000000000, 1.000000000000000000, 0.000000000000000000 ) ) ;
#884 = EDGE_LOOP ( 'NONE', ( #568, #653, #668, #978 ) ) ;
#885 = CARTESIAN_POINT ( 'NONE',  ( 23.33700000000001396, 2.688821387764050996E-14, 44.45000000000000284 ) ) ;
#886 = DIRECTION ( 'NONE',  ( 0.000000000000000000, -1.000000000000000000, 0.000000000000000000 ) ) ;
#887 = ORIENTED_EDGE ( 'NONE', *, *, #282, .F. ) ;
#888 = DIRECTION ( 'NONE',  ( 0.000000000000000000, 0.000000000000000000, -1.000000000000000000 ) ) ;
#889 = EDGE_LOOP ( 'NONE', ( #1015, #150 ) ) ;
#890 = DIRECTION ( 'NONE',  ( -0.000000000000000000, 0.000000000000000000, 1.000000000000000000 ) ) ;
#891 = AXIS2_PLACEMENT_3D ( 'NONE', #305, #1279, #291 ) ;
#892 = CARTESIAN_POINT ( 'NONE',  ( 29.68699999999999406, 19.05000000000000426, 0.000000000000000000 ) ) ;
#893 = ORIENTED_EDGE ( 'NONE', *, *, #962, .F. ) ;
#894 = CARTESIAN_POINT ( 'NONE',  ( 60.76299999999999812, 12.70000000000000284, 0.000000000000000000 ) ) ;
#895 = ORIENTED_EDGE ( 'NONE', *, *, #335, .F. ) ;
#896 = PLANE ( 'NONE',  #1314 ) ;
#897 = ADVANCED_FACE ( 'NONE', ( #856 ), #1293, .F. ) ;
#898 = LINE ( 'NONE', #585, #633 ) ;
#899 = VERTEX_POINT ( 'NONE', #631 ) ;
#900 = CARTESIAN_POINT ( 'NONE',  ( 23.33699999999999974, 6.375313662814288873E-15, 0.000000000000000000 ) ) ;
#901 = ORIENTED_EDGE ( 'NONE', *, *, #1204, .F. ) ;
#902 = PLANE ( 'NONE',  #259 ) ;
#903 = ORIENTED_EDGE ( 'NONE', *, *, #775, .F. ) ;
#904 = DIRECTION ( 'NONE',  ( -1.000000000000000000, 0.000000000000000000, 0.000000000000000000 ) ) ;
#905 = ADVANCED_FACE ( 'NONE', ( #1074 ), #83, .F. ) ;
#906 = DIRECTION ( 'NONE',  ( 1.000000000000000000, 0.000000000000000000, 0.000000000000000000 ) ) ;
#907 = VERTEX_POINT ( 'NONE', #625 ) ;
#908 = AXIS2_PLACEMENT_3D ( 'NONE', #1103, #378, #824 ) ;
#909 = FACE_OUTER_BOUND ( 'NONE', #1266, .T. ) ;
#910 = ORIENTED_EDGE ( 'NONE', *, *, #1102, .T. ) ;
#911 = LINE ( 'NONE', #810, #1273 ) ;
#912 = ORIENTED_EDGE ( 'NONE', *, *, #1004, .F. ) ;
#913 = DIRECTION ( 'NONE',  ( -3.402828371490466074E-46, 2.958228394578794270E-31, -1.000000000000000000 ) ) ;
#914 = CIRCLE ( 'NONE', #734, 6.350000000000001421 ) ;
#915 = DIRECTION ( 'NONE',  ( -0.000000000000000000, -0.000000000000000000, -1.000000000000000000 ) ) ;
#916 = VERTEX_POINT ( 'NONE', #862 ) ;
#917 = DIRECTION ( 'NONE',  ( -0.000000000000000000, 0.000000000000000000, 1.000000000000000000 ) ) ;
#918 = ORIENTED_EDGE ( 'NONE', *, *, #768, .F. ) ;
#919 = ADVANCED_FACE ( 'NONE', ( #200 ), #61, .F. ) ;
#920 = LINE ( 'NONE', #643, #691 ) ;
#921 = AXIS2_PLACEMENT_3D ( 'NONE', #385, #925, #798 ) ;
#922 = DIRECTION ( 'NONE',  ( 1.000000000000000000, 0.000000000000000000, 0.000000000000000000 ) ) ;
#923 = ORIENTED_EDGE ( 'NONE', *, *, #437, .F. ) ;
#924 = ADVANCED_FACE ( 'NONE', ( #743 ), #1067, .F. ) ;
#925 = DIRECTION ( 'NONE',  ( -1.000000000000000000, -0.000000000000000000, -0.000000000000000000 ) ) ;
#926 = ORIENTED_EDGE ( 'NONE', *, *, #311, .F. ) ;
#927 = ORIENTED_EDGE ( 'NONE', *, *, #719, .F. ) ;
#928 = CARTESIAN_POINT ( 'NONE',  ( 65.56300000000004502, -12.34999999999992326, 44.45000000000000284 ) ) ;
#929 = DIRECTION ( 'NONE',  ( -0.000000000000000000, 0.000000000000000000, 1.000000000000000000 ) ) ;
#930 = ORIENTED_EDGE ( 'NONE', *, *, #282, .T. ) ;
#931 = LINE ( 'NONE', #1382, #851 ) ;
#932 = EDGE_CURVE ( 'NONE', #148, #245, #716, .T. ) ;
#933 = CARTESIAN_POINT ( 'NONE',  ( 23.33700000000003172, -25.99999999999997513, 44.45000000000000284 ) ) ;
#934 = AXIS2_PLACEMENT_3D ( 'NONE', #310, #75, #628 ) ;
#935 = CARTESIAN_POINT ( 'NONE',  ( 0.000000000000000000, 0.000000000000000000, -25.39999999999999858 ) ) ;
#936 = EDGE_CURVE ( 'NONE', #799, #1115, #835, .T. ) ;
#937 = DIRECTION ( 'NONE',  ( 1.000000000000000000, 0.000000000000000000, 0.000000000000000000 ) ) ;
#938 = EDGE_LOOP ( 'NONE', ( #828, #738, #532, #1355, #466, #930 ) ) ;
#939 = VECTOR ( 'NONE', #1201, 1000.000000000000000 ) ;
#940 = VECTOR ( 'NONE', #129, 1000.000000000000000 ) ;
#941 = CARTESIAN_POINT ( 'NONE',  ( 49.95000000000000995, -5.999999999999942268, -6.350000000000002309 ) ) ;
#942 = DIRECTION ( 'NONE',  ( 1.000000000000000000, 1.150292647358276522E-15, 0.000000000000000000 ) ) ;
#943 = DIRECTION ( 'NONE',  ( 1.000000000000000000, 0.000000000000000000, 0.000000000000000000 ) ) ;
#944 = LINE ( 'NONE', #1290, #985 ) ;
#945 = CYLINDRICAL_SURFACE ( 'NONE', #1375, 1.199999999999999734 ) ;
#946 = LINE ( 'NONE', #78, #66 ) ;
#947 = ADVANCED_FACE ( 'NONE', ( #294 ), #512, .T. ) ;
#948 = LINE ( 'NONE', #1289, #1270 ) ;
#949 = CARTESIAN_POINT ( 'NONE',  ( 32.60000000000000142, 25.40000000000000568, -6.350000000000001421 ) ) ;
#950 = ORIENTED_EDGE ( 'NONE', *, *, #141, .T. ) ;
#951 = ADVANCED_FACE ( 'NONE', ( #180 ), #410, .F. ) ;
#952 = PLANE ( 'NONE',  #252 ) ;
#953 = VECTOR ( 'NONE', #796, 1000.000000000000000 ) ;
#954 = CARTESIAN_POINT ( 'NONE',  ( 32.60000000000000142, 2.850604029644610548E-15, -6.350000000000001421 ) ) ;
#955 = ORIENTED_EDGE ( 'NONE', *, *, #295, .F. ) ;
#956 = FACE_OUTER_BOUND ( 'NONE', #820, .T. ) ;
#957 = EDGE_CURVE ( 'NONE', #264, #1093, #1051, .T. ) ;
#958 = CIRCLE ( 'NONE', #1080, 6.350000000000001421 ) ;
#959 = DIRECTION ( 'NONE',  ( 1.000000000000000000, 0.000000000000000000, 0.000000000000000000 ) ) ;
#960 = ORIENTED_EDGE ( 'NONE', *, *, #544, .F. ) ;
#961 = ADVANCED_FACE ( 'NONE', ( #634 ), #1058, .F. ) ;
#962 = EDGE_CURVE ( 'NONE', #1142, #373, #948, .T. ) ;
#963 = ORIENTED_EDGE ( 'NONE', *, *, #750, .F. ) ;
#964 = CARTESIAN_POINT ( 'NONE',  ( 29.33699999999999619, 12.70000000000000284, 3.349999999999999645 ) ) ;
#965 = LINE ( 'NONE', #758, #1005 ) ;
#966 = SHAPE_DEFINITION_REPRESENTATION ( #1335, #632 ) ;
#967 = CARTESIAN_POINT ( 'NONE',  ( 30.53699999999999548, 12.70000000000000284, 6.349999999999999645 ) ) ;
#968 = VERTEX_POINT ( 'NONE', #404 ) ;
#969 = VERTEX_POINT ( 'NONE', #1071 ) ;
#970 = LINE ( 'NONE', #300, #802 ) ;
#971 = AXIS2_PLACEMENT_3D ( 'NONE', #731, #608, #844 ) ;
#972 = EDGE_CURVE ( 'NONE', #1296, #1239, #639, .T. ) ;
#973 = CARTESIAN_POINT ( 'NONE',  ( 51.95000000000000995, -14.34999999999992149, 44.45000000000000284 ) ) ;
#974 = AXIS2_PLACEMENT_3D ( 'NONE', #1018, #1119, #46 ) ;
#975 = AXIS2_PLACEMENT_3D ( 'NONE', #1146, #784, #904 ) ;
#976 = DIRECTION ( 'NONE',  ( 0.000000000000000000, 0.000000000000000000, 1.000000000000000000 ) ) ;
#977 = CARTESIAN_POINT ( 'NONE',  ( 29.68700000000000472, -19.64999999999996660, 50.80000000000000426 ) ) ;
#978 = ORIENTED_EDGE ( 'NONE', *, *, #475, .F. ) ;
#979 = AXIS2_PLACEMENT_3D ( 'NONE', #289, #846, #296 ) ;
#980 = ADVANCED_FACE ( 'NONE', ( #195 ), #629, .F. ) ;
#981 = ORIENTED_EDGE ( 'NONE', *, *, #786, .T. ) ;
#982 = FACE_OUTER_BOUND ( 'NONE', #1092, .T. ) ;
#983 = VECTOR ( 'NONE', #1428, 1000.000000000000000 ) ;
#984 = DIRECTION ( 'NONE',  ( 0.000000000000000000, 0.000000000000000000, -1.000000000000000000 ) ) ;
#985 = VECTOR ( 'NONE', #62, 1000.000000000000000 ) ;
#986 = CARTESIAN_POINT ( 'NONE',  ( 0.000000000000000000, 0.000000000000000000, 0.000000000000000000 ) ) ;
#987 = CARTESIAN_POINT ( 'NONE',  ( 49.95000000000000284, 2.850604133042187118E-15, -25.39999999999999858 ) ) ;
#988 = ORIENTED_EDGE ( 'NONE', *, *, #1299, .F. ) ;
#989 = DIRECTION ( 'NONE',  ( 0.000000000000000000, 0.000000000000000000, -1.000000000000000000 ) ) ;
#990 = ORIENTED_EDGE ( 'NONE', *, *, #72, .F. ) ;
#991 = EDGE_CURVE ( 'NONE', #417, #271, #415, .T. ) ;
#992 = DIRECTION ( 'NONE',  ( -1.000000000000000000, -5.463695987328530381E-16, 0.000000000000000000 ) ) ;
#993 = DIRECTION ( 'NONE',  ( 1.000000000000000000, 0.000000000000000000, 0.000000000000000000 ) ) ;
#994 = ORIENTED_EDGE ( 'NONE', *, *, #750, .T. ) ;
#995 = DIRECTION ( 'NONE',  ( 0.000000000000000000, 1.000000000000000000, 0.000000000000000000 ) ) ;
#996 = EDGE_LOOP ( 'NONE', ( #955, #1043, #1254, #774 ) ) ;
#997 = EDGE_CURVE ( 'NONE', #1007, #362, #859, .T. ) ;
#998 = CARTESIAN_POINT ( 'NONE',  ( 0.000000000000000000, 0.000000000000000000, 3.349999999999999645 ) ) ;
#999 = CARTESIAN_POINT ( 'NONE',  ( 65.56299999999998818, 19.05000000000000782, 0.000000000000000000 ) ) ;
#1000 = EDGE_LOOP ( 'NONE', ( #658, #1183, #101, #705 ) ) ;
#1001 = CARTESIAN_POINT ( 'NONE',  ( 29.68699999999999406, 19.05000000000000426, 6.349999999999999645 ) ) ;
#1002 = ORIENTED_EDGE ( 'NONE', *, *, #266, .T. ) ;
#1003 = DIRECTION ( 'NONE',  ( 1.000000000000000000, 0.000000000000000000, 0.000000000000000000 ) ) ;
#1004 = EDGE_CURVE ( 'NONE', #1258, #728, #84, .T. ) ;
#1005 = VECTOR ( 'NONE', #1196, 1000.000000000000000 ) ;
#1006 = FACE_OUTER_BOUND ( 'NONE', #1369, .T. ) ;
#1007 = VERTEX_POINT ( 'NONE', #522 ) ;
#1008 = CIRCLE ( 'NONE', #389, 6.349999999999999645 ) ;
#1009 = AXIS2_PLACEMENT_3D ( 'NONE', #76, #172, #845 ) ;
#1010 = EDGE_CURVE ( 'NONE', #343, #1139, #1243, .T. ) ;
#1011 = ORIENTED_EDGE ( 'NONE', *, *, #1047, .T. ) ;
#1012 = FACE_BOUND ( 'NONE', #483, .T. ) ;
#1013 = VERTEX_POINT ( 'NONE', #1081 ) ;
#1014 = DIRECTION ( 'NONE',  ( 1.000000000000000000, 0.000000000000000000, 0.000000000000000000 ) ) ;
#1015 = ORIENTED_EDGE ( 'NONE', *, *, #22, .T. ) ;
#1016 = DIRECTION ( 'NONE',  ( -0.000000000000000000, -0.000000000000000000, 1.000000000000000000 ) ) ;
#1017 = ORIENTED_EDGE ( 'NONE', *, *, #244, .F. ) ;
#1018 = CARTESIAN_POINT ( 'NONE',  ( 49.95000000000000284, 12.70000000000000817, -19.04999999999999716 ) ) ;
#1019 = VERTEX_POINT ( 'NONE', #769 ) ;
#1020 = CARTESIAN_POINT ( 'NONE',  ( 6.938893903907239422E-15, -6.000000000000000000, -3.425321345833933595E-60 ) ) ;
#1021 = ORIENTED_EDGE ( 'NONE', *, *, #1195, .F. ) ;
#1022 = DIRECTION ( 'NONE',  ( -3.278217592397115073E-15, -1.000000000000000000, 0.000000000000000000 ) ) ;
#1023 = ORIENTED_EDGE ( 'NONE', *, *, #1351, .T. ) ;
#1024 = DIRECTION ( 'NONE',  ( 1.000000000000000000, 0.000000000000000000, 0.000000000000000000 ) ) ;
#1025 = ORIENTED_EDGE ( 'NONE', *, *, #686, .F. ) ;
#1026 = VECTOR ( 'NONE', #1308, 1000.000000000000000 ) ;
#1027 = EDGE_CURVE ( 'NONE', #1228, #1272, #69, .T. ) ;
#1028 = DIRECTION ( 'NONE',  ( -1.000000000000000000, 0.000000000000000000, -0.000000000000000000 ) ) ;
#1029 = CARTESIAN_POINT ( 'NONE',  ( 23.33700000000001396, -6.349999999999972999, 50.80000000000000426 ) ) ;
#1030 = VERTEX_POINT ( 'NONE', #107 ) ;
#1031 = DIRECTION ( 'NONE',  ( -0.000000000000000000, -0.000000000000000000, -1.000000000000000000 ) ) ;
#1032 = AXIS2_PLACEMENT_3D ( 'NONE', #1108, #1425, #7 ) ;
#1033 = CARTESIAN_POINT ( 'NONE',  ( 29.33699999999999619, 12.70000000000000284, 3.349999999999999645 ) ) ;
#1034 = ORIENTED_EDGE ( 'NONE', *, *, #458, .T. ) ;
#1035 = EDGE_CURVE ( 'NONE', #1296, #627, #1, .T. ) ;
#1036 = DIRECTION ( 'NONE',  ( 2.731847993664262232E-16, -1.000000000000000000, 0.000000000000000000 ) ) ;
#1037 = DIRECTION ( 'NONE',  ( 0.000000000000000000, 0.000000000000000000, 1.000000000000000000 ) ) ;
#1038 = ORIENTED_EDGE ( 'NONE', *, *, #1259, .T. ) ;
#1039 = AXIS2_PLACEMENT_3D ( 'NONE', #133, #556, #449 ) ;
#1040 = CARTESIAN_POINT ( 'NONE',  ( 65.56300000000001660, -5.999999999999924505, -8.753241541938712062E-61 ) ) ;
#1041 = AXIS2_PLACEMENT_3D ( 'NONE', #831, #283, #168 ) ;
#1042 = CYLINDRICAL_SURFACE ( 'NONE', #1396, 1.199999999999999734 ) ;
#1043 = ORIENTED_EDGE ( 'NONE', *, *, #744, .F. ) ;
#1044 = DIRECTION ( 'NONE',  ( -0.000000000000000000, -0.000000000000000000, 1.000000000000000000 ) ) ;
#1045 = ORIENTED_EDGE ( 'NONE', *, *, #437, .T. ) ;
#1046 = VERTEX_POINT ( 'NONE', #1328 ) ;
#1047 = EDGE_CURVE ( 'NONE', #1245, #860, #320, .T. ) ;
#1048 = DIRECTION ( 'NONE',  ( -1.000000000000000000, -0.000000000000000000, -0.000000000000000000 ) ) ;
#1049 = EDGE_CURVE ( 'NONE', #1341, #761, #319, .T. ) ;
#1050 = AXIS2_PLACEMENT_3D ( 'NONE', #804, #567, #130 ) ;
#1051 = LINE ( 'NONE', #399, #521 ) ;
#1052 = CARTESIAN_POINT ( 'NONE',  ( 36.95000000000002416, -15.99999999999994493, 51.45000000000000284 ) ) ;
#1053 = ORIENTED_EDGE ( 'NONE', *, *, #527, .T. ) ;
#1054 = ORIENTED_EDGE ( 'NONE', *, *, #1157, .T. ) ;
#1055 = CIRCLE ( 'NONE', #427, 3.000000000000002665 ) ;
#1056 = DIRECTION ( 'NONE',  ( 0.000000000000000000, 0.000000000000000000, 1.000000000000000000 ) ) ;
#1057 = CIRCLE ( 'NONE', #131, 6.350000000000001421 ) ;
#1058 = CYLINDRICAL_SURFACE ( 'NONE', #1337, 3.200000000000005063 ) ;
#1059 = DIRECTION ( 'NONE',  ( -0.000000000000000000, 0.000000000000000000, 1.000000000000000000 ) ) ;
#1060 = EDGE_CURVE ( 'NONE', #761, #1198, #430, .T. ) ;
#1061 = VECTOR ( 'NONE', #528, 1000.000000000000000 ) ;
#1062 = VECTOR ( 'NONE', #760, 1000.000000000000000 ) ;
#1063 = ORIENTED_EDGE ( 'NONE', *, *, #79, .T. ) ;
#1064 = LINE ( 'NONE', #849, #1240 ) ;
#1065 = EDGE_CURVE ( 'NONE', #899, #443, #776, .T. ) ;
#1066 = AXIS2_PLACEMENT_3D ( 'NONE', #1250, #605, #143 ) ;
#1067 = PLANE ( 'NONE',  #85 ) ;
#1068 = EDGE_CURVE ( 'NONE', #761, #746, #1215, .T. ) ;
#1069 = DIRECTION ( 'NONE',  ( 0.000000000000000000, 0.000000000000000000, -1.000000000000000000 ) ) ;
#1070 = DIRECTION ( 'NONE',  ( -0.000000000000000000, -0.000000000000000000, -1.000000000000000000 ) ) ;
#1071 = CARTESIAN_POINT ( 'NONE',  ( 28.13699999999999690, 12.70000000000000284, 0.000000000000000000 ) ) ;
#1072 = ADVANCED_FACE ( 'NONE', ( #452, #1207 ), #421, .T. ) ;
#1073 = ORIENTED_EDGE ( 'NONE', *, *, #579, .T. ) ;
#1074 = FACE_OUTER_BOUND ( 'NONE', #1343, .T. ) ;
#1075 = EDGE_CURVE ( 'NONE', #680, #110, #370, .T. ) ;
#1076 = CARTESIAN_POINT ( 'NONE',  ( 26.33699999999999264, 12.70000000000000284, 3.349999999999999645 ) ) ;
#1077 = ORIENTED_EDGE ( 'NONE', *, *, #312, .F. ) ;
#1078 = VERTEX_POINT ( 'NONE', #115 ) ;
#1079 = CARTESIAN_POINT ( 'NONE',  ( 49.95000000000000284, 19.04999999999999716, -25.39999999999999858 ) ) ;
#1080 = AXIS2_PLACEMENT_3D ( 'NONE', #239, #1432, #873 ) ;
#1081 = CARTESIAN_POINT ( 'NONE',  ( 23.33700000000000685, -19.64999999999996660, 50.80000000000000426 ) ) ;
#1082 = APPLICATION_PROTOCOL_DEFINITION ( 'draft international standard', 'automotive_design', 1998, #1261 ) ;
#1083 = LINE ( 'NONE', #869, #1386 ) ;
#1084 = ORIENTED_EDGE ( 'NONE', *, *, #502, .T. ) ;
#1085 = ORIENTED_EDGE ( 'NONE', *, *, #127, .F. ) ;
#1086 = CARTESIAN_POINT ( 'NONE',  ( 0.000000000000000000, 0.000000000000000000, 0.000000000000000000 ) ) ;
#1087 = ADVANCED_FACE ( 'NONE', ( #867, #205 ), #545, .T. ) ;
#1088 = CARTESIAN_POINT ( 'NONE',  ( 36.95000000000002416, -14.34999999999994102, 44.45000000000000284 ) ) ;
#1089 = EDGE_CURVE ( 'NONE', #1198, #788, #965, .T. ) ;
#1090 = DIRECTION ( 'NONE',  ( -1.000000000000000000, -1.156482317317873105E-15, 0.000000000000000000 ) ) ;
#1091 = DIRECTION ( 'NONE',  ( -1.000000000000000000, 0.000000000000000000, 0.000000000000000000 ) ) ;
#1092 = EDGE_LOOP ( 'NONE', ( #887, #794, #324, #169 ) ) ;
#1093 = VERTEX_POINT ( 'NONE', #885 ) ;
#1094 = CARTESIAN_POINT ( 'NONE',  ( 23.33700000000000685, -5.999999999999973355, -2.517655673712399870E-60 ) ) ;
#1095 = DIRECTION ( 'NONE',  ( -0.000000000000000000, -0.000000000000000000, 1.000000000000000000 ) ) ;
#1096 = AXIS2_PLACEMENT_3D ( 'NONE', #149, #487, #587 ) ;
#1097 = CIRCLE ( 'NONE', #868, 6.350000000000001421 ) ;
#1098 = LINE ( 'NONE', #967, #1062 ) ;
#1099 = ORIENTED_EDGE ( 'NONE', *, *, #301, .T. ) ;
#1100 = CYLINDRICAL_SURFACE ( 'NONE', #281, 6.350000000000001421 ) ;
#1101 = ORIENTED_EDGE ( 'NONE', *, *, #374, .F. ) ;
#1102 = EDGE_CURVE ( 'NONE', #1142, #161, #213, .T. ) ;
#1103 = CARTESIAN_POINT ( 'NONE',  ( 29.33699999999999619, 12.70000000000000284, 0.000000000000000000 ) ) ;
#1104 = VECTOR ( 'NONE', #73, 1000.000000000000000 ) ;
#1105 = EDGE_CURVE ( 'NONE', #284, #1078, #880, .T. ) ;
#1106 = DIRECTION ( 'NONE',  ( -1.000000000000000000, 0.000000000000000000, 0.000000000000000000 ) ) ;
#1107 = ORIENTED_EDGE ( 'NONE', *, *, #1238, .T. ) ;
#1108 = CARTESIAN_POINT ( 'NONE',  ( 59.56299999999999528, 12.70000000000000284, 3.349999999999999645 ) ) ;
#1109 = VERTEX_POINT ( 'NONE', #219 ) ;
#1110 = CARTESIAN_POINT ( 'NONE',  ( 0.000000000000000000, 19.05000000000000426, -25.39999999999999858 ) ) ;
#1111 = FACE_BOUND ( 'NONE', #797, .T. ) ;
#1112 = CYLINDRICAL_SURFACE ( 'NONE', #875, 6.350000000000001421 ) ;
#1113 = ORIENTED_EDGE ( 'NONE', *, *, #1303, .T. ) ;
#1114 = CARTESIAN_POINT ( 'NONE',  ( 56.30000000000000426, 2.850604133042187118E-15, -6.350000000000001421 ) ) ;
#1115 = VERTEX_POINT ( 'NONE', #1088 ) ;
#1116 = DIRECTION ( 'NONE',  ( -1.000000000000000000, -1.156482317317873105E-15, 0.000000000000000000 ) ) ;
#1117 = AXIS2_PLACEMENT_3D ( 'NONE', #677, #27, #485 ) ;
#1118 = CARTESIAN_POINT ( 'NONE',  ( 65.56300000000001660, -5.999999999999924505, 38.10000000000000142 ) ) ;
#1119 = DIRECTION ( 'NONE',  ( -1.000000000000000000, 0.000000000000000000, 0.000000000000000000 ) ) ;
#1120 = ORIENTED_EDGE ( 'NONE', *, *, #18, .T. ) ;
#1121 = CYLINDRICAL_SURFACE ( 'NONE', #523, 1.650000000000002132 ) ;
#1122 = ORIENTED_EDGE ( 'NONE', *, *, #962, .T. ) ;
#1123 = CIRCLE ( 'NONE', #685, 1.199999999999999734 ) ;
#1124 = DIRECTION ( 'NONE',  ( -0.000000000000000000, -1.000000000000000000, 0.000000000000000000 ) ) ;
#1125 = VECTOR ( 'NONE', #1095, 1000.000000000000000 ) ;
#1126 = LINE ( 'NONE', #785, #678 ) ;
#1127 = EDGE_LOOP ( 'NONE', ( #1311, #8 ) ) ;
#1128 = VECTOR ( 'NONE', #1106, 1000.000000000000000 ) ;
#1129 = LINE ( 'NONE', #900, #39 ) ;
#1130 = VERTEX_POINT ( 'NONE', #536 ) ;
#1131 = CARTESIAN_POINT ( 'NONE',  ( 38.95000000000000284, 12.70000000000000817, -15.84999999999999254 ) ) ;
#1132 = ORIENTED_EDGE ( 'NONE', *, *, #1334, .T. ) ;
#1133 = CARTESIAN_POINT ( 'NONE',  ( 32.60000000000000853, -5.999999999999962697, -6.350000000000001421 ) ) ;
#1134 = CARTESIAN_POINT ( 'NONE',  ( 0.000000000000000000, 25.40000000000000568, 0.000000000000000000 ) ) ;
#1135 = ORIENTED_EDGE ( 'NONE', *, *, #554, .F. ) ;
#1136 = PLANE ( 'NONE',  #1096 ) ;
#1137 = ORIENTED_EDGE ( 'NONE', *, *, #194, .F. ) ;
#1138 = CARTESIAN_POINT ( 'NONE',  ( 59.56299999999999528, 12.70000000000000284, 0.000000000000000000 ) ) ;
#1139 = VERTEX_POINT ( 'NONE', #973 ) ;
#1140 = DIRECTION ( 'NONE',  ( -3.402828371490465685E-46, 2.958228394578794270E-31, -1.000000000000000000 ) ) ;
#1141 = LINE ( 'NONE', #687, #496 ) ;
#1142 = VERTEX_POINT ( 'NONE', #1421 ) ;
#1143 = CYLINDRICAL_SURFACE ( 'NONE', #850, 6.349999999999999645 ) ;
#1144 = CARTESIAN_POINT ( 'NONE',  ( 38.95000000000000995, -5.999999999999954703, -1.910406064129611801E-60 ) ) ;
#1145 = ORIENTED_EDGE ( 'NONE', *, *, #843, .F. ) ;
#1146 = CARTESIAN_POINT ( 'NONE',  ( 36.95000000000002416, -15.99999999999994493, 50.80000000000000426 ) ) ;
#1147 = CARTESIAN_POINT ( 'NONE',  ( 29.68700000000001182, -25.99999999999996803, 50.80000000000000426 ) ) ;
#1148 = ORIENTED_EDGE ( 'NONE', *, *, #35, .F. ) ;
#1149 = AXIS2_PLACEMENT_3D ( 'NONE', #1295, #307, #838 ) ;
#1150 = CYLINDRICAL_SURFACE ( 'NONE', #1066, 1.650000000000003908 ) ;
#1151 = ORIENTED_EDGE ( 'NONE', *, *, #1027, .T. ) ;
#1152 = AXIS2_PLACEMENT_3D ( 'NONE', #549, #1227, #119 ) ;
#1153 = DIRECTION ( 'NONE',  ( -0.000000000000000000, 0.000000000000000000, 1.000000000000000000 ) ) ;
#1154 = CARTESIAN_POINT ( 'NONE',  ( 49.95000000000000284, 2.850604133042187118E-15, -25.39999999999999858 ) ) ;
#1155 = CARTESIAN_POINT ( 'NONE',  ( 56.56300000000000239, 12.70000000000000284, 6.349999999999999645 ) ) ;
#1156 = VERTEX_POINT ( 'NONE', #429 ) ;
#1157 = EDGE_CURVE ( 'NONE', #443, #202, #756, .T. ) ;
#1158 = ORIENTED_EDGE ( 'NONE', *, *, #560, .T. ) ;
#1159 = CARTESIAN_POINT ( 'NONE',  ( 23.33700000000000685, -5.999999999999973355, 50.80000000000000426 ) ) ;
#1160 = EDGE_CURVE ( 'NONE', #715, #1291, #1317, .T. ) ;
#1161 = VECTOR ( 'NONE', #942, 1000.000000000000000 ) ;
#1162 = DIRECTION ( 'NONE',  ( 0.000000000000000000, 1.000000000000000000, 0.000000000000000000 ) ) ;
#1163 = CARTESIAN_POINT ( 'NONE',  ( 23.33700000000002461, -19.64999999999996660, 44.45000000000000284 ) ) ;
#1164 = FACE_OUTER_BOUND ( 'NONE', #996, .T. ) ;
#1165 = CARTESIAN_POINT ( 'NONE',  ( 23.33700000000001396, -12.34999999999997300, 38.10000000000000142 ) ) ;
#1166 = MECHANICAL_DESIGN_GEOMETRIC_PRESENTATION_REPRESENTATION (  '', ( #103 ), #297 ) ;
#1167 = CIRCLE ( 'NONE', #542, 6.350000000000001421 ) ;
#1168 = CARTESIAN_POINT ( 'NONE',  ( 59.21299999999998676, 19.05000000000000426, 0.000000000000000000 ) ) ;
#1169 = CIRCLE ( 'NONE', #428, 6.349999999999999645 ) ;
#1170 = DIRECTION ( 'NONE',  ( -0.000000000000000000, 0.000000000000000000, 1.000000000000000000 ) ) ;
#1171 = CARTESIAN_POINT ( 'NONE',  ( 23.33699999999999974, 6.375313662814288873E-15, 6.349999999999999645 ) ) ;
#1172 = ORIENTED_EDGE ( 'NONE', *, *, #82, .T. ) ;
#1173 = DIRECTION ( 'NONE',  ( 5.463695987328530381E-16, -1.000000000000000000, 0.000000000000000000 ) ) ;
#1174 = VECTOR ( 'NONE', #1237, 1000.000000000000000 ) ;
#1175 = EDGE_CURVE ( 'NONE', #969, #968, #505, .T. ) ;
#1176 = DIRECTION ( 'NONE',  ( 1.000000000000000000, 0.000000000000000000, 0.000000000000000000 ) ) ;
#1177 = VERTEX_POINT ( 'NONE', #164 ) ;
#1178 = FACE_OUTER_BOUND ( 'NONE', #673, .T. ) ;
#1179 = EDGE_CURVE ( 'NONE', #434, #728, #1414, .T. ) ;
#1180 = VECTOR ( 'NONE', #383, 1000.000000000000000 ) ;
#1181 = DIRECTION ( 'NONE',  ( 1.000000000000000000, 1.156482317317873105E-15, 0.000000000000000000 ) ) ;
#1182 = CIRCLE ( 'NONE', #419, 3.000000000000002665 ) ;
#1183 = ORIENTED_EDGE ( 'NONE', *, *, #1188, .F. ) ;
#1184 = ORIENTED_EDGE ( 'NONE', *, *, #1383, .F. ) ;
#1185 = DIRECTION ( 'NONE',  ( 1.000000000000000000, 1.156482317317873303E-15, 1.831045742755018723E-48 ) ) ;
#1186 = DIRECTION ( 'NONE',  ( 0.000000000000000000, 1.000000000000000000, 0.000000000000000000 ) ) ;
#1187 = LINE ( 'NONE', #987, #1246 ) ;
#1188 = EDGE_CURVE ( 'NONE', #1272, #433, #1141, .T. ) ;
#1189 = ORIENTED_EDGE ( 'NONE', *, *, #395, .F. ) ;
#1190 = ORIENTED_EDGE ( 'NONE', *, *, #786, .F. ) ;
#1191 = DIRECTION ( 'NONE',  ( -0.000000000000000000, -0.000000000000000000, -1.000000000000000000 ) ) ;
#1192 = AXIS2_PLACEMENT_3D ( 'NONE', #1307, #890, #552 ) ;
#1193 = CIRCLE ( 'NONE', #757, 6.349999999999997868 ) ;
#1194 = AXIS2_PLACEMENT_3D ( 'NONE', #740, #1170, #189 ) ;
#1195 = EDGE_CURVE ( 'NONE', #448, #680, #20, .T. ) ;
#1196 = DIRECTION ( 'NONE',  ( -0.000000000000000000, -0.000000000000000000, 1.000000000000000000 ) ) ;
#1197 = CARTESIAN_POINT ( 'NONE',  ( 0.000000000000000000, 25.40000000000000568, 6.349999999999999645 ) ) ;
#1198 = VERTEX_POINT ( 'NONE', #461 ) ;
#1199 = ORIENTED_EDGE ( 'NONE', *, *, #1175, .T. ) ;
#1200 = DIRECTION ( 'NONE',  ( 1.000000000000000000, -0.000000000000000000, 0.000000000000000000 ) ) ;
#1201 = DIRECTION ( 'NONE',  ( -1.156482317317873303E-15, 1.000000000000000000, 2.958228394578794270E-31 ) ) ;
#1202 = CARTESIAN_POINT ( 'NONE',  ( 38.94999999999999574, 6.350000000000014744, -25.39999999999999858 ) ) ;
#1203 = DIRECTION ( 'NONE',  ( -1.000000000000000000, -2.731847993664262232E-16, 0.000000000000000000 ) ) ;
#1204 = EDGE_CURVE ( 'NONE', #336, #373, #1372, .T. ) ;
#1205 = ORIENTED_EDGE ( 'NONE', *, *, #311, .T. ) ;
#1206 = DIRECTION ( 'NONE',  ( -3.421138828918015483E-46, 2.958228394578794270E-31, -1.000000000000000000 ) ) ;
#1207 = FACE_OUTER_BOUND ( 'NONE', #63, .T. ) ;
#1208 = FACE_OUTER_BOUND ( 'NONE', #479, .T. ) ;
#1209 = DIRECTION ( 'NONE',  ( 1.000000000000000000, 1.156482317317873105E-15, -0.000000000000000000 ) ) ;
#1210 = EDGE_LOOP ( 'NONE', ( #586, #893, #607, #722 ) ) ;
#1211 = DIRECTION ( 'NONE',  ( 0.000000000000000000, 0.000000000000000000, 1.000000000000000000 ) ) ;
#1212 = ORIENTED_EDGE ( 'NONE', *, *, #1430, .F. ) ;
#1213 = EDGE_CURVE ( 'NONE', #968, #969, #34, .T. ) ;
#1214 = AXIS2_PLACEMENT_3D ( 'NONE', #879, #773, #246 ) ;
#1215 = LINE ( 'NONE', #445, #1061 ) ;
#1216 = DIRECTION ( 'NONE',  ( -1.000000000000000000, 0.000000000000000000, -0.000000000000000000 ) ) ;
#1217 = ORIENTED_EDGE ( 'NONE', *, *, #997, .F. ) ;
#1218 = FACE_OUTER_BOUND ( 'NONE', #723, .T. ) ;
#1219 = ORIENTED_EDGE ( 'NONE', *, *, #1292, .F. ) ;
#1220 = FACE_OUTER_BOUND ( 'NONE', #540, .T. ) ;
#1221 = EDGE_CURVE ( 'NONE', #1291, #1228, #1126, .T. ) ;
#1222 = ADVANCED_FACE ( 'NONE', ( #478 ), #1042, .F. ) ;
#1223 = CARTESIAN_POINT ( 'NONE',  ( 59.21300000000001518, -25.99999999999993250, 50.80000000000000426 ) ) ;
#1224 =( NAMED_UNIT ( * ) SI_UNIT ( $, .STERADIAN. ) SOLID_ANGLE_UNIT ( ) );
#1225 =( LENGTH_UNIT ( ) NAMED_UNIT ( * ) SI_UNIT ( .MILLI., .METRE. ) );
#1226 = ORIENTED_EDGE ( 'NONE', *, *, #706, .T. ) ;
#1227 = DIRECTION ( 'NONE',  ( 1.000000000000000000, 2.731847993664262232E-16, -0.000000000000000000 ) ) ;
#1228 = VERTEX_POINT ( 'NONE', #928 ) ;
#1229 = LINE ( 'NONE', #248, #940 ) ;
#1230 = AXIS2_PLACEMENT_3D ( 'NONE', #837, #1056, #384 ) ;
#1231 = ORIENTED_EDGE ( 'NONE', *, *, #1075, .F. ) ;
#1232 = CARTESIAN_POINT ( 'NONE',  ( 51.95000000000000995, -17.64999999999992752, 50.80000000000000426 ) ) ;
#1233 = EDGE_LOOP ( 'NONE', ( #455, #1011 ) ) ;
#1234 = DIRECTION ( 'NONE',  ( 0.000000000000000000, 0.000000000000000000, -1.000000000000000000 ) ) ;
#1235 = CIRCLE ( 'NONE', #298, 1.650000000000002132 ) ;
#1236 = ORIENTED_EDGE ( 'NONE', *, *, #1105, .T. ) ;
#1237 = DIRECTION ( 'NONE',  ( -3.421138828918015483E-46, 2.958228394578794270E-31, -1.000000000000000000 ) ) ;
#1238 = EDGE_CURVE ( 'NONE', #1093, #434, #898, .T. ) ;
#1239 = VERTEX_POINT ( 'NONE', #711 ) ;
#1240 = VECTOR ( 'NONE', #739, 1000.000000000000000 ) ;
#1241 = DIRECTION ( 'NONE',  ( -3.402828371490466074E-46, 2.958228394578794708E-31, -1.000000000000000000 ) ) ;
#1242 = ADVANCED_FACE ( 'NONE', ( #1006 ), #1345, .T. ) ;
#1243 = CIRCLE ( 'NONE', #621, 1.650000000000002132 ) ;
#1244 = DIRECTION ( 'NONE',  ( -1.000000000000000000, 0.000000000000000000, 0.000000000000000000 ) ) ;
#1245 = VERTEX_POINT ( 'NONE', #1232 ) ;
#1246 = VECTOR ( 'NONE', #1319, 1000.000000000000000 ) ;
#1247 = SURFACE_STYLE_FILL_AREA ( #269 ) ;
#1248 = CIRCLE ( 'NONE', #1041, 6.349999999999999645 ) ;
#1249 = EDGE_LOOP ( 'NONE', ( #665, #503, #165, #450 ) ) ;
#1250 = CARTESIAN_POINT ( 'NONE',  ( 36.95000000000002416, -15.99999999999994493, 51.45000000000000284 ) ) ;
#1251 = VERTEX_POINT ( 'NONE', #1223 ) ;
#1252 = DIRECTION ( 'NONE',  ( 0.000000000000000000, 1.000000000000000000, 0.000000000000000000 ) ) ;
#1253 = CARTESIAN_POINT ( 'NONE',  ( 36.95000000000002416, -14.34999999999994102, 51.45000000000000284 ) ) ;
#1254 = ORIENTED_EDGE ( 'NONE', *, *, #368, .T. ) ;
#1255 = DIRECTION ( 'NONE',  ( 0.000000000000000000, -1.000000000000000000, 0.000000000000000000 ) ) ;
#1256 = LINE ( 'NONE', #1144, #1174 ) ;
#1257 = CLOSED_SHELL ( 'NONE', ( #105, #702, #961, #919, #951, #196, #1222, #669, #853, #839, #2, #897, #791, #179, #306, #420, #1286, #1072, #905, #1087, #1407, #1365, #924, #947, #286, #576, #980, #413, #624, #391, #398, #470, #1316, #661, #513, #54, #444, #1242, #1347, #803, #829, #517, #529 ) ) ;
#1258 = VERTEX_POINT ( 'NONE', #793 ) ;
#1259 = EDGE_CURVE ( 'NONE', #578, #701, #353, .T. ) ;
#1260 = CARTESIAN_POINT ( 'NONE',  ( 38.95000000000000284, 2.850604029644610548E-15, -25.39999999999999858 ) ) ;
#1261 = APPLICATION_CONTEXT ( 'automotive_design' ) ;
#1262 = DIRECTION ( 'NONE',  ( 1.000000000000000000, -0.000000000000000000, 0.000000000000000000 ) ) ;
#1263 = ORIENTED_EDGE ( 'NONE', *, *, #1327, .F. ) ;
#1264 = CARTESIAN_POINT ( 'NONE',  ( 59.21300000000000807, -19.64999999999993108, 50.80000000000000426 ) ) ;
#1265 = ORIENTED_EDGE ( 'NONE', *, *, #806, .T. ) ;
#1266 = EDGE_LOOP ( 'NONE', ( #379, #1073, #635, #1360, #1137, #1158 ) ) ;
#1267 = LINE ( 'NONE', #933, #1161 ) ;
#1268 = EDGE_CURVE ( 'NONE', #627, #1030, #382, .T. ) ;
#1269 = CIRCLE ( 'NONE', #70, 6.349999999999999645 ) ;
#1270 = VECTOR ( 'NONE', #392, 1000.000000000000000 ) ;
#1271 = DIRECTION ( 'NONE',  ( -0.000000000000000000, 0.000000000000000000, 1.000000000000000000 ) ) ;
#1272 = VERTEX_POINT ( 'NONE', #1118 ) ;
#1273 = VECTOR ( 'NONE', #713, 1000.000000000000000 ) ;
#1274 = ORIENTED_EDGE ( 'NONE', *, *, #560, .F. ) ;
#1275 = LINE ( 'NONE', #623, #154 ) ;
#1276 = DIRECTION ( 'NONE',  ( 0.000000000000000000, 0.000000000000000000, -1.000000000000000000 ) ) ;
#1277 = FACE_OUTER_BOUND ( 'NONE', #152, .T. ) ;
#1278 = FACE_OUTER_BOUND ( 'NONE', #884, .T. ) ;
#1279 = DIRECTION ( 'NONE',  ( 1.000000000000000000, 2.731847993664262232E-16, -0.000000000000000000 ) ) ;
#1280 = FACE_OUTER_BOUND ( 'NONE', #1331, .T. ) ;
#1281 = AXIS2_PLACEMENT_3D ( 'NONE', #3, #759, #235 ) ;
#1282 = CARTESIAN_POINT ( 'NONE',  ( 64.35000000000000853, 12.70000000000000817, -19.04999999999999716 ) ) ;
#1283 = CARTESIAN_POINT ( 'NONE',  ( 29.33699999999999619, 12.70000000000000284, 6.349999999999999645 ) ) ;
#1284 = DIRECTION ( 'NONE',  ( 0.000000000000000000, 0.000000000000000000, 1.000000000000000000 ) ) ;
#1285 = DIRECTION ( 'NONE',  ( -1.000000000000000000, -1.156482317317873303E-15, 0.000000000000000000 ) ) ;
#1286 = ADVANCED_FACE ( 'NONE', ( #138 ), #577, .F. ) ;
#1287 = COLOUR_RGB ( '',0.7921568627450980005, 0.8196078431372548767, 0.9333333333333333481 ) ;
#1288 = AXIS2_PLACEMENT_3D ( 'NONE', #821, #703, #584 ) ;
#1289 = CARTESIAN_POINT ( 'NONE',  ( 56.30000000000000426, 25.40000000000000568, 0.000000000000000000 ) ) ;
#1290 = CARTESIAN_POINT ( 'NONE',  ( 36.95000000000002416, -17.64999999999994529, 51.45000000000000284 ) ) ;
#1291 = VERTEX_POINT ( 'NONE', #361 ) ;
#1292 = EDGE_CURVE ( 'NONE', #1030, #627, #1301, .T. ) ;
#1293 = PLANE ( 'NONE',  #891 ) ;
#1294 = AXIS2_PLACEMENT_3D ( 'NONE', #1264, #1044, #366 ) ;
#1295 = CARTESIAN_POINT ( 'NONE',  ( 29.33699999999999619, 12.70000000000000284, 3.349999999999999645 ) ) ;
#1296 = VERTEX_POINT ( 'NONE', #372 ) ;
#1297 = ORIENTED_EDGE ( 'NONE', *, *, #592, .T. ) ;
#1298 = LINE ( 'NONE', #193, #752 ) ;
#1299 = EDGE_CURVE ( 'NONE', #551, #1115, #816, .T. ) ;
#1300 = CARTESIAN_POINT ( 'NONE',  ( 65.56299999999998818, -5.999999999999973355, 50.80000000000000426 ) ) ;
#1301 = CIRCLE ( 'NONE', #1050, 2.999999999999995559 ) ;
#1302 = ORIENTED_EDGE ( 'NONE', *, *, #1315, .T. ) ;
#1303 = EDGE_CURVE ( 'NONE', #472, #1007, #1182, .T. ) ;
#1304 = VERTEX_POINT ( 'NONE', #1147 ) ;
#1305 = CYLINDRICAL_SURFACE ( 'NONE', #543, 6.349999999999999645 ) ;
#1306 = VECTOR ( 'NONE', #1173, 1000.000000000000000 ) ;
#1307 = CARTESIAN_POINT ( 'NONE',  ( 0.000000000000000000, 0.000000000000000000, 3.349999999999999645 ) ) ;
#1308 = DIRECTION ( 'NONE',  ( -3.402828371490466074E-46, 2.958228394578794708E-31, -1.000000000000000000 ) ) ;
#1309 = CARTESIAN_POINT ( 'NONE',  ( 23.33700000000000685, 2.688821387764050996E-14, 12.69999999999999929 ) ) ;
#1310 = ORIENTED_EDGE ( 'NONE', *, *, #204, .F. ) ;
#1311 = ORIENTED_EDGE ( 'NONE', *, *, #1418, .T. ) ;
#1312 = DIRECTION ( 'NONE',  ( 1.000000000000000000, 0.000000000000000000, 0.000000000000000000 ) ) ;
#1313 = VECTOR ( 'NONE', #1162, 1000.000000000000000 ) ;
#1314 = AXIS2_PLACEMENT_3D ( 'NONE', #684, #265, #26 ) ;
#1315 = EDGE_CURVE ( 'NONE', #161, #1272, #1384, .T. ) ;
#1316 = ADVANCED_FACE ( 'NONE', ( #1280 ), #396, .T. ) ;
#1317 = LINE ( 'NONE', #328, #939 ) ;
#1318 = DIRECTION ( 'NONE',  ( 0.000000000000000000, 0.000000000000000000, 1.000000000000000000 ) ) ;
#1319 = DIRECTION ( 'NONE',  ( -0.000000000000000000, -0.000000000000000000, 1.000000000000000000 ) ) ;
#1320 = ORIENTED_EDGE ( 'NONE', *, *, #67, .F. ) ;
#1321 = CARTESIAN_POINT ( 'NONE',  ( 0.000000000000000000, 0.000000000000000000, 6.349999999999999645 ) ) ;
#1322 = DIRECTION ( 'NONE',  ( 1.000000000000000000, 0.000000000000000000, 0.000000000000000000 ) ) ;
#1323 = LINE ( 'NONE', #334, #360 ) ;
#1324 = EDGE_LOOP ( 'NONE', ( #1433, #519 ) ) ;
#1325 = CARTESIAN_POINT ( 'NONE',  ( 0.000000000000000000, -6.349999999999972999, 44.45000000000000284 ) ) ;
#1326 = EDGE_LOOP ( 'NONE', ( #1423, #351, #94, #1310 ) ) ;
#1327 = EDGE_CURVE ( 'NONE', #1177, #907, #1267, .T. ) ;
#1328 = CARTESIAN_POINT ( 'NONE',  ( 38.95000000000000284, 2.850604029644610548E-15, -19.04999999999999716 ) ) ;
#1329 = APPLICATION_PROTOCOL_DEFINITION ( 'draft international standard', 'automotive_design', 1998, #118 ) ;
#1330 = CARTESIAN_POINT ( 'NONE',  ( 29.68699999999999406, 19.05000000000000426, 6.349999999999999645 ) ) ;
#1331 = EDGE_LOOP ( 'NONE', ( #134, #1107, #174, #699 ) ) ;
#1332 = CARTESIAN_POINT ( 'NONE',  ( 49.95000000000000284, 12.70000000000000817, -15.84999999999999254 ) ) ;
#1333 = VERTEX_POINT ( 'NONE', #293 ) ;
#1334 = EDGE_CURVE ( 'NONE', #12, #110, #1275, .T. ) ;
#1335 = PRODUCT_DEFINITION_SHAPE ( 'NONE', 'NONE',  #236 ) ;
#1336 = LINE ( 'NONE', #377, #183 ) ;
#1337 = AXIS2_PLACEMENT_3D ( 'NONE', #1282, #302, #1402 ) ;
#1338 = DIRECTION ( 'NONE',  ( 1.000000000000000000, 1.156482317317873303E-15, 0.000000000000000000 ) ) ;
#1339 = DIRECTION ( 'NONE',  ( 0.000000000000000000, 0.000000000000000000, 1.000000000000000000 ) ) ;
#1340 = LINE ( 'NONE', #215, #771 ) ;
#1341 = VERTEX_POINT ( 'NONE', #280 ) ;
#1342 = DIRECTION ( 'NONE',  ( 0.000000000000000000, -0.000000000000000000, -1.000000000000000000 ) ) ;
#1343 = EDGE_LOOP ( 'NONE', ( #93, #741, #606, #425 ) ) ;
#1344 = LINE ( 'NONE', #490, #615 ) ;
#1345 = CYLINDRICAL_SURFACE ( 'NONE', #98, 6.350000000000001421 ) ;
#1346 = VERTEX_POINT ( 'NONE', #499 ) ;
#1347 = ADVANCED_FACE ( 'NONE', ( #1391 ), #390, .T. ) ;
#1348 = ORIENTED_EDGE ( 'NONE', *, *, #597, .T. ) ;
#1349 = DIRECTION ( 'NONE',  ( 1.000000000000000000, 0.000000000000000000, 0.000000000000000000 ) ) ;
#1350 = ORIENTED_EDGE ( 'NONE', *, *, #79, .F. ) ;
#1351 = EDGE_CURVE ( 'NONE', #336, #284, #612, .T. ) ;
#1352 = FACE_OUTER_BOUND ( 'NONE', #28, .T. ) ;
#1353 = AXIS2_PLACEMENT_3D ( 'NONE', #1154, #171, #60 ) ;
#1354 = CARTESIAN_POINT ( 'NONE',  ( 23.33699999999999619, 19.05000000000000426, 6.349999999999999645 ) ) ;
#1355 = ORIENTED_EDGE ( 'NONE', *, *, #647, .T. ) ;
#1356 =( NAMED_UNIT ( * ) SI_UNIT ( $, .STERADIAN. ) SOLID_ANGLE_UNIT ( ) );
#1357 = VECTOR ( 'NONE', #841, 1000.000000000000000 ) ;
#1358 = ORIENTED_EDGE ( 'NONE', *, *, #157, .F. ) ;
#1359 = CARTESIAN_POINT ( 'NONE',  ( 36.95000000000002416, -14.34999999999994102, 50.80000000000000426 ) ) ;
#1360 = ORIENTED_EDGE ( 'NONE', *, *, #339, .T. ) ;
#1361 = AXIS2_PLACEMENT_3D ( 'NONE', #730, #1191, #526 ) ;
#1362 = DIRECTION ( 'NONE',  ( -0.000000000000000000, 0.000000000000000000, 1.000000000000000000 ) ) ;
#1363 = CARTESIAN_POINT ( 'NONE',  ( 29.33699999999999619, 12.70000000000000284, 3.349999999999999645 ) ) ;
#1364 = ORIENTED_EDGE ( 'NONE', *, *, #592, .F. ) ;
#1365 = ADVANCED_FACE ( 'NONE', ( #68, #287 ), #507, .F. ) ;
#1366 = CARTESIAN_POINT ( 'NONE',  ( 0.000000000000000000, 0.000000000000000000, 50.80000000000000426 ) ) ;
#1367 = AXIS2_PLACEMENT_3D ( 'NONE', #826, #917, #24 ) ;
#1368 = FACE_OUTER_BOUND ( 'NONE', #832, .T. ) ;
#1369 = EDGE_LOOP ( 'NONE', ( #464, #1148, #870, #1145 ) ) ;
#1370 = DIRECTION ( 'NONE',  ( 0.000000000000000000, 0.000000000000000000, -1.000000000000000000 ) ) ;
#1371 = EDGE_CURVE ( 'NONE', #644, #1013, #724, .T. ) ;
#1372 = LINE ( 'NONE', #1134, #59 ) ;
#1373 = ORIENTED_EDGE ( 'NONE', *, *, #1068, .T. ) ;
#1374 = FACE_OUTER_BOUND ( 'NONE', #745, .T. ) ;
#1375 = AXIS2_PLACEMENT_3D ( 'NONE', #74, #65, #184 ) ;
#1376 = ORIENTED_EDGE ( 'NONE', *, *, #1089, .F. ) ;
#1377 = PRODUCT ( 'hinge', 'hinge', '', ( #329 ) ) ;
#1378 = EDGE_LOOP ( 'NONE', ( #1077, #247, #489, #112 ) ) ;
#1379 = CARTESIAN_POINT ( 'NONE',  ( 29.68700000000000472, -19.64999999999996660, -5.916456789157588541E-30 ) ) ;
#1380 = DIRECTION ( 'NONE',  ( -0.000000000000000000, 0.000000000000000000, 1.000000000000000000 ) ) ;
#1381 = ORIENTED_EDGE ( 'NONE', *, *, #729, .F. ) ;
#1382 = CARTESIAN_POINT ( 'NONE',  ( 23.33700000000000685, -19.64999999999996660, 50.80000000000000426 ) ) ;
#1383 = EDGE_CURVE ( 'NONE', #860, #1139, #341, .T. ) ;
#1384 = LINE ( 'NONE', #187, #795 ) ;
#1385 = VECTOR ( 'NONE', #122, 1000.000000000000000 ) ;
#1386 = VECTOR ( 'NONE', #208, 1000.000000000000000 ) ;
#1387 = DIRECTION ( 'NONE',  ( 1.561055996379578735E-16, 0.000000000000000000, 1.000000000000000000 ) ) ;
#1388 = VECTOR ( 'NONE', #518, 1000.000000000000000 ) ;
#1389 = CARTESIAN_POINT ( 'NONE',  ( 29.33699999999999619, 12.70000000000000284, 3.349999999999999645 ) ) ;
#1390 = LINE ( 'NONE', #394, #1357 ) ;
#1391 = FACE_OUTER_BOUND ( 'NONE', #142, .T. ) ;
#1392 = CARTESIAN_POINT ( 'NONE',  ( 59.56299999999999528, 12.70000000000000284, 3.349999999999999645 ) ) ;
#1393 = CARTESIAN_POINT ( 'NONE',  ( 38.95000000000000284, -6.349999999999985434, -19.04034699365893957 ) ) ;
#1394 = CYLINDRICAL_SURFACE ( 'NONE', #104, 6.349999999999994316 ) ;
#1395 = CARTESIAN_POINT ( 'NONE',  ( 36.95000000000002416, -15.99999999999994493, 50.80000000000000426 ) ) ;
#1396 = AXIS2_PLACEMENT_3D ( 'NONE', #36, #915, #1244 ) ;
#1397 = CARTESIAN_POINT ( 'NONE',  ( 59.56299999999999528, 12.70000000000000284, 3.349999999999999645 ) ) ;
#1398 = DIRECTION ( 'NONE',  ( 1.000000000000000000, -0.000000000000000000, 0.000000000000000000 ) ) ;
#1399 = EDGE_LOOP ( 'NONE', ( #1263, #950, #557, #864, #960, #100 ) ) ;
#1400 = DIRECTION ( 'NONE',  ( -1.092739197465705287E-15, 1.000000000000000000, 0.000000000000000000 ) ) ;
#1401 = AXIS2_PLACEMENT_3D ( 'NONE', #1321, #541, #564 ) ;
#1402 = DIRECTION ( 'NONE',  ( 0.000000000000000000, 0.000000000000000000, 1.000000000000000000 ) ) ;
#1403 = CIRCLE ( 'NONE', #207, 1.650000000000005684 ) ;
#1404 = ORIENTED_EDGE ( 'NONE', *, *, #561, .T. ) ;
#1405 = CARTESIAN_POINT ( 'NONE',  ( 59.56299999999999528, 12.70000000000000284, 3.349999999999999645 ) ) ;
#1406 = VECTOR ( 'NONE', #442, 1000.000000000000000 ) ;
#1407 = ADVANCED_FACE ( 'NONE', ( #1111, #1208 ), #97, .F. ) ;
#1408 = CARTESIAN_POINT ( 'NONE',  ( 51.95000000000000995, -15.99999999999992362, 44.45000000000000284 ) ) ;
#1409 = VERTEX_POINT ( 'NONE', #663 ) ;
#1410 = ORIENTED_EDGE ( 'NONE', *, *, #1299, .T. ) ;
#1411 = CYLINDRICAL_SURFACE ( 'NONE', #1361, 1.199999999999999734 ) ;
#1412 = EDGE_CURVE ( 'NONE', #1156, #746, #655, .T. ) ;
#1413 = CARTESIAN_POINT ( 'NONE',  ( 38.95000000000000284, 12.70000000000000817, -19.04999999999999716 ) ) ;
#1414 = CIRCLE ( 'NONE', #866, 6.349999999999999645 ) ;
#1415 = DIRECTION ( 'NONE',  ( -1.000000000000000000, 0.000000000000000000, 0.000000000000000000 ) ) ;
#1416 = VERTEX_POINT ( 'NONE', #778 ) ;
#1417 = ORIENTED_EDGE ( 'NONE', *, *, #775, .T. ) ;
#1418 = EDGE_CURVE ( 'NONE', #448, #12, #221, .T. ) ;
#1419 = CARTESIAN_POINT ( 'NONE',  ( 51.95000000000000995, -14.34999999999992149, 50.80000000000000426 ) ) ;
#1420 = CIRCLE ( 'NONE', #975, 1.650000000000005684 ) ;
#1421 = CARTESIAN_POINT ( 'NONE',  ( 56.30000000000001137, -5.999999999999935163, 0.000000000000000000 ) ) ;
#1422 = DIRECTION ( 'NONE',  ( 5.463695987328530381E-16, -1.000000000000000000, 0.000000000000000000 ) ) ;
#1423 = ORIENTED_EDGE ( 'NONE', *, *, #1157, .F. ) ;
#1424 = VERTEX_POINT ( 'NONE', #108 ) ;
#1425 = DIRECTION ( 'NONE',  ( -0.000000000000000000, 0.000000000000000000, 1.000000000000000000 ) ) ;
#1426 = AXIS2_PLACEMENT_3D ( 'NONE', #998, #9, #662 ) ;
#1427 = AXIS2_PLACEMENT_3D ( 'NONE', #949, #501, #1069 ) ;
#1428 = DIRECTION ( 'NONE',  ( 1.000000000000000000, -0.000000000000000000, 0.000000000000000000 ) ) ;
#1429 = CARTESIAN_POINT ( 'NONE',  ( 58.36299999999999955, 12.70000000000000284, 0.000000000000000000 ) ) ;
#1430 = EDGE_CURVE ( 'NONE', #746, #1109, #446, .T. ) ;
#1431 = EDGE_LOOP ( 'NONE', ( #45, #441, #338, #772 ) ) ;
#1432 = DIRECTION ( 'NONE',  ( -1.156482317317873303E-15, 1.000000000000000000, 2.958228394578794270E-31 ) ) ;
#1433 = ORIENTED_EDGE ( 'NONE', *, *, #424, .T. ) ;
#1434 = CIRCLE ( 'NONE', #822, 1.199999999999999734 ) ;
ENDSEC;
END-ISO-10303-21;
